0	69	21.125
0	383	19.875
0	1480	19.75
0	2236	19.75
0	1361	19.5
0	1566	19.375
0	1567	19.25
0	1606	19.25
0	1383	19.125
0	1611	19.125
0	1710	19.125
0	1577	19
0	1695	19
0	1962	19
0	2229	19
0	1583	18.875
0	1608	18.875
0	1585	18.75
0	1471	18.625
0	1209	18.5
0	2308	18.5
0	2311	18.5
0	1321	18.375
0	1396	18.375
0	1563	18.375
0	1605	18.375
0	2223	18.375
0	2231	18.375
0	2246	18.375
0	401	18.375
0	550	18.375
0	1316	18.25
0	1532	18.25
0	1565	18.25
0	1568	18.25
0	1576	18.25
0	1706	18.25
0	1755	18.25
0	306	18.25
0	516	18.25
0	1129	18.125
0	1327	18.125
0	1546	18.125
0	1586	18.125
0	1628	18.125
0	1743	18.125
0	2276	18.125
0	354	18.125
0	519	18.125
0	1317	18
0	1352	18
0	1640	18
0	1703	18
0	1750	18
0	2255	18
0	583	18
0	1328	17.875
0	1366	17.875
0	1551	17.875
0	1561	17.875
0	1582	17.875
0	1617	17.875
0	1662	17.875
0	416	17.875
0	511	17.875
0	556	17.875
0	70	17.875
0	1145	17.75
0	1201	17.75
0	1430	17.75
0	1531	17.75
0	2307	17.75
0	313	17.75
0	320	17.75
0	341	17.75
0	547	17.75
0	796	17.75
0	1350	17.625
0	1553	17.625
0	1564	17.625
0	1712	17.625
0	1722	17.625
0	1726	17.625
0	1741	17.625
0	2046	17.625
0	2167	17.625
0	2215	17.625
0	334	17.625
0	393	17.625
0	630	17.625
0	1228	17.5
0	1320	17.5
0	1326	17.5
0	1399	17.5
0	1402	17.5
0	1454	17.5
0	1641	17.5
0	1711	17.5
0	1719	17.5
0	1720	17.5
1	987	12.0625
1	838	12
1	1984	11.9375
1	2219	11.9375
1	2268	11.9375
1	2012	11.8125
1	1485	11.625
1	1643	11.625
1	1212	11.5
1	1495	11.4375
1	1644	11.4375
1	2217	11.4375
1	54	11.4375
1	727	11.25
1	2226	11.1875
1	1234	11.125
1	2221	11.0625
1	992	11
1	1233	10.9375
1	2311	10.875
1	1669	10.8125
1	1638	10.75
1	159	10.6875
1	1726	10.625
1	536	10.5625
1	1410	10.5
1	1685	10.5
1	246	10.4375
1	653	10.4375
1	698	10.4375
1	1220	10.375
1	2000	10.375
1	1111	10.3125
1	1675	10.3125
1	1088	10.25
1	2187	10.25
1	638	10.25
1	978	10.25
1	1752	10.1875
1	2280	10.1875
1	2087	10.125
1	796	10.125
1	1042	10.0625
1	1487	10.0625
1	1635	10.0625
1	977	10.0625
1	1039	10
1	1228	10
1	1451	10
1	1600	10
1	194	10
1	511	10
1	642	10
1	976	10
1	2259	9.9375
1	337	9.9375
1	2050	9.875
1	2212	9.875
1	1429	9.8125
1	1549	9.8125
1	2086	9.8125
1	2096	9.8125
1	1490	9.75
1	1680	9.75
1	1716	9.75
1	225	9.75
1	416	9.75
1	1270	9.6875
1	1406	9.6875
1	1476	9.6875
1	1707	9.6875
1	1972	9.6875
1	2258	9.6875
1	2276	9.6875
1	480	9.6875
1	544	9.6875
1	709	9.6875
1	986	9.6875
1	1258	9.625
1	1419	9.625
1	1492	9.625
1	1743	9.625
1	1971	9.625
1	2266	9.625
1	393	9.625
1	1633	9.5625
1	1636	9.5625
1	1665	9.5625
1	1808	9.5625
1	822	9.5625
1	131	9.5
1	1478	9.5
1	1618	9.5
1	1634	9.5
1	1821	9.5
1	2082	9.5
1	2305	9.5
1	274	9.5
1	512	9.5
1	947	9.5
2	1127	26.125
2	154	24
2	158	23.875
2	1125	23.25
2	143	22.75
2	1159	22.375
2	955	22.125
2	956	22.125
2	963	22
2	139	21.875
2	686	21.875
2	1143	21.75
2	1208	21.75
2	718	21.75
2	159	21.625
2	950	21.625
2	123	21.375
2	962	21.375
2	134	21.25
2	954	21.25
2	964	21.25
2	149	21.125
2	957	21
2	1168	20.875
2	142	20.875
2	150	20.875
2	161	20.875
2	1134	20.75
2	1135	20.75
2	709	20.75
2	967	20.75
2	1174	20.625
2	128	20.625
2	141	20.625
2	156	20.625
2	719	20.625
2	932	20.625
2	1149	20.5
2	1166	20.5
2	965	20.5
2	1131	20.375
2	1132	20.375
2	1144	20.375
2	118	20.375
2	130	20.375
2	1949	20.375
2	928	20.375
2	937	20.375
2	119	20.25
2	160	20.25
2	935	20.25
2	971	20.25
2	972	20.25
2	1161	20.125
2	1164	20.125
2	1173	20.125
2	146	20.125
2	696	20.125
2	1158	20
2	728	20
2	939	20
2	945	20
2	953	20
2	114	19.875
2	691	19.875
2	927	19.875
2	1236	19.75
2	145	19.75
2	1148	19.625
2	1175	19.625
2	124	19.625
2	127	19.625
2	131	19.625
2	151	19.625
2	969	19.625
2	1207	19.5
2	165	19.5
2	958	19.5
2	961	19.5
2	973	19.5
2	1162	19.375
2	938	19.375
2	166	19.25
2	1950	19.25
2	692	19.25
2	941	19.25
2	1151	19.125
2	1160	19.125
2	1292	19.125
2	699	19.125
2	700	19.125
2	113	19
2	1167	19
2	138	19
2	152	19
2	157	19
2	704	19
2	1146	18.875
2	1170	18.875
2	715	18.875
3	1861	20.25
3	1870	19.875
3	1873	19.625
3	1872	19.25
3	1908	19.25
3	1865	18.875
3	1874	18.875
3	1910	18.75
3	17	18.5
3	1888	18.5
3	1864	18.25
3	1868	18
3	1909	17.875
3	1866	17.75
3	1869	17.75
3	805	17.75
3	1187	17.625
3	1856	17.625
3	1877	17.5
3	814	17.5
3	929	17.5
3	121	17.375
3	515	17.375
3	1253	17.25
3	1867	17.25
3	2209	17.25
3	1116	17.125
3	1876	17.125
3	1942	17.125
3	2003	17.125
3	233	17.125
3	336	17.125
3	598	17.125
3	751	17.125
3	1859	17
3	1875	17
3	1907	17
3	806	17
3	1241	16.875
3	1273	16.875
3	173	16.875
3	175	16.875
3	2004	16.875
3	50	16.875
3	527	16.875
3	796	16.875
3	1858	16.75
3	1879	16.75
3	1905	16.75
3	1991	16.75
3	2089	16.75
3	744	16.75
3	1035	16.625
3	1052	16.625
3	1097	16.625
3	1103	16.625
3	1860	16.625
3	2065	16.625
3	2174	16.625
3	2179	16.625
3	51	16.625
3	1013	16.5
3	1047	16.5
3	1180	16.5
3	1185	16.5
3	1186	16.5
3	138	16.5
3	1784	16.5
3	1785	16.5
3	1897	16.5
3	1933	16.5
3	2195	16.5
3	539	16.5
3	730	16.5
3	731	16.5
3	750	16.5
3	752	16.5
3	795	16.5
3	1184	16.375
3	1188	16.375
3	1190	16.375
3	1903	16.375
3	1932	16.375
3	1941	16.375
3	243	16.375
3	523	16.375
3	547	16.375
3	836	16.375
3	983	16.375
3	1077	16.25
3	1108	16.25
3	1122	16.25
3	1198	16.25
3	1219	16.25
3	2052	16.25
3	2085	16.25
3	2098	16.25
3	2306	16.25
3	382	16.25
3	44	16.25
4	337	22
4	336	21.375
4	333	21
4	521	20.75
4	344	20.25
4	335	20.125
4	549	20.125
4	550	20.125
4	547	20
4	338	19.875
4	545	19.875
4	555	19.75
4	331	19.625
4	546	19.625
4	558	19.625
4	576	19.625
4	341	19.5
4	420	19.5
4	502	19.5
4	577	19.5
4	560	19.375
4	598	19.375
4	708	19.375
4	548	19.25
4	552	19.25
4	553	19.125
4	554	19.125
4	574	19.125
4	578	19.125
4	492	19
4	522	19
4	556	19
4	559	19
4	390	18.875
4	498	18.875
4	566	18.875
4	570	18.875
4	579	18.875
4	383	18.625
4	427	18.625
4	557	18.625
4	567	18.625
4	569	18.625
4	516	18.5
4	565	18.5
4	572	18.5
4	350	18.375
4	354	18.375
4	435	18.375
4	586	18.375
4	382	18.25
4	580	18.25
4	345	18.125
4	347	18.125
4	428	18.125
4	527	18.125
4	539	18.125
4	543	18.125
4	564	18.125
4	582	18
4	334	17.875
4	342	17.875
4	393	17.875
4	544	17.875
4	585	17.875
4	1525	17.75
4	2090	17.75
4	351	17.75
4	517	17.75
4	563	17.75
4	575	17.75
4	581	17.75
4	640	17.75
4	525	17.625
4	668	17.625
4	2007	17.5
4	363	17.5
4	394	17.5
4	425	17.5
4	632	17.5
4	2004	17.375
4	349	17.375
4	361	17.375
4	430	17.375
4	510	17.375
4	568	17.375
4	592	17.375
4	611	17.375
4	615	17.375
4	654	17.375
4	834	17.375
4	1526	17.25
4	2087	17.25
4	610	17.25
4	649	17.25
4	1180	17.125
4	1980	17.125
4	365	17.125
4	392	17.125
4	449	17.125
5	1845	14.125
5	1830	14.0625
5	1849	13
5	1820	12.9375
5	1837	12.9375
5	1791	12.875
5	1818	12.6875
5	155	12.5
5	228	12.0625
5	1840	12
5	2165	12
5	1827	11.875
5	2237	11.875
5	2253	11.8125
5	1758	11.75
5	1810	11.75
5	1833	11.75
5	672	11.75
5	1843	11.6875
5	2238	11.6875
5	1819	11.625
5	1816	11.5625
5	75	11.5625
5	2223	11.5
5	715	11.5
5	2148	11.4375
5	2157	11.4375
5	1233	11.375
5	1790	11.375
5	1800	11.375
5	1809	11.375
5	1826	11.375
5	1836	11.375
5	1929	11.375
5	914	11.375
5	998	11.375
5	1017	11.3125
5	1225	11.3125
5	1294	11.3125
5	1012	11.25
5	175	11.25
5	744	11.25
5	1844	11.1875
5	789	11.1875
5	944	11.1875
5	1108	11.125
5	116	11.125
5	1175	11.125
5	1759	11.125
5	2160	11.125
5	2227	11.125
5	2308	11.125
5	1015	11.0625
5	1214	11.0625
5	1799	11.0625
5	2084	11.0625
5	2250	11.0625
5	1226	11
5	1327	11
5	1797	11
5	2255	11
5	1006	10.9375
5	1158	10.9375
5	1188	10.9375
5	1303	10.9375
5	1786	10.9375
5	1831	10.9375
5	1841	10.9375
5	2202	10.9375
5	1780	10.875
5	1789	10.875
5	1814	10.875
5	1824	10.875
5	1839	10.875
5	1930	10.875
5	1965	10.875
5	2156	10.875
5	2231	10.875
5	795	10.875
5	805	10.875
5	1087	10.8125
5	1134	10.8125
5	1151	10.8125
5	150	10.8125
5	1709	10.8125
5	1710	10.8125
5	1768	10.8125
5	1772	10.8125
5	1838	10.8125
5	1963	10.8125
5	2186	10.8125
5	679	10.8125
5	1817	10.75
5	1835	10.75
5	1993	10.75
5	2138	10.75
5	2167	10.75
5	2168	10.75
5	695	10.75
5	973	10.75
6	2004	23.875
6	2015	23.375
6	826	23.375
6	63	23.25
6	1974	23.125
6	2007	22.875
6	1997	22.625
6	1984	22.375
6	832	22.375
6	1184	22.25
6	1977	22.25
6	2200	22.25
6	2000	22.125
6	978	22.125
6	1967	22
6	1979	22
6	829	22
6	2199	21.875
6	835	21.875
6	1046	21.75
6	1067	21.75
6	2061	21.75
6	995	21.75
6	54	21.625
6	548	21.625
6	715	21.625
6	1059	21.5
6	1998	21.5
6	2098	21.5
6	233	21.5
6	824	21.5
6	838	21.5
6	979	21.5
6	982	21.5
6	996	21.5
6	1094	21.375
6	1172	21.375
6	1180	21.375
6	1187	21.375
6	544	21.375
6	62	21.375
6	834	21.375
6	1221	21.25
6	1959	21.25
6	2050	21.25
6	994	21.25
6	1093	21.125
6	1240	21.125
6	2087	21.125
6	721	21.125
6	821	21.125
6	987	21.125
6	1867	21
6	1983	21
6	2066	21
6	823	21
6	1047	20.875
6	2005	20.875
6	2012	20.875
6	2089	20.875
6	822	20.875
6	984	20.875
6	1981	20.75
6	2001	20.75
6	552	20.75
6	703	20.75
6	1061	20.625
6	1207	20.625
6	1972	20.625
6	50	20.625
6	828	20.625
6	836	20.625
6	1659	20.5
6	2002	20.5
6	2075	20.5
6	2082	20.5
6	2085	20.5
6	2192	20.5
6	712	20.5
6	729	20.5
6	837	20.5
6	983	20.5
6	1341	20.375
6	1753	20.375
6	2003	20.375
6	336	20.375
6	416	20.375
6	43	20.375
6	515	20.375
6	993	20.375
6	1013	20.25
6	1069	20.25
6	1082	20.25
6	1092	20.25
6	1508	20.25
6	1652	20.25
6	1706	20.25
6	1975	20.25
6	2067	20.25
6	2090	20.25
7	1607	18.625
7	1423	18.25
7	1549	18.25
7	1484	18.125
7	1422	17.75
7	1424	17.75
7	1425	17.625
7	1427	17.625
7	1307	17.5
7	1419	17.5
7	1552	17.5
7	1558	17.5
7	1602	17.5
7	1412	17.375
7	1454	17.25
7	1410	17
7	1426	16.875
7	1609	16.875
7	562	16.875
7	1406	16.75
7	1608	16.75
7	1679	16.75
7	1432	16.625
7	1584	16.625
7	1587	16.625
7	1455	16.5
7	1605	16.5
7	1669	16.5
7	320	16.5
7	1598	16.375
7	409	16.375
7	1318	16.25
7	1417	16.25
7	1555	16.25
7	1621	16.25
7	1397	16.125
7	1554	16.125
7	1585	16.125
7	1595	16.125
7	1631	16.125
7	1378	16
7	1413	16
7	1562	16
7	1691	16
7	1341	15.9375
7	1404	15.9375
7	1472	15.9375
7	1618	15.9375
7	328	15.9375
7	1491	15.875
7	1497	15.875
7	1553	15.875
7	1568	15.875
7	1597	15.875
7	1599	15.875
7	1665	15.875
7	1675	15.875
7	602	15.875
7	1340	15.8125
7	1486	15.8125
7	1222	15.75
7	1326	15.75
7	1612	15.75
7	1705	15.75
7	1407	15.6875
7	1430	15.6875
7	1473	15.6875
7	1492	15.6875
7	304	15.6875
7	1347	15.625
7	1514	15.625
7	1619	15.625
7	1418	15.5625
7	1445	15.5625
7	1540	15.5625
7	410	15.5625
7	505	15.5625
7	541	15.5625
7	1589	15.5
7	1613	15.5
7	1615	15.5
7	1642	15.5
7	314	15.5
7	1435	15.4375
7	1548	15.4375
7	1610	15.4375
7	1383	15.375
7	1644	15.375
7	1713	15.375
7	334	15.375
7	441	15.375
7	1328	15.3125
7	1363	15.3125
7	1365	15.3125
7	1512	15.3125
7	1561	15.3125
7	1689	15.3125
7	326	15.3125
7	514	15.3125
7	1434	15.25
8	983	23.625
8	837	23.375
8	1082	23.25
8	2059	23.25
8	2181	23.25
8	1184	23.125
8	1185	23.125
8	2069	23.125
8	1094	22.875
8	2197	22.875
8	59	22.75
8	88	22.75
8	1053	22.625
8	1098	22.625
8	1979	22.625
8	40	22.625
8	829	22.625
8	978	22.625
8	1067	22.5
8	1180	22.5
8	1220	22.5
8	2015	22.5
8	2061	22.5
8	54	22.5
8	827	22.5
8	828	22.5
8	838	22.5
8	1046	22.375
8	1982	22.375
8	1984	22.375
8	2000	22.375
8	2096	22.375
8	2097	22.375
8	2192	22.375
8	2199	22.375
8	2200	22.375
8	995	22.375
8	2007	22.25
8	2079	22.25
8	2103	22.25
8	835	22.25
8	980	22.25
8	987	22.25
8	1073	22.125
8	1092	22.125
8	1973	22.125
8	2012	22.125
8	2074	22.125
8	2198	22.125
8	62	22.125
8	63	22.125
8	1014	22
8	1042	22
8	2098	22
8	2174	22
8	820	22
8	985	22
8	1013	21.875
8	1187	21.875
8	1975	21.875
8	1976	21.875
8	1998	21.875
8	2050	21.875
8	31	21.875
8	43	21.875
8	56	21.875
8	817	21.875
8	825	21.875
8	982	21.875
8	994	21.875
8	1047	21.75
8	1086	21.75
8	1221	21.75
8	1971	21.75
8	1972	21.75
8	2004	21.75
8	2011	21.75
8	2019	21.75
8	2196	21.75
8	824	21.75
8	832	21.75
8	996	21.75
8	1	21.625
8	1045	21.625
8	1938	21.625
8	1997	21.625
8	2073	21.625
8	231	21.625
8	233	21.625
8	822	21.625
8	826	21.625
8	833	21.625
8	836	21.625
8	1937	21.5
8	1974	21.5
8	1978	21.5
8	1981	21.5
8	1995	21.5
8	2002	21.5
8	2173	21.5
9	759	18.75
9	736	17.625
9	806	17.5
9	767	17.375
9	802	17.375
9	740	17.25
9	1934	17.125
9	1946	17.125
9	738	17.125
9	816	17.125
9	747	16.875
9	773	16.875
9	735	16.625
9	2137	16.5
9	744	16.5
9	771	16.5
9	226	16.375
9	758	16.375
9	765	16.375
9	769	16.375
9	1198	16.25
9	1776	16.25
9	791	16.25
9	1329	16.125
9	1707	16.125
9	1775	16.125
9	766	16.125
9	796	16.125
9	1605	16
9	1735	16
9	2001	16
9	795	16
9	808	16
9	1183	15.9375
9	1782	15.9375
9	756	15.9375
9	810	15.9375
9	1608	15.875
9	1751	15.875
9	2248	15.875
9	1495	15.8125
9	233	15.8125
9	678	15.8125
9	814	15.8125
9	1613	15.75
9	1719	15.75
9	1941	15.75
9	1981	15.75
9	761	15.75
9	1651	15.6875
9	1688	15.6875
9	1977	15.6875
9	768	15.6875
9	805	15.6875
9	1210	15.625
9	1424	15.625
9	1662	15.625
9	1717	15.625
9	1913	15.625
9	2192	15.625
9	832	15.625
9	836	15.625
9	1373	15.5625
9	1675	15.5625
9	18	15.5625
9	757	15.5625
9	780	15.5625
9	1340	15.5
9	1610	15.5
9	1681	15.5
9	1720	15.5
9	2266	15.5
9	741	15.5
9	770	15.5
9	1316	15.4375
9	1561	15.4375
9	1677	15.4375
9	1727	15.4375
9	1743	15.4375
9	2146	15.4375
9	525	15.4375
9	677	15.4375
9	776	15.4375
9	1716	15.375
9	1724	15.375
9	1903	15.375
9	2086	15.375
9	1088	15.3125
9	1480	15.3125
9	1611	15.3125
9	1618	15.3125
9	1640	15.3125
9	1710	15.3125
9	1713	15.3125
9	1933	15.3125
9	2120	15.3125
9	2187	15.3125
9	2194	15.3125
9	2209	15.3125
9	62	15.3125
10	2046	21
10	2045	19.875
10	2025	19.75
10	2047	19.125
10	383	18.625
10	2038	18
10	2039	18
10	1209	17.875
10	2037	17.875
10	2034	17.75
10	2035	17.625
10	2044	17.625
10	2203	17.5
10	2207	17.5
10	2293	17.5
10	420	17.5
10	2040	17.375
10	2301	17.375
10	342	17.375
10	354	17
10	547	17
10	905	17
10	2036	16.875
10	2132	16.875
10	334	16.875
10	335	16.75
10	1000	16.625
10	1206	16.625
10	1582	16.625
10	2112	16.625
10	2292	16.625
10	336	16.625
10	337	16.625
10	386	16.625
10	805	16.625
10	1578	16.5
10	345	16.5
10	802	16.5
10	1734	16.375
10	1762	16.375
10	2027	16.375
10	2213	16.375
10	2290	16.375
10	358	16.375
10	1611	16.25
10	1965	16.25
10	2151	16.25
10	315	16.25
10	353	16.25
10	423	16.25
10	539	16.25
10	1013	16.125
10	170	16.125
10	1761	16.125
10	2030	16.125
10	2113	16.125
10	215	16.125
10	2202	16.125
10	382	16.125
10	516	16.125
10	93	16.125
10	1325	16
10	1480	16
10	1607	16
10	2029	16
10	2215	16
10	2247	16
10	2306	16
10	673	16
10	77	16
10	2206	15.9375
10	341	15.9375
10	344	15.9375
10	631	15.9375
10	1001	15.875
10	1129	15.875
10	1532	15.875
10	1576	15.875
10	2169	15.875
10	2236	15.875
10	765	15.875
10	1359	15.8125
10	1961	15.8125
10	1962	15.8125
10	2285	15.8125
10	1183	15.75
10	1777	15.75
10	2150	15.75
10	2302	15.75
10	385	15.75
10	519	15.75
10	578	15.75
10	586	15.75
10	333	15.6875
10	566	15.6875
10	1015	15.625
10	155	15.625
10	1565	15.625
10	1567	15.625
10	1759	15.625
11	1210	22.375
11	2248	22.375
11	1013	22.25
11	2242	22.125
11	2236	21.625
11	1014	21.375
11	1784	21.375
11	2255	21.375
11	1198	20.75
11	2251	20.75
11	2089	20.625
11	2229	20.625
11	2240	20.625
11	1225	20.5
11	1609	20.375
11	1337	20.25
11	174	20.125
11	2090	20.125
11	2246	20.125
11	516	20
11	1778	19.875
11	2230	19.875
11	1178	19.75
11	1209	19.75
11	1402	19.75
11	2151	19.75
11	2231	19.75
11	2244	19.75
11	383	19.75
11	416	19.75
11	512	19.75
11	514	19.75
11	515	19.75
11	1003	19.625
11	2153	19.625
11	730	19.625
11	1527	19.5
11	1942	19.5
11	2228	19.5
11	1480	19.375
11	1764	19.375
11	187	19.375
11	513	19.375
11	1205	19.25
11	1651	19.25
11	2219	19.25
11	317	19.25
11	929	19.25
11	1219	19.125
11	1662	19.125
11	306	19.125
11	511	19.125
11	1611	19
11	1746	19
11	1955	19
11	2087	19
11	2237	19
11	2254	19
11	336	19
11	2047	18.875
11	2128	18.875
11	2209	18.875
11	539	18.875
11	655	18.875
11	1010	18.75
11	1382	18.75
11	1670	18.75
11	1785	18.75
11	2136	18.75
11	2150	18.75
11	2253	18.75
11	598	18.75
11	767	18.75
11	1180	18.625
11	1226	18.625
11	1253	18.625
11	1393	18.625
11	1400	18.625
11	1403	18.625
11	1526	18.625
11	1565	18.625
11	1610	18.625
11	2252	18.625
11	425	18.625
11	5	18.625
11	805	18.625
11	1000	18.5
11	1595	18.5
11	1640	18.5
11	1709	18.5
11	1756	18.5
11	1934	18.5
11	1946	18.5
11	2183	18.5
11	2309	18.5
11	289	18.5
11	765	18.5
11	802	18.5
11	836	18.5
11	913	18.5
12	1937	24.375
12	1986	24.25
12	990	24.125
12	2017	24
12	840	24
12	231	23
12	2093	21.875
12	2059	21.75
12	2069	21.75
12	56	21.5
12	48	21.375
12	1086	21.25
12	2196	21.25
12	45	20.5
12	2074	20.25
12	2079	20.25
12	1991	20.125
12	2019	20.125
12	843	20
12	88	20
12	1990	19.875
12	43	19.75
12	2010	19.5
12	846	19.5
12	1073	19.125
12	1220	19.125
12	1992	19.125
12	1378	19
12	1526	19
12	1075	18.75
12	1042	18.625
12	2195	18.625
12	1013	18.5
12	1097	18.5
12	2050	18.5
12	1081	18.375
12	1562	18.375
12	2194	18.375
12	1099	18.25
12	2007	18.25
12	2016	18.25
12	833	18.25
12	1064	18.125
12	1331	18.125
12	541	18.125
12	89	18.125
12	1312	18
12	1514	18
12	1669	18
12	2018	18
12	50	18
12	68	18
12	836	18
12	991	18
12	1399	17.875
12	1430	17.875
12	1440	17.875
12	1981	17.875
12	1987	17.875
12	40	17.875
12	58	17.875
12	821	17.875
12	842	17.875
12	1558	17.75
12	1999	17.75
12	34	17.75
12	345	17.75
12	349	17.75
12	353	17.75
12	37	17.75
12	984	17.75
12	1093	17.625
12	1325	17.625
12	1337	17.625
12	1540	17.625
12	1647	17.625
12	1703	17.625
12	1983	17.625
12	1984	17.625
12	2004	17.625
12	336	17.625
12	835	17.625
12	838	17.625
12	1180	17.5
12	1343	17.5
12	1366	17.5
12	1665	17.5
12	1682	17.5
12	1972	17.5
12	2174	17.5
12	2181	17.5
12	233	17.5
12	1082	17.375
12	1326	17.375
12	1474	17.375
12	1554	17.375
12	1675	17.375
12	1760	17.375
12	1948	17.375
12	2073	17.375
13	141	16.625
13	577	16.375
13	1148	16.25
13	546	16.25
13	704	16.125
13	941	16.125
13	2090	16
13	545	16
13	543	15.9375
13	725	15.9375
13	1164	15.875
13	703	15.875
13	334	15.8125
13	722	15.8125
13	579	15.75
13	731	15.75
13	516	15.6875
13	548	15.6875
13	1207	15.625
13	1775	15.625
13	345	15.4375
13	554	15.4375
13	938	15.4375
13	1010	15.375
13	344	15.375
13	913	15.375
13	336	15.3125
13	549	15.3125
13	598	15.3125
13	708	15.3125
13	1174	15.25
13	547	15.25
13	1954	15.1875
13	2004	15.1875
13	100	15.125
13	1393	15.125
13	2087	15.125
13	382	15.125
13	383	15.125
13	700	15.125
13	714	15.125
13	1153	15.0625
13	427	15.0625
13	558	15.0625
13	560	15.0625
13	632	15.0625
13	1135	15
13	1480	15
13	1958	15
13	556	15
13	559	15
13	574	15
13	709	15
13	724	15
13	2252	14.9375
13	335	14.9375
13	338	14.9375
13	578	14.9375
13	710	14.9375
13	1180	14.875
13	1527	14.875
13	541	14.875
13	555	14.875
13	576	14.875
13	834	14.875
13	512	14.8125
13	539	14.8125
13	544	14.8125
13	552	14.8125
13	586	14.8125
13	738	14.8125
13	939	14.8125
13	570	14.75
13	572	14.75
13	580	14.75
13	2153	14.6875
13	337	14.6875
13	550	14.6875
13	1013	14.625
13	1150	14.625
13	1198	14.625
13	1495	14.625
13	2007	14.625
13	705	14.625
13	835	14.625
13	1683	14.5625
13	1764	14.5625
13	1934	14.5625
13	1953	14.5625
13	2006	14.5625
13	416	14.5625
13	515	14.5625
13	538	14.5625
13	729	14.5625
13	816	14.5625
13	925	14.5625
13	1112	14.5
13	1160	14.5
13	1168	14.5
13	1170	14.5
14	574	17.5
14	549	17.25
14	1165	17.125
14	715	17.125
14	723	17.125
14	2245	17
14	543	17
14	547	17
14	552	16.875
14	577	16.875
14	544	16.75
14	578	16.75
14	632	16.75
14	580	16.625
14	1954	16.375
14	335	16.375
14	337	16.375
14	545	16.375
14	546	16.375
14	558	16.375
14	565	16.375
14	334	16.25
14	442	16.25
14	556	16.25
14	579	16.25
14	586	16.25
14	510	16.125
14	567	16.125
14	582	16.125
14	710	16.125
14	917	16.125
14	563	16
14	700	16
14	2248	15.9375
14	420	15.9375
14	559	15.9375
14	560	15.9375
14	1172	15.875
14	1873	15.875
14	336	15.875
14	554	15.875
14	714	15.875
14	1958	15.8125
14	570	15.8125
14	1148	15.6875
14	1738	15.6875
14	338	15.6875
14	134	15.625
14	1653	15.625
14	569	15.625
14	394	15.5625
14	72	15.5625
14	1170	15.5
14	1955	15.5
14	2258	15.5
14	576	15.5
14	1217	15.4375
14	425	15.4375
14	572	15.375
14	583	15.375
14	639	15.375
14	1902	15.3125
14	345	15.3125
14	553	15.3125
14	571	15.3125
14	592	15.3125
14	81	15.3125
14	1168	15.25
14	414	15.25
14	526	15.25
14	566	15.25
14	598	15.25
14	1150	15.1875
14	1389	15.1875
14	443	15.1875
14	550	15.1875
14	585	15.1875
14	712	15.1875
14	1670	15.125
14	323	15.125
14	703	15.125
14	722	15.125
14	80	15.125
14	1154	15.0625
14	1634	15.0625
14	1687	15.0625
14	627	15.0625
14	637	15.0625
14	705	15.0625
14	721	15.0625
14	724	15.0625
14	796	15.0625
14	1464	15
14	1678	15
14	939	15
14	1112	14.9375
14	1126	14.9375
14	1174	14.9375
14	157	14.9375
14	1654	14.9375
15	1835	16.625
15	523	15.9375
15	800	15.875
15	1512	15.75
15	1547	15.6875
15	330	15.6875
15	1666	15.5625
15	1837	15.4375
15	1474	15.375
15	219	15.375
15	793	15.3125
15	444	15.25
15	542	15.25
15	1309	15.125
15	2150	15.125
15	431	15.125
15	1237	15.0625
15	1308	15.0625
15	1562	15.0625
15	1851	15.0625
15	2151	15.0625
15	1643	15
15	336	15
15	533	15
15	1517	14.9375
15	1665	14.9375
15	1551	14.875
15	1853	14.875
15	550	14.875
15	1142	14.8125
15	1381	14.8125
15	2074	14.8125
15	637	14.8125
15	1151	14.75
15	1190	14.75
15	1407	14.75
15	1412	14.75
15	468	14.75
15	1153	14.6875
15	1478	14.6875
15	1632	14.6875
15	297	14.6875
15	1513	14.625
15	1920	14.625
15	552	14.625
15	1265	14.5625
15	1328	14.5625
15	1472	14.5625
15	1719	14.5625
15	1939	14.5625
15	1944	14.5625
15	1992	14.5625
15	240	14.5625
15	350	14.5625
15	443	14.5625
15	822	14.5625
15	1924	14.5
15	1943	14.5
15	234	14.5
15	301	14.5
15	370	14.5
15	557	14.5
15	638	14.5
15	127	14.4375
15	1396	14.4375
15	1424	14.4375
15	1668	14.4375
15	1744	14.4375
15	1931	14.4375
15	2194	14.4375
15	1271	14.375
15	1427	14.375
15	1642	14.375
15	1742	14.375
15	1904	14.375
15	1972	14.375
15	1991	14.375
15	416	14.375
15	515	14.375
15	538	14.375
15	956	14.375
15	1075	14.3125
15	1086	14.3125
15	1330	14.3125
15	1430	14.3125
15	1675	14.3125
15	209	14.3125
15	2196	14.3125
15	3	14.3125
15	1363	14.25
15	139	14.25
15	1418	14.25
15	1455	14.25
15	1484	14.25
15	1558	14.25
15	2008	14.25
15	379	14.25
15	426	14.25
15	516	14.25
15	654	14.25
16	1934	32
16	1775	28
16	1941	27.75
16	1942	27.75
16	1010	27.5
16	1198	27
16	2007	26.875
16	207	26.75
16	72	26.75
16	1120	26.375
16	1117	26
16	2223	26
16	17	25.75
16	1918	25.75
16	1954	25.75
16	561	25.75
16	1166	25.625
16	515	25.625
16	707	25.625
16	1234	25.5
16	1776	25.5
16	1248	25.375
16	1210	25.25
16	1933	25.25
16	2163	25.25
16	69	25.25
16	701	25.25
16	1836	25.125
16	216	25.125
16	2266	25.125
16	982	25.125
16	1337	25
16	179	25
16	198	25
16	272	25
16	338	25
16	525	25
16	67	25
16	835	25
16	155	24.875
16	2086	24.875
16	2246	24.875
16	548	24.875
16	552	24.875
16	639	24.875
16	938	24.875
16	1181	24.75
16	1185	24.75
16	1653	24.75
16	1840	24.75
16	2087	24.75
16	2132	24.75
16	2150	24.75
16	217	24.75
16	2203	24.75
16	345	24.75
16	526	24.75
16	530	24.75
16	535	24.75
16	537	24.75
16	836	24.75
16	837	24.75
16	96	24.75
16	1119	24.625
16	1976	24.625
16	1981	24.625
16	2037	24.625
16	2046	24.625
16	557	24.625
16	574	24.625
16	724	24.625
16	75	24.625
16	826	24.625
16	882	24.625
16	99	24.625
16	1030	24.5
16	1187	24.5
16	1195	24.5
16	1205	24.5
16	1209	24.5
16	1843	24.5
16	2001	24.5
16	2248	24.5
16	245	24.5
16	533	24.5
16	109	24.375
16	1114	24.375
16	114	24.375
16	1148	24.375
16	1648	24.375
16	169	24.375
16	1881	24.375
16	1913	24.375
16	1953	24.375
16	1974	24.375
16	2090	24.375
16	2269	24.375
16	2277	24.375
16	494	24.375
16	620	24.375
17	750	23.625
17	1905	22.875
17	751	21.75
17	745	21.625
17	742	21
17	752	20.875
17	749	20.625
17	746	20
17	805	20
17	19	19.875
17	201	19.875
17	795	19.625
17	1241	19.5
17	762	19.5
17	807	19.5
17	796	19.25
17	1014	19
17	1077	19
17	2052	19
17	267	19
17	257	18.875
17	1207	18.75
17	1864	18.75
17	1865	18.625
17	2090	18.625
17	259	18.625
17	744	18.625
17	754	18.625
17	1870	18.5
17	938	18.5
17	121	18.375
17	37	18.375
17	730	18.375
17	761	18.375
17	814	18.375
17	2048	18.25
17	737	18.25
17	748	18.25
17	929	18.25
17	1076	18.125
17	1126	18.125
17	1175	18.125
17	2028	18.125
17	2043	18.125
17	2051	18.125
17	247	18.125
17	741	18.125
17	1168	18
17	1237	18
17	1876	18
17	1910	18
17	269	18
17	729	18
17	924	18
17	1180	17.875
17	188	17.875
17	2075	17.875
17	2269	17.875
17	681	17.875
17	740	17.875
17	76	17.875
17	1198	17.75
17	1219	17.75
17	1761	17.75
17	1874	17.75
17	2246	17.75
17	245	17.75
17	44	17.75
17	62	17.75
17	664	17.75
17	725	17.75
17	810	17.75
17	1	17.625
17	1013	17.625
17	134	17.625
17	135	17.625
17	14	17.625
17	1817	17.625
17	1861	17.625
17	2098	17.625
17	2286	17.625
17	243	17.625
17	760	17.625
17	813	17.625
17	1075	17.5
17	1142	17.5
17	1145	17.5
17	1164	17.5
17	1184	17.5
17	1744	17.5
17	1759	17.5
17	1866	17.5
17	2194	17.5
17	2287	17.5
17	2302	17.5
17	233	17.5
17	244	17.5
17	258	17.5
17	663	17.5
17	668	17.5
18	1819	22.25
18	1813	20.5
18	1809	20.375
18	1846	20.25
18	1794	19.75
18	1800	19.5
18	1833	19.5
18	1826	19.25
18	1824	19
18	1827	18.875
18	1840	18.875
18	1831	18.625
18	1818	18.5
18	1828	18.5
18	1844	18.5
18	1797	18.375
18	1799	18.375
18	1820	18.375
18	1837	18.375
18	1796	18.25
18	1810	18.25
18	1816	18.25
18	1946	18.25
18	1830	18.125
18	1793	18
18	1802	18
18	1829	18
18	1835	18
18	1852	18
18	1843	17.875
18	672	17.875
18	204	17.75
18	1822	17.625
18	1838	17.625
18	1845	17.625
18	1922	17.625
18	206	17.625
18	215	17.625
18	661	17.625
18	1216	17.5
18	1791	17.5
18	1823	17.5
18	1839	17.5
18	1963	17.375
18	795	17.375
18	1832	17.125
18	772	17.125
18	1841	17
18	1805	16.875
18	1825	16.875
18	229	16.875
18	1136	16.75
18	40	16.75
18	5	16.75
18	1079	16.625
18	1834	16.625
18	216	16.625
18	2161	16.625
18	682	16.625
18	1801	16.5
18	1944	16.5
18	2240	16.5
18	2278	16.5
18	1010	16.375
18	1231	16.375
18	1808	16.375
18	1814	16.375
18	676	16.375
18	1233	16.25
18	164	16.25
18	1917	16.25
18	698	16.25
18	736	16.25
18	1059	16.125
18	1129	16.125
18	136	16.125
18	142	16.125
18	156	16.125
18	1807	16.125
18	1772	16
18	1821	16
18	1924	16
18	1943	16
18	2056	16
18	796	16
18	1849	15.9375
18	214	15.9375
18	2183	15.9375
18	1286	15.875
18	1812	15.875
18	36	15.875
18	678	15.875
18	709	15.875
18	1084	15.8125
18	141	15.8125
18	143	15.8125
18	1914	15.8125
18	207	15.8125
18	926	15.8125
18	93	15.8125
19	2244	20.5
19	2242	17.375
19	2243	16.625
19	1784	15.8125
19	2150	15.625
19	2240	15.625
19	2252	15.125
19	1135	15
19	1761	14.875
19	1143	14.6875
19	1175	14.6875
19	1762	14.625
19	2255	14.625
19	1292	14.5625
19	143	14.5625
19	1766	14.5
19	188	14.5
19	453	14.5
19	1972	14.4375
19	1001	14.375
19	1764	14.375
19	2151	14.375
19	2165	14.375
19	541	14.375
19	805	14.375
19	416	14.3125
19	444	14.3125
19	940	14.3125
19	1003	14.25
19	1302	14.25
19	2166	14.25
19	822	14.25
19	1000	14.1875
19	2153	14.1875
19	442	14.1875
19	1148	14.125
19	1742	14.0625
19	1002	14
19	1013	14
19	1198	14
19	127	14
19	1922	14
19	1344	13.9375
19	139	13.9375
19	381	13.9375
19	1131	13.875
19	1133	13.875
19	1254	13.875
19	485	13.875
19	583	13.875
19	944	13.875
19	130	13.8125
19	1769	13.8125
19	954	13.75
19	1963	13.6875
19	229	13.6875
19	482	13.6875
19	1676	13.625
19	1763	13.625
19	2152	13.625
19	836	13.625
19	1009	13.5625
19	133	13.5625
19	1751	13.5625
19	1981	13.5625
19	930	13.5625
19	1747	13.5
19	2159	13.5
19	651	13.5
19	973	13.5
19	1943	13.4375
19	2276	13.4375
19	427	13.4375
19	1132	13.375
19	150	13.375
19	228	13.375
19	693	13.375
19	927	13.375
19	1012	13.3125
19	1158	13.3125
19	1219	13.3125
19	148	13.3125
19	2129	13.3125
19	233	13.3125
19	490	13.3125
19	509	13.3125
19	539	13.3125
19	834	13.3125
19	941	13.3125
19	1225	13.25
19	1754	13.25
19	2256	13.25
19	481	13.25
19	935	13.25
19	1010	13.1875
19	1059	13.1875
19	1142	13.1875
19	1195	13.1875
19	1253	13.1875
19	1745	13.1875
20	225	23.375
20	1932	22
20	1933	21.625
20	1187	20.875
20	226	20.75
20	707	20.75
20	1931	20.375
20	233	20.25
20	1930	20
20	1941	19.875
20	221	19.875
20	2001	19.5
20	224	19.5
20	222	19.375
20	827	19.375
20	828	19.375
20	700	19.25
20	805	19.25
20	1925	19.125
20	206	19.125
20	981	19
20	1929	18.875
20	1946	18.875
20	211	18.875
20	1106	18.75
20	1198	18.75
20	1928	18.75
20	1935	18.75
20	1943	18.75
20	2056	18.75
20	213	18.75
20	958	18.75
20	204	18.625
20	2213	18.625
20	768	18.625
20	979	18.625
20	1111	18.5
20	1813	18.5
20	208	18.5
20	995	18.5
20	2307	18.375
20	587	18.375
20	1059	18.25
20	1079	18.25
20	1285	18.25
20	148	18.25
20	1934	18.25
20	1113	18.125
20	1135	18.125
20	1165	18.125
20	1228	18.125
20	1849	18.125
20	1942	18.125
20	2205	18.125
20	276	18.125
20	1903	18
20	2035	18
20	2112	18
20	774	18
20	792	18
20	132	17.875
20	2215	17.875
20	515	17.875
20	836	17.875
20	92	17.875
20	1010	17.75
20	1129	17.75
20	1148	17.75
20	1195	17.75
20	1254	17.75
20	135	17.75
20	1819	17.75
20	1981	17.75
20	2306	17.75
20	767	17.75
20	1159	17.625
20	1200	17.625
20	1218	17.625
20	1259	17.625
20	172	17.625
20	177	17.625
20	1810	17.625
20	2290	17.625
20	2293	17.625
20	782	17.625
20	783	17.625
20	962	17.625
20	1056	17.5
20	1103	17.5
20	1151	17.5
20	1154	17.5
20	1215	17.5
20	1263	17.5
20	176	17.5
20	178	17.5
20	1800	17.5
20	1828	17.5
20	1867	17.5
20	1918	17.5
20	1939	17.5
21	796	23.375
21	368	19.375
21	2087	19.25
21	1490	18.75
21	1187	18.625
21	1595	18.625
21	369	18.625
21	1315	18.5
21	1675	18.5
21	1337	18.25
21	226	18.25
21	1662	18.125
21	2088	18.125
21	2224	18.125
21	233	18.125
21	1317	18
21	1529	18
21	1564	18
21	432	18
21	1232	17.875
21	36	17.875
21	380	17.875
21	751	17.875
21	88	17.875
21	1348	17.75
21	1580	17.75
21	1660	17.75
21	1933	17.75
21	1951	17.75
21	737	17.75
21	762	17.75
21	1312	17.625
21	1495	17.625
21	1628	17.625
21	1651	17.625
21	2281	17.625
21	513	17.625
21	544	17.625
21	827	17.625
21	1411	17.5
21	1476	17.5
21	1563	17.5
21	1581	17.5
21	1606	17.5
21	1669	17.5
21	1670	17.5
21	1714	17.5
21	2269	17.5
21	727	17.5
21	831	17.5
21	979	17.5
21	1316	17.375
21	1368	17.375
21	1418	17.375
21	1427	17.375
21	1562	17.375
21	1588	17.375
21	1681	17.375
21	1720	17.375
21	2086	17.375
21	2219	17.375
21	1183	17.25
21	1191	17.25
21	1195	17.25
21	1313	17.25
21	1340	17.25
21	1430	17.25
21	1463	17.25
21	1540	17.25
21	1613	17.25
21	1641	17.25
21	1652	17.25
21	1668	17.25
21	1677	17.25
21	1708	17.25
21	1722	17.25
21	1750	17.25
21	297	17.25
21	40	17.25
21	50	17.25
21	511	17.25
21	745	17.25
21	1311	17.125
21	1330	17.125
21	1331	17.125
21	1338	17.125
21	1341	17.125
21	1349	17.125
21	1350	17.125
21	1412	17.125
21	15	17.125
21	1517	17.125
21	1608	17.125
21	1612	17.125
21	1667	17.125
21	1673	17.125
21	1701	17.125
21	1707	17.125
21	1721	17.125
21	1905	17.125
22	2038	13.5
22	2040	13.375
22	2037	12.4375
22	2034	12.375
22	2207	12.3125
22	2046	12.25
22	2203	12.1875
22	2293	12.125
22	2031	11.9375
22	2035	11.875
22	2044	11.875
22	2036	11.8125
22	1206	11.75
22	2202	11.6875
22	2291	11.4375
22	2292	11.4375
22	2204	11.1875
22	2047	11.125
22	383	11.125
22	1840	10.9375
22	2027	10.9375
22	2039	10.9375
22	1828	10.875
22	337	10.875
22	315	10.8125
22	1830	10.75
22	2285	10.75
22	2301	10.75
22	2206	10.6875
22	2287	10.6875
22	1227	10.625
22	2029	10.625
22	335	10.625
22	2030	10.5625
22	299	10.4375
22	316	10.4375
22	336	10.4375
22	345	10.4375
22	2025	10.375
22	876	10.375
22	2298	10.3125
22	1838	10.25
22	303	10.25
22	319	10.25
22	1794	10.1875
22	334	10.1875
22	856	10.1875
22	302	10.125
22	333	10.125
22	400	10.125
22	539	10.125
22	549	10.125
22	2032	10.0625
22	2247	10.0625
22	2295	10.0625
22	1604	10
22	1605	10
22	1826	10
22	1841	10
22	2205	10
22	2290	10
22	317	10
22	344	10
22	1837	9.9375
22	1839	9.9375
22	320	9.9375
22	380	9.9375
22	880	9.9375
22	1577	9.875
22	1843	9.875
22	2302	9.875
22	386	9.875
22	578	9.875
22	680	9.875
22	1816	9.8125
22	300	9.8125
22	312	9.8125
22	338	9.8125
22	900	9.8125
22	1198	9.75
22	1740	9.75
22	1809	9.75
22	1829	9.75
22	2283	9.75
22	325	9.75
22	624	9.75
22	1611	9.6875
22	1721	9.6875
22	2045	9.6875
22	306	9.6875
22	323	9.6875
22	857	9.6875
22	1350	9.625
22	1396	9.625
22	1836	9.625
22	2033	9.625
22	2300	9.625
22	266	9.625
22	304	9.625
22	314	9.625
23	1154	23.125
23	710	22.625
23	1153	22.5
23	722	22.5
23	725	22.125
23	724	22
23	2006	21.875
23	700	21.875
23	939	21.875
23	1148	21.75
23	1172	21.75
23	100	21.625
23	723	21.625
23	1168	21.5
23	140	21.5
23	1150	21.375
23	1170	21.375
23	715	21.375
23	1207	21.25
23	1963	21.25
23	2191	21.25
23	141	21.125
23	142	21.125
23	160	21.125
23	169	21.125
23	729	21.125
23	1151	21
23	731	21
23	1091	20.875
23	1152	20.875
23	1254	20.875
23	134	20.875
23	188	20.875
23	703	20.875
23	856	20.875
23	1160	20.75
23	1198	20.75
23	704	20.75
23	709	20.75
23	834	20.75
23	938	20.75
23	941	20.75
23	1056	20.625
23	1239	20.625
23	1165	20.5
23	2090	20.5
23	2192	20.5
23	2232	20.5
23	2245	20.5
23	1155	20.375
23	1276	20.375
23	135	20.375
23	1775	20.375
23	187	20.375
23	1954	20.375
23	2004	20.375
23	217	20.375
23	2187	20.375
23	2241	20.375
23	2248	20.375
23	2312	20.375
23	695	20.375
23	705	20.375
23	735	20.375
23	74	20.375
23	805	20.375
23	1088	20.25
23	1126	20.25
23	1144	20.25
23	1146	20.25
23	1980	20.25
23	2007	20.25
23	906	20.25
23	958	20.25
23	984	20.25
23	1010	20.125
23	1093	20.125
23	1113	20.125
23	1135	20.125
23	1164	20.125
23	1173	20.125
23	1174	20.125
23	1246	20.125
23	2203	20.125
23	2292	20.125
23	548	20.125
23	668	20.125
23	721	20.125
23	0	20
23	1112	20
23	1941	20
23	1983	20
23	2008	20
23	2220	20
23	242	20
23	835	20
23	925	20
23	93	20
23	1200	19.875
23	1609	19.875
24	2168	24.75
24	1786	23.5
24	2237	23.25
24	1234	23
24	1853	23
24	2167	23
24	1835	22.875
24	1018	22.75
24	1787	22.75
24	2150	22.75
24	1015	22.625
24	1017	22.625
24	1762	22.375
24	2170	22.375
24	1773	22.25
24	1789	22.25
24	1000	22
24	2171	22
24	1008	21.875
24	1766	21.875
24	1761	21.75
24	2166	21.75
24	1001	21.625
24	2151	21.625
24	2160	21.625
24	2290	21.5
24	1013	21.25
24	2165	21.25
24	944	21.25
24	17	21
24	1776	21
24	1784	21
24	2169	21
24	1016	20.875
24	2025	20.75
24	2302	20.75
24	1225	20.625
24	1010	20.375
24	118	20.375
24	481	20.375
24	1769	20.25
24	1337	20.125
24	1780	20.125
24	2202	20.125
24	1132	20
24	2152	20
24	2244	20
24	2298	20
24	1012	19.875
24	1266	19.875
24	548	19.875
24	1605	19.75
24	1763	19.75
24	1837	19.75
24	2231	19.75
24	1143	19.625
24	155	19.625
24	1614	19.625
24	1618	19.625
24	1992	19.625
24	932	19.625
24	942	19.625
24	1002	19.5
24	1946	19.5
24	236	19.5
24	934	19.5
24	1009	19.375
24	1324	19.375
24	1583	19.375
24	2229	19.375
24	414	19.375
24	562	19.375
24	941	19.375
24	1033	19.25
24	1314	19.25
24	133	19.25
24	138	19.25
24	148	19.25
24	1612	19.25
24	1615	19.25
24	1827	19.25
24	328	19.25
24	421	19.25
24	530	19.25
24	905	19.25
24	1174	19.125
24	1619	19.125
24	1665	19.125
24	170	19.125
24	1710	19.125
24	2210	19.125
24	480	19.125
24	513	19.125
24	582	19.125
24	955	19.125
24	1041	19
24	1219	19
24	1608	19
24	1616	19
24	2230	19
25	2037	20.875
25	2039	20.875
25	2040	20.625
25	2038	20.25
25	2035	20
25	2293	19.625
25	2036	19.5
25	2045	19.5
25	2046	19.5
25	2047	19.5
25	2290	19.5
25	2202	19.375
25	2207	19.375
25	2302	19.25
25	1206	18.375
25	2206	18.375
25	2291	18.375
25	336	18.375
25	1227	18.25
25	2025	18.25
25	2048	18.25
25	337	18.125
25	1010	18
25	2029	18
25	2203	18
25	1942	17.875
25	2027	17.875
25	2292	17.875
25	922	17.875
25	2028	17.75
25	2043	17.75
25	2044	17.75
25	2285	17.75
25	338	17.75
25	2030	17.625
25	2294	17.625
25	2301	17.625
25	2204	17.5
25	2287	17.5
25	334	17.5
25	805	17.5
25	172	17.375
25	383	17.375
25	547	17.375
25	2034	17.25
25	335	17.25
25	382	17.25
25	420	17.25
25	174	17.125
25	344	17.125
25	1109	17
25	2288	17
25	1180	16.875
25	1198	16.875
25	2205	16.875
25	2300	16.875
25	110	16.75
25	1186	16.75
25	2090	16.75
25	1104	16.625
25	168	16.625
25	170	16.625
25	2166	16.625
25	2183	16.625
25	229	16.625
25	233	16.625
25	243	16.625
25	1084	16.5
25	186	16.5
25	2150	16.5
25	2246	16.5
25	2298	16.5
25	345	16.5
25	917	16.5
25	1118	16.375
25	1121	16.375
25	1876	16.375
25	1977	16.375
25	2042	16.375
25	2151	16.375
25	554	16.375
25	1013	16.25
25	1195	16.25
25	1246	16.25
25	173	16.25
25	1784	16.25
25	1904	16.25
25	2112	16.25
25	2132	16.25
25	2167	16.25
25	2295	16.25
25	342	16.25
25	552	16.25
25	558	16.25
25	578	16.25
25	832	16.25
25	958	16.25
25	1014	16.125
25	1286	16.125
25	138	16.125
26	2037	16.5
26	2038	16.375
26	2040	15.9375
26	337	15.625
26	549	15.375
26	1658	15.125
26	2036	15.0625
26	2039	15
26	827	15
26	336	14.9375
26	1190	14.875
26	2207	14.875
26	1227	14.75
26	539	14.6875
26	2034	14.625
26	832	14.625
26	2080	14.5625
26	2098	14.5625
26	762	14.5625
26	1084	14.5
26	1180	14.5
26	1657	14.5
26	2035	14.5
26	502	14.5
26	516	14.5
26	552	14.5
26	2027	14.4375
26	2029	14.4375
26	2048	14.4375
26	334	14.4375
26	803	14.4375
26	345	14.375
26	517	14.375
26	555	14.375
26	1074	14.3125
26	2150	14.3125
26	537	14.3125
26	772	14.3125
26	805	14.3125
26	11	14.25
26	1663	14.25
26	1762	14.25
26	2291	14.25
26	138	14.1875
26	1751	14.1875
26	344	14.1875
26	349	14.1875
26	394	14.1875
26	545	14.1875
26	62	14.1875
26	1187	14.125
26	495	14.125
26	598	14.125
26	1198	14.0625
26	1356	14.0625
26	1761	14.0625
26	2045	14.0625
26	2183	14.0625
26	282	14.0625
26	335	14.0625
26	37	14.0625
26	547	14.0625
26	556	14.0625
26	728	14.0625
26	1526	14
26	1866	14
26	2032	14
26	2203	14
26	2285	14
26	333	14
26	354	14
26	358	14
26	398	14
26	582	14
26	745	14
26	810	14
26	923	14
26	1290	13.9375
26	1348	13.9375
26	1564	13.9375
26	1654	13.9375
26	1659	13.9375
26	1975	13.9375
26	1976	13.9375
26	348	13.9375
26	491	13.9375
26	577	13.9375
26	578	13.9375
26	654	13.9375
26	742	13.9375
26	1186	13.875
26	1524	13.875
26	1932	13.875
26	341	13.875
26	374	13.875
26	380	13.875
26	383	13.875
26	390	13.875
26	420	13.875
26	453	13.875
27	88	29.25
27	2200	29.125
27	1974	29
27	826	29
27	1067	28.875
27	1046	28.75
27	2061	28.75
27	2199	28.75
27	63	28.75
27	987	28.75
27	233	28.625
27	62	28.5
27	1972	28.375
27	832	28.375
27	1977	28.25
27	2012	28.25
27	2192	28.25
27	1075	28.125
27	2194	28.125
27	1946	28
27	1979	28
27	829	28
27	1984	27.875
27	2173	27.875
27	700	27.875
27	1320	27.75
27	2074	27.75
27	995	27.75
27	1997	27.625
27	2015	27.625
27	232	27.625
27	736	27.625
27	805	27.625
27	1184	27.5
27	2050	27.5
27	2059	27.5
27	2089	27.5
27	822	27.5
27	828	27.5
27	983	27.5
27	1047	27.375
27	1650	27.375
27	1959	27.375
27	2069	27.375
27	2163	27.375
27	544	27.375
27	791	27.375
27	1059	27.25
27	1609	27.25
27	1751	27.25
27	2197	27.25
27	526	27.25
27	796	27.25
27	809	27.25
27	1014	27.125
27	1048	27.125
27	1652	27.125
27	2175	27.125
27	981	27.125
27	1010	27
27	1058	27
27	1412	27
27	1975	27
27	1978	27
27	1980	27
27	1981	27
27	1991	27
27	2007	27
27	2011	27
27	2090	27
27	2098	27
27	2174	27
27	824	27
27	837	27
27	838	27
27	985	27
27	1391	26.875
27	1976	26.875
27	1998	26.875
27	513	26.875
27	54	26.875
27	836	26.875
27	978	26.875
27	1098	26.75
27	1266	26.75
27	1321	26.75
27	1740	26.75
27	2001	26.75
27	2294	26.75
27	59	26.75
27	1013	26.625
27	1033	26.625
27	1207	26.625
27	1434	26.625
27	1769	26.625
27	1938	26.625
27	2010	26.625
27	2191	26.625
27	2195	26.625
27	2209	26.625
28	2037	22.75
28	2035	21.75
28	336	21.75
28	2038	21.625
28	2203	21.375
28	2287	21.375
28	2040	21.25
28	1206	21.125
28	2039	21.125
28	2036	21
28	337	21
28	2045	20.875
28	2292	20.875
28	2202	20.75
28	2291	20.75
28	2301	20.75
28	2293	20.625
28	2201	20.5
28	922	20.5
28	2046	20.375
28	2207	20.375
28	344	20.375
28	2288	20.25
28	2206	20.125
28	338	20.125
28	547	20.125
28	2030	20
28	2290	20
28	345	20
28	805	20
28	2029	19.875
28	2150	19.875
28	2205	19.875
28	2283	19.875
28	2302	19.875
28	2022	19.75
28	2025	19.75
28	2027	19.75
28	1227	19.625
28	2295	19.625
28	334	19.625
28	335	19.625
28	383	19.625
28	2041	19.5
28	2285	19.5
28	2296	19.5
28	420	19.5
28	1000	19.375
28	2048	19.375
28	1010	19.25
28	2047	19.25
28	598	19.25
28	1001	19.125
28	2204	19.125
28	2298	19.125
28	917	19.125
28	1762	19
28	2090	19
28	2294	19
28	1761	18.875
28	1942	18.875
28	2034	18.875
28	2042	18.875
28	715	18.875
28	1013	18.75
28	1123	18.75
28	2044	18.75
28	2151	18.75
28	382	18.75
28	539	18.75
28	578	18.75
28	85	18.75
28	1116	18.625
28	1198	18.625
28	1209	18.625
28	2300	18.625
28	1943	18.5
28	341	18.5
28	423	18.5
28	720	18.5
28	724	18.5
28	1609	18.375
28	2166	18.375
28	552	18.375
28	1165	18.25
28	2303	18.25
28	544	18.25
28	1017	18.125
28	1784	18.125
28	1992	18.125
28	2028	18.125
28	2043	18.125
28	211	18.125
28	2167	18.125
28	233	18.125
28	138	18
28	2269	18
28	229	18
28	342	18
28	358	18
29	107	28.375
29	1942	26.5
29	109	26.125
29	1198	26
29	2269	26
29	72	26
29	1010	25.75
29	2090	25.75
29	1609	25.625
29	513	25.625
29	552	25.625
29	188	25.5
29	198	25.5
29	922	25.5
29	1195	25.375
29	170	25.25
29	229	25.25
29	1337	25.125
29	338	25.125
29	1013	25
29	2203	25
29	337	25
29	1005	24.875
29	1253	24.875
29	2037	24.875
29	66	24.875
29	756	24.875
29	1254	24.75
29	179	24.75
29	2293	24.75
29	805	24.75
29	1710	24.625
29	1784	24.625
29	2088	24.625
29	2292	24.625
29	1059	24.5
29	1653	24.5
29	1767	24.5
29	1872	24.5
29	2206	24.5
29	2248	24.5
29	68	24.5
29	1537	24.375
29	17	24.375
29	2167	24.375
29	2241	24.375
29	2275	24.375
29	2298	24.375
29	557	24.375
29	561	24.375
29	808	24.375
29	1014	24.25
29	1121	24.25
29	1192	24.25
29	1527	24.25
29	1769	24.25
29	18	24.25
29	2220	24.25
29	2270	24.25
29	233	24.25
29	810	24.25
29	816	24.25
29	1120	24.125
29	1260	24.125
29	1540	24.125
29	1647	24.125
29	186	24.125
29	1882	24.125
29	1934	24.125
29	2046	24.125
29	2162	24.125
29	217	24.125
29	2191	24.125
29	2228	24.125
29	69	24.125
29	727	24.125
29	1033	24
29	1117	24
29	1246	24
29	1250	24
29	1268	24
29	1271	24
29	1495	24
29	1652	24
29	169	24
29	1943	24
29	1949	24
29	2044	24
29	2087	24
29	2236	24
29	2261	24
29	2290	24
29	306	24
29	659	24
29	100	23.875
29	1196	23.875
29	1199	23.875
29	1266	23.875
29	1941	23.875
29	1946	23.875
30	1106	17.5
30	1118	17.25
30	2209	17.25
30	170	17.125
30	184	16.875
30	1113	16.75
30	1103	16.625
30	1122	16.625
30	173	16.625
30	1111	16.5
30	1121	16.5
30	175	16.5
30	176	16.5
30	1239	16.375
30	1100	16.125
30	1104	16.125
30	1108	16.125
30	1120	16.125
30	185	16.125
30	187	16.125
30	179	16
30	180	16
30	186	16
30	188	16
30	1217	15.9375
30	1252	15.9375
30	1114	15.875
30	1245	15.875
30	1241	15.8125
30	174	15.8125
30	1866	15.8125
30	1117	15.75
30	1242	15.75
30	1942	15.75
30	1876	15.6875
30	245	15.6875
30	1102	15.625
30	1105	15.625
30	1254	15.625
30	1949	15.625
30	795	15.625
30	2291	15.5625
30	2298	15.5625
30	243	15.5625
30	74	15.5
30	2202	15.375
30	269	15.375
30	835	15.375
30	1244	15.3125
30	2115	15.3125
30	2183	15.3125
30	982	15.3125
30	107	15.1875
30	1180	15.1875
30	1250	15.1875
30	1119	15.125
30	167	15.125
30	81	15.125
30	1107	15.0625
30	183	15.0625
30	1870	15.0625
30	2037	15.0625
30	2295	15.0625
30	707	15.0625
30	710	15.0625
30	1084	15
30	2260	15
30	796	15
30	1168	14.9375
30	1232	14.9375
30	1865	14.9375
30	1953	14.9375
30	2007	14.9375
30	745	14.9375
30	96	14.9375
30	1166	14.875
30	1172	14.875
30	2116	14.875
30	2281	14.875
30	561	14.875
30	703	14.875
30	705	14.875
30	731	14.875
30	94	14.875
30	1112	14.8125
30	1164	14.8125
30	1247	14.8125
30	1248	14.8125
30	1251	14.8125
30	169	14.8125
30	178	14.8125
30	1869	14.8125
30	2012	14.8125
30	558	14.8125
30	598	14.8125
30	749	14.8125
30	109	14.75
30	1179	14.75
30	2048	14.75
30	2265	14.75
31	2167	30.25
31	2152	30.125
31	2107	29.625
31	1942	29.5
31	1010	29.375
31	1993	29.375
31	1959	29.25
31	974	29
31	1958	28.75
31	2147	28.75
31	1759	28.625
31	817	28.625
31	2168	28.5
31	1949	28.375
31	2163	28.375
31	2170	28.375
31	64	28.375
31	1013	28.25
31	1772	28.25
31	1021	28.125
31	2089	28.125
31	2219	28.125
31	1019	28
31	1033	28
31	1929	28
31	1965	28
31	2252	28
31	71	28
31	1002	27.875
31	1271	27.875
31	1018	27.75
31	1151	27.75
31	1225	27.75
31	1786	27.75
31	2156	27.75
31	2186	27.75
31	2279	27.75
31	336	27.75
31	1015	27.625
31	1226	27.625
31	1784	27.625
31	2291	27.625
31	1087	27.5
31	1217	27.5
31	1763	27.5
31	1771	27.5
31	2191	27.5
31	1091	27.375
31	192	27.375
31	2091	27.375
31	1017	27.25
31	1154	27.25
31	2086	27.25
31	2160	27.25
31	2240	27.25
31	441	27.25
31	1172	27.125
31	1768	27.125
31	2157	27.125
31	2308	27.125
31	1020	27
31	1103	27
31	1911	27
31	2158	27
31	2165	27
31	2223	27
31	2311	27
31	997	27
31	1184	26.875
31	1789	26.875
31	1930	26.875
31	2189	26.875
31	2202	26.875
31	703	26.875
31	914	26.875
31	1950	26.75
31	2250	26.75
31	925	26.75
31	939	26.75
31	1006	26.625
31	1123	26.625
31	2109	26.625
31	2277	26.625
31	715	26.625
31	111	26.5
31	1165	26.5
31	1233	26.5
31	1236	26.5
31	2007	26.5
31	2238	26.5
31	548	26.5
31	1158	26.375
31	1966	26.375
31	2082	26.375
31	549	26.375
31	1215	26.25
31	1234	26.25
31	1719	26.25
31	1928	26.25
31	2116	26.25
32	1777	19.75
32	1778	18.5
32	714	18.375
32	1277	17.875
32	656	17
32	2111	16.5
32	2022	16.375
32	2141	16.25
32	715	16.25
32	1821	16
32	695	15.9375
32	42	15.875
32	758	15.75
32	241	15.5625
32	167	15.5
32	1105	15.4375
32	91	15.4375
32	1251	15.3125
32	188	15.25
32	1944	15.25
32	2049	15.25
32	1790	15.1875
32	1091	15.125
32	1172	15.125
32	2191	15.125
32	0	15.0625
32	401	15.0625
32	2201	14.9375
32	2119	14.875
32	93	14.6875
32	1394	14.625
32	585	14.625
32	623	14.625
32	900	14.625
32	2210	14.5625
32	723	14.5625
32	211	14.5
32	676	14.5
32	1112	14.3125
32	1776	14.3125
32	552	14.3125
32	2143	14.1875
32	345	14.1875
32	537	14.1875
32	1757	14.125
32	62	14.0625
32	639	14.0625
32	1489	14
32	1704	14
32	449	14
32	179	13.9375
32	1902	13.9375
32	1941	13.9375
32	195	13.9375
32	480	13.9375
32	631	13.9375
32	1026	13.875
32	1532	13.875
32	1750	13.875
32	381	13.875
32	452	13.875
32	63	13.875
32	720	13.875
32	1088	13.8125
32	1882	13.8125
32	1952	13.8125
32	1954	13.8125
32	1957	13.8125
32	1993	13.8125
32	2086	13.8125
32	2187	13.8125
32	598	13.8125
32	747	13.8125
32	782	13.8125
32	80	13.8125
32	817	13.8125
32	974	13.8125
32	1316	13.75
32	2114	13.75
32	471	13.75
32	2098	13.6875
32	3	13.6875
32	335	13.6875
32	467	13.6875
32	556	13.6875
32	674	13.6875
32	808	13.6875
32	1791	13.625
32	2116	13.625
32	442	13.625
32	479	13.625
32	541	13.625
32	586	13.625
32	64	13.625
32	795	13.625
32	1082	13.5625
32	1102	13.5625
32	1875	13.5625
32	1903	13.5625
32	1945	13.5625
33	1765	25
33	1004	24.875
33	1760	24.875
33	2149	24.875
33	1013	24.625
33	2154	24.625
33	1337	24.125
33	1784	23.75
33	578	23.75
33	999	23.75
33	552	23.625
33	632	23.625
33	82	23.625
33	1761	23.375
33	345	23.375
33	413	23.375
33	598	23.25
33	630	23.25
33	420	23
33	1000	22.875
33	1038	22.875
33	1762	22.875
33	1001	22.75
33	336	22.75
33	373	22.75
33	544	22.75
33	381	22.625
33	386	22.625
33	437	22.625
33	481	22.625
33	639	22.625
33	334	22.5
33	426	22.5
33	517	22.5
33	583	22.5
33	337	22.375
33	538	22.375
33	601	22.375
33	425	22.25
33	545	22.25
33	606	22.25
33	640	22.25
33	302	22.125
33	312	22.125
33	416	22.125
33	480	22.125
33	492	22.125
33	512	22.125
33	541	22.125
33	556	22.125
33	581	22.125
33	335	22
33	388	22
33	405	22
33	452	22
33	453	22
33	454	22
33	569	22
33	586	22
33	1396	21.875
33	2150	21.875
33	514	21.875
33	546	21.875
33	570	21.875
33	611	21.875
33	1676	21.75
33	2151	21.75
33	310	21.75
33	384	21.75
33	444	21.75
33	524	21.75
33	549	21.75
33	572	21.75
33	1480	21.625
33	1666	21.625
33	1688	21.625
33	1954	21.625
33	2250	21.625
33	341	21.625
33	462	21.625
33	627	21.625
33	918	21.625
33	1558	21.5
33	1644	21.5
33	1669	21.5
33	362	21.5
33	491	21.5
33	510	21.5
33	515	21.5
33	585	21.5
33	631	21.5
33	1394	21.375
33	155	21.375
33	2090	21.375
33	457	21.375
33	472	21.375
33	555	21.375
33	563	21.375
33	607	21.375
33	1339	21.25
34	2115	14.6875
34	248	14.125
34	245	14
34	279	13.875
34	1192	13.75
34	266	12.875
34	1198	12.8125
34	242	12.8125
34	280	12.6875
34	340	12.5625
34	2269	12.4375
34	247	12.4375
34	249	12.4375
34	1186	12.3125
34	1265	12.3125
34	241	12.3125
34	388	12.3125
34	1261	12.25
34	272	12.1875
34	382	12.125
34	1273	12.0625
34	1948	12.0625
34	250	12.0625
34	281	12.0625
34	401	12.0625
34	1582	11.9375
34	1838	11.9375
34	2306	11.9375
34	243	11.9375
34	259	11.9375
34	639	11.9375
34	1199	11.875
34	1266	11.875
34	1840	11.875
34	2210	11.875
34	510	11.875
34	391	11.8125
34	548	11.8125
34	1276	11.75
34	1908	11.75
34	1934	11.75
34	2075	11.75
34	257	11.75
34	558	11.75
34	814	11.75
34	1260	11.6875
34	1865	11.6875
34	2072	11.6875
34	293	11.6875
34	326	11.6875
34	557	11.6875
34	1344	11.625
34	1913	11.625
34	523	11.625
34	602	11.625
34	1874	11.5625
34	2137	11.5625
34	244	11.5625
34	271	11.5625
34	397	11.5625
34	533	11.5625
34	1035	11.5
34	1910	11.5
34	251	11.5
34	345	11.5
34	539	11.5
34	805	11.5
34	1933	11.4375
34	2278	11.4375
34	39	11.4375
34	582	11.4375
34	679	11.4375
34	1089	11.375
34	1275	11.375
34	17	11.375
34	256	11.375
34	550	11.375
34	796	11.375
34	1070	11.3125
34	1086	11.3125
34	1193	11.3125
34	1201	11.3125
34	179	11.3125
34	1813	11.3125
34	1932	11.3125
34	1941	11.3125
34	2112	11.3125
34	2196	11.3125
34	24	11.3125
34	274	11.3125
34	576	11.3125
34	1074	11.25
34	1992	11.25
34	1996	11.25
34	2277	11.25
34	246	11.25
34	352	11.25
34	385	11.25
34	44	11.25
34	46	11.25
35	1524	21.375
35	1621	21
35	1622	20.875
35	1623	20.875
35	1515	20.75
35	1625	20.625
35	1454	20.5
35	1518	20.5
35	1632	20.5
35	1329	20.375
35	1356	20.375
35	1629	20.375
35	1340	20.25
35	1378	20.25
35	1680	20.25
35	1512	20.125
35	1690	20.125
35	1486	20
35	1487	20
35	1521	20
35	1665	20
35	1668	20
35	1348	19.875
35	1350	19.875
35	1377	19.875
35	1491	19.875
35	1627	19.875
35	1631	19.875
35	1373	19.75
35	1514	19.75
35	1523	19.75
35	1613	19.75
35	1369	19.625
35	1522	19.625
35	1624	19.625
35	1630	19.625
35	1689	19.625
35	1752	19.625
35	1347	19.5
35	1519	19.5
35	1601	19.5
35	1602	19.5
35	1652	19.5
35	1740	19.5
35	1359	19.375
35	1367	19.375
35	1432	19.375
35	1492	19.375
35	1511	19.375
35	1513	19.375
35	1687	19.375
35	1745	19.375
35	1342	19.25
35	1365	19.25
35	1374	19.25
35	1507	19.25
35	1516	19.25
35	1555	19.25
35	1641	19.25
35	1642	19.25
35	1671	19.25
35	1318	19.125
35	1339	19.125
35	1376	19.125
35	1527	19.125
35	1548	19.125
35	1549	19.125
35	1643	19.125
35	1677	19.125
35	1681	19.125
35	1688	19.125
35	1755	19.125
35	1336	19
35	1526	19
35	1561	19
35	1595	19
35	1596	19
35	1735	19
35	1360	18.875
35	1406	18.875
35	1427	18.875
35	1467	18.875
35	1494	18.875
35	1500	18.875
35	1557	18.875
35	1587	18.875
35	1633	18.875
35	1648	18.875
35	1679	18.875
35	1686	18.875
35	1742	18.875
35	1311	18.75
35	1335	18.75
35	1463	18.75
35	1476	18.75
35	1493	18.75
35	1530	18.75
35	1532	18.75
35	1591	18.75
35	1592	18.75
36	1272	18.875
36	1034	18.5
36	1192	17.125
36	279	16.75
36	193	16.625
36	1401	16.375
36	1677	16.375
36	598	16.375
36	275	16.25
36	264	16.125
36	1315	16
36	803	16
36	626	15.9375
36	1750	15.875
36	1325	15.8125
36	1337	15.8125
36	1526	15.8125
36	1339	15.75
36	1343	15.75
36	1524	15.75
36	1338	15.6875
36	2275	15.6875
36	512	15.6875
36	796	15.6875
36	1308	15.625
36	2181	15.625
36	82	15.625
36	1082	15.5625
36	1336	15.5625
36	1675	15.5625
36	1676	15.5625
36	2115	15.5625
36	1611	15.5
36	198	15.5
36	510	15.5
36	68	15.5
36	1366	15.4375
36	1670	15.4375
36	516	15.4375
36	541	15.4375
36	668	15.4375
36	1648	15.375
36	1656	15.375
36	547	15.375
36	591	15.375
36	1190	15.3125
36	1428	15.3125
36	1474	15.3125
36	1562	15.3125
36	1612	15.3125
36	2020	15.3125
36	574	15.3125
36	1411	15.25
36	1507	15.25
36	1981	15.25
36	2269	15.25
36	836	15.25
36	1416	15.1875
36	1469	15.1875
36	552	15.1875
36	1177	15.125
36	1311	15.125
36	1334	15.125
36	1406	15.125
36	1427	15.125
36	1462	15.125
36	1481	15.125
36	1937	15.125
36	2260	15.125
36	253	15.125
36	336	15.125
36	715	15.125
36	800	15.125
36	1331	15.0625
36	1333	15.0625
36	1353	15.0625
36	1468	15.0625
36	1784	15.0625
36	2278	15.0625
36	258	15.0625
36	545	15.0625
36	1040	15
36	1340	15
36	1669	15
36	2182	15
36	2270	15
36	496	15
36	607	15
36	1030	14.9375
36	1142	14.9375
36	1352	14.9375
36	1517	14.9375
36	1558	14.9375
36	1659	14.9375
36	1735	14.9375
36	337	14.9375
36	500	14.9375
36	511	14.9375
36	513	14.9375
36	530	14.9375
37	226	18.125
37	981	17.75
37	1933	17.625
37	979	17.375
37	1951	17.25
37	233	17.25
37	828	17.25
37	225	17
37	995	17
37	1187	16.875
37	1932	16.875
37	1929	16.75
37	1941	16.75
37	2001	16.75
37	1935	16.625
37	1928	16.5
37	1931	16.5
37	1930	16.25
37	221	16.25
37	827	16.25
37	224	16
37	779	16
37	795	15.6875
37	958	15.6875
37	782	15.625
37	796	15.625
37	707	15.5625
37	754	15.5
37	1349	15.375
37	2112	15.375
37	1316	15.3125
37	1581	15.3125
37	745	15.3125
37	749	15.3125
37	811	15.25
37	222	15.1875
37	1976	14.875
37	746	14.875
37	752	14.875
37	750	14.8125
37	1330	14.6875
37	1562	14.6875
37	776	14.6875
37	1579	14.625
37	753	14.625
37	2060	14.5625
37	735	14.5625
37	755	14.5625
37	758	14.5625
37	1718	14.4375
37	751	14.4375
37	780	14.4375
37	812	14.4375
37	793	14.375
37	1580	14.3125
37	1709	14.3125
37	227	14.3125
37	1617	14.25
37	1675	14.25
37	803	14.25
37	748	14.1875
37	768	14.1875
37	1381	14.125
37	1382	14.125
37	775	14.125
37	791	14.125
37	805	14.125
37	814	14.125
37	1315	14.0625
37	1386	14.0625
37	2071	14.0625
37	1708	14
37	1728	14
37	2251	14
37	368	13.9375
37	744	13.9375
37	769	13.9375
37	2220	13.875
37	1430	13.8125
37	1588	13.8125
37	1706	13.8125
37	1715	13.8125
37	1925	13.8125
37	747	13.8125
37	774	13.8125
37	1317	13.75
37	1427	13.75
37	1564	13.75
37	1651	13.75
37	515	13.75
37	761	13.75
37	1076	13.6875
37	1195	13.6875
37	1261	13.6875
37	1302	13.6875
37	1319	13.6875
37	1380	13.6875
37	1578	13.6875
37	1654	13.6875
37	1700	13.6875
38	1209	13.5
38	1116	13.4375
38	2022	12.75
38	389	12.75
38	401	12.75
38	386	12.5
38	383	12.4375
38	337	12.375
38	2292	12.3125
38	109	12.25
38	336	12.25
38	528	12.25
38	1653	12.125
38	2203	12
38	1942	11.8125
38	1943	11.8125
38	344	11.75
38	382	11.6875
38	922	11.6875
38	2293	11.625
38	397	11.625
38	2295	11.5625
38	107	11.5
38	2042	11.5
38	2207	11.5
38	334	11.5
38	340	11.5
38	1166	11.4375
38	2045	11.375
38	571	11.375
38	1251	11.3125
38	1878	11.3125
38	85	11.3125
38	1198	11.25
38	2298	11.25
38	338	11.25
38	882	11.25
38	1939	11.1875
38	2040	11.1875
38	306	11.1875
38	345	11.1875
38	527	11.1875
38	91	11.1875
38	2046	11.125
38	1105	11.0625
38	2241	11.0625
38	525	11.0625
38	550	11.0625
38	808	11.0625
38	1206	11
38	138	11
38	2155	11
38	2288	11
38	385	11
38	905	11
38	917	11
38	1005	10.9375
38	1010	10.9375
38	1201	10.9375
38	1916	10.9375
38	211	10.9375
38	539	10.9375
38	93	10.9375
38	203	10.875
38	2034	10.875
38	2141	10.875
38	574	10.875
38	578	10.875
38	1309	10.8125
38	1599	10.8125
38	1930	10.8125
38	2287	10.8125
38	400	10.8125
38	575	10.8125
38	1123	10.75
38	2037	10.75
38	2201	10.75
38	351	10.75
38	665	10.75
38	1277	10.6875
38	141	10.6875
38	1585	10.6875
38	2205	10.6875
38	2223	10.6875
38	2286	10.6875
38	2294	10.6875
38	303	10.6875
38	387	10.6875
38	399	10.6875
38	420	10.6875
38	547	10.6875
38	659	10.6875
38	720	10.6875
38	1945	10.625
38	327	10.625
38	573	10.625
38	598	10.625
38	714	10.625
38	1326	10.5625
38	1404	10.5625
39	2124	17.125
39	2146	16.75
39	1481	16.25
39	2125	16.25
39	1651	15.5625
39	1359	15.5
39	1662	15.4375
39	1385	15.1875
39	1354	15.125
39	1480	15.125
39	1628	15.125
39	2133	15.0625
39	858	15.0625
39	1423	15
39	1566	15
39	77	15
39	850	15
39	100	14.9375
39	1329	14.9375
39	1555	14.9375
39	1681	14.9375
39	2209	14.9375
39	1348	14.875
39	1389	14.875
39	1516	14.875
39	60	14.875
39	731	14.875
39	1198	14.8125
39	1495	14.8125
39	1518	14.8125
39	1610	14.75
39	893	14.75
39	1228	14.6875
39	1324	14.6875
39	1357	14.6875
39	1382	14.6875
39	1482	14.6875
39	1487	14.6875
39	1519	14.6875
39	1673	14.6875
39	1699	14.6875
39	2050	14.6875
39	1113	14.625
39	1538	14.625
39	1581	14.625
39	1935	14.625
39	1974	14.625
39	321	14.625
39	1078	14.5625
39	1355	14.5625
39	1356	14.5625
39	1390	14.5625
39	1111	14.5
39	1391	14.5
39	1465	14.5
39	1688	14.5
39	1698	14.5
39	2200	14.5
39	2246	14.5
39	513	14.5
39	826	14.5
39	1210	14.4375
39	1393	14.4375
39	1542	14.4375
39	1548	14.4375
39	1582	14.4375
39	1611	14.4375
39	206	14.4375
39	2123	14.4375
39	2309	14.4375
39	1459	14.375
39	1601	14.375
39	1607	14.375
39	1687	14.375
39	2113	14.375
39	2220	14.375
39	2293	14.375
39	1160	14.3125
39	1358	14.3125
39	1360	14.3125
39	1392	14.3125
39	1700	14.3125
39	1737	14.3125
39	178	14.3125
39	334	14.3125
39	600	14.3125
39	823	14.3125
39	860	14.3125
39	993	14.3125
39	1114	14.25
39	1245	14.25
39	1352	14.25
39	1377	14.25
39	1574	14.25
39	1605	14.25
39	1717	14.25
39	1731	14.25
39	2312	14.25
39	759	14.25
39	1221	14.1875
40	209	28.875
40	1920	28
40	133	23.5
40	1747	22.25
40	295	22.25
40	148	22.125
40	1635	22.125
40	1636	22
40	1637	22
40	1934	22
40	1641	21.875
40	297	21.875
40	1642	21.75
40	1680	21.625
40	1748	21.625
40	793	21.625
40	1127	21.5
40	131	21.5
40	2229	21.5
40	1645	21.375
40	1722	21.375
40	1689	21.25
40	2020	21.25
40	1132	21.125
40	1350	21.125
40	2231	21.125
40	941	21.125
40	130	21
40	1638	21
40	1749	21
40	219	21
40	427	21
40	116	20.875
40	1414	20.875
40	1688	20.875
40	240	20.875
40	456	20.875
40	1349	20.75
40	1728	20.75
40	205	20.75
40	539	20.75
40	1430	20.625
40	1492	20.625
40	455	20.625
40	572	20.625
40	117	20.5
40	1366	20.5
40	1471	20.5
40	164	20.5
40	1656	20.5
40	1315	20.375
40	1396	20.375
40	1474	20.375
40	1634	20.375
40	1683	20.375
40	1741	20.375
40	453	20.375
40	637	20.375
40	1605	20.25
40	1671	20.25
40	1726	20.25
40	1752	20.25
40	1918	20.25
40	643	20.25
40	850	20.25
40	1128	20.125
40	1360	20.125
40	1561	20.125
40	1616	20.125
40	1727	20.125
40	520	20.125
40	1341	20
40	1363	20
40	1416	20
40	1493	20
40	1649	20
40	1756	20
40	938	20
40	1022	19.875
40	1175	19.875
40	1344	19.875
40	143	19.875
40	1558	19.875
40	1644	19.875
40	1753	19.875
40	1794	19.875
40	1803	19.875
40	1919	19.875
40	207	19.875
40	481	19.875
40	1143	19.75
40	115	19.75
40	144	19.75
40	1489	19.75
40	1514	19.75
40	1551	19.75
40	1566	19.75
40	1668	19.75
40	763	19.75
40	956	19.75
41	1123	11.3125
41	330	11.25
41	159	11.1875
41	813	11.1875
41	1229	11.125
41	2256	11.125
41	2268	11.125
41	2282	11.125
41	903	11.125
41	92	11.125
41	1	11.0625
41	1009	11.0625
41	1025	11.0625
41	1051	11.0625
41	1061	11.0625
41	111	11.0625
41	1125	11.0625
41	113	11.0625
41	1141	11.0625
41	1146	11.0625
41	1147	11.0625
41	1154	11.0625
41	1167	11.0625
41	1194	11.0625
41	12	11.0625
41	124	11.0625
41	1255	11.0625
41	1257	11.0625
41	126	11.0625
41	1277	11.0625
41	1278	11.0625
41	1289	11.0625
41	1296	11.0625
41	1363	11.0625
41	146	11.0625
41	147	11.0625
41	152	11.0625
41	153	11.0625
41	157	11.0625
41	161	11.0625
41	1666	11.0625
41	1786	11.0625
41	1792	11.0625
41	1793	11.0625
41	1796	11.0625
41	1822	11.0625
41	1823	11.0625
41	183	11.0625
41	1855	11.0625
41	1860	11.0625
41	1893	11.0625
41	1902	11.0625
41	1906	11.0625
41	191	11.0625
41	1921	11.0625
41	1922	11.0625
41	1926	11.0625
41	1938	11.0625
41	1951	11.0625
41	1960	11.0625
41	1968	11.0625
41	1994	11.0625
41	2013	11.0625
41	2023	11.0625
41	2081	11.0625
41	2094	11.0625
41	210	11.0625
41	211	11.0625
41	2111	11.0625
41	2122	11.0625
41	213	11.0625
41	2144	11.0625
41	2159	11.0625
41	216	11.0625
41	2178	11.0625
41	218	11.0625
41	219	11.0625
41	2224	11.0625
41	2245	11.0625
41	2249	11.0625
41	2251	11.0625
41	2253	11.0625
41	2267	11.0625
41	2271	11.0625
41	2273	11.0625
41	2284	11.0625
41	2297	11.0625
41	23	11.0625
41	2312	11.0625
41	234	11.0625
41	242	11.0625
41	254	11.0625
41	281	11.0625
41	282	11.0625
41	322	11.0625
41	323	11.0625
41	35	11.0625
41	390	11.0625
41	398	11.0625
41	41	11.0625
42	1956	15.125
42	1181	13.625
42	2089	13.125
42	1236	13
42	1959	12.8125
42	738	12.1875
42	2080	11.75
42	1074	11.5
42	2112	11.5
42	1172	11.375
42	1874	11.3125
42	2054	11.3125
42	1079	11.1875
42	639	11.1875
42	715	11.125
42	1154	11.0625
42	1170	11.0625
42	1078	11
42	1121	10.875
42	2056	10.875
42	2078	10.875
42	557	10.8125
42	656	10.8125
42	1080	10.75
42	1153	10.75
42	2057	10.75
42	210	10.75
42	676	10.75
42	712	10.75
42	741	10.75
42	1069	10.6875
42	1859	10.6875
42	388	10.6875
42	1055	10.625
42	383	10.625
42	667	10.625
42	680	10.625
42	1068	10.5625
42	1148	10.5625
42	2050	10.5625
42	2053	10.5625
42	369	10.5625
42	382	10.5625
42	412	10.5625
42	661	10.5625
42	832	10.5625
42	229	10.5
42	401	10.5
42	695	10.5
42	768	10.5
42	1761	10.4375
42	1977	10.4375
42	345	10.4375
42	1941	10.375
42	2052	10.375
42	42	10.375
42	516	10.375
42	1077	10.3125
42	1215	10.3125
42	1916	10.3125
42	216	10.3125
42	546	10.3125
42	638	10.3125
42	814	10.3125
42	1146	10.25
42	1150	10.25
42	1394	10.25
42	2129	10.25
42	334	10.25
42	434	10.25
42	512	10.25
42	622	10.25
42	663	10.25
42	1145	10.1875
42	1152	10.1875
42	1217	10.1875
42	1453	10.1875
42	1856	10.1875
42	203	10.1875
42	2116	10.1875
42	2141	10.1875
42	361	10.1875
42	543	10.1875
42	567	10.1875
42	674	10.1875
42	802	10.1875
42	805	10.1875
42	941	10.1875
42	1295	10.125
42	139	10.125
42	1913	10.125
42	2111	10.125
42	373	10.125
42	525	10.125
42	572	10.125
42	577	10.125
42	735	10.125
42	0	10.0625
42	1938	10.0625
42	617	10.0625
43	389	9.3125
43	386	9.1875
43	382	8.75
43	550	8.6875
43	383	8.625
43	397	8.5
43	502	8.5
43	155	8.375
43	516	8.375
43	390	8.25
43	394	8.1875
43	387	8.125
43	2047	8.0625
43	312	8.0625
43	392	8.0625
43	498	8.0625
43	525	8.0625
43	398	8
43	385	7.96875
43	303	7.90625
43	527	7.875
43	393	7.84375
43	336	7.8125
43	659	7.75
43	1759	7.71875
43	391	7.71875
43	1780	7.65625
43	267	7.625
43	333	7.625
43	534	7.625
43	1017	7.59375
43	1786	7.59375
43	399	7.59375
43	547	7.59375
43	1012	7.5625
43	351	7.5625
43	663	7.53125
43	750	7.53125
43	1001	7.5
43	1805	7.5
43	2165	7.5
43	352	7.5
43	388	7.46875
43	1795	7.4375
43	1905	7.4375
43	2170	7.4375
43	257	7.4375
43	400	7.4375
43	585	7.4375
43	1806	7.40625
43	247	7.40625
43	344	7.40625
43	1963	7.375
43	556	7.375
43	302	7.34375
43	337	7.34375
43	549	7.34375
43	578	7.34375
43	670	7.34375
43	1762	7.3125
43	331	7.3125
43	1015	7.28125
43	1336	7.28125
43	1980	7.28125
43	326	7.28125
43	681	7.28125
43	1000	7.25
43	1037	7.25
43	1193	7.25
43	1144	7.21875
43	1190	7.15625
43	1837	7.15625
43	345	7.15625
43	359	7.15625
43	503	7.15625
43	565	7.15625
43	1741	7.125
43	201	7.125
43	262	7.125
43	316	7.125
43	1337	7.09375
43	1640	7.09375
43	2150	7.09375
43	258	7.09375
43	539	7.09375
43	581	7.09375
43	1525	7.0625
43	1789	7.0625
43	2136	7.0625
43	2168	7.0625
43	315	7.0625
43	430	7.0625
43	517	7.0625
43	564	7.0625
43	665	7.0625
43	669	7.0625
43	679	7.0625
43	335	7.03125
43	384	7.03125
43	680	7.03125
44	155	22.625
44	1784	22.625
44	2167	22.5
44	2165	22.125
44	1013	21.875
44	1017	21.875
44	1759	21.75
44	1761	21.75
44	2170	21.75
44	2150	21.5
44	1786	21.375
44	1762	21.25
44	2252	21.25
44	1012	20.875
44	1763	20.875
44	1780	20.875
44	1766	20.625
44	1015	20.5
44	1789	20.5
44	2151	20.5
44	2168	20.5
44	1001	20.25
44	1771	20.25
44	1000	20.125
44	2152	20
44	1002	19.75
44	1225	19.75
44	1135	19.625
44	1764	19.5
44	1787	19.375
44	2255	19.25
44	944	19.25
44	2153	18.875
44	1132	18.75
44	1158	18.625
44	1198	18.625
44	150	18.625
44	1175	18.5
44	127	18.5
44	2240	18.5
44	2249	18.5
44	1236	18.375
44	1959	18.375
44	386	18.375
44	1148	18.25
44	2169	18.25
44	2231	18.25
44	336	18.25
44	1010	18.125
44	1016	18.125
44	1018	18.125
44	1174	18.125
44	1942	18.125
44	1966	18.125
44	2244	18.125
44	118	18
44	1181	18
44	2229	18
44	932	18
44	1134	17.875
44	148	17.875
44	2158	17.875
44	2166	17.875
44	2253	17.875
44	1199	17.75
44	1758	17.75
44	1774	17.75
44	1866	17.75
44	188	17.75
44	2148	17.75
44	930	17.75
44	998	17.75
44	1765	17.625
44	1772	17.625
44	1773	17.625
44	2186	17.625
44	2230	17.625
44	2250	17.625
44	700	17.625
44	914	17.625
44	954	17.625
44	1003	17.5
44	1087	17.5
44	1154	17.5
44	1184	17.5
44	1215	17.5
44	1757	17.5
44	1958	17.5
44	2160	17.5
44	2270	17.5
44	1008	17.375
44	1033	17.375
44	116	17.375
44	1219	17.375
44	2147	17.375
44	2202	17.375
44	2237	17.375
44	371	17.375
44	694	17.375
44	927	17.375
45	100	25.125
45	2310	25.125
45	1201	24.875
45	300	24.875
45	2308	24.5
45	72	24.5
45	1954	24.375
45	598	24.375
45	1980	24.25
45	321	24.25
45	325	24.25
45	336	24.25
45	337	24
45	382	24
45	1198	23.875
45	386	23.875
45	549	23.875
45	1553	23.75
45	312	23.75
45	320	23.75
45	322	23.75
45	834	23.75
45	324	23.625
45	416	23.625
45	541	23.625
45	1609	23.5
45	1942	23.5
45	2305	23.5
45	301	23.5
45	319	23.5
45	344	23.5
45	525	23.5
45	579	23.5
45	207	23.375
45	2311	23.375
45	341	23.375
45	401	23.375
45	2090	23.25
45	2220	23.25
45	299	23.25
45	303	23.25
45	306	23.25
45	315	23.25
45	316	23.25
45	334	23.25
45	516	23.25
45	98	23.25
45	2206	23.125
45	323	23.125
45	1552	23
45	208	23
45	383	23
45	577	23
45	578	23
45	1200	22.875
45	330	22.875
45	345	22.875
45	509	22.875
45	514	22.875
45	545	22.875
45	712	22.875
45	1150	22.75
45	1527	22.75
45	2309	22.75
45	327	22.75
45	328	22.75
45	527	22.75
45	1391	22.625
45	1775	22.625
45	2008	22.625
45	302	22.625
45	338	22.625
45	515	22.625
45	538	22.625
45	543	22.625
45	917	22.625
45	922	22.625
45	1023	22.5
45	1152	22.5
45	1153	22.5
45	1207	22.5
45	1393	22.5
45	1652	22.5
45	1687	22.5
45	2248	22.5
45	385	22.5
45	544	22.5
45	635	22.5
45	70	22.5
45	1030	22.375
45	1165	22.375
45	1508	22.375
45	317	22.375
45	335	22.375
45	380	22.375
45	411	22.375
45	413	22.375
45	442	22.375
45	539	22.375
45	547	22.375
46	1577	18.125
46	1566	17.875
46	1567	17.125
46	78	17.125
46	1663	17
46	1695	16.625
46	80	16.625
46	1698	16.5
46	77	16.25
46	1561	16.125
46	1576	16.125
46	1565	15.9375
46	2309	15.8125
46	1676	15.625
46	1687	15.625
46	1701	15.5625
46	1201	15.5
46	1574	15.5
46	1699	15.5
46	1480	15.4375
46	1673	15.4375
46	1103	15.375
46	1106	15.375
46	385	15.375
46	700	15.375
46	1933	15.3125
46	1228	15.25
46	1611	15.25
46	1568	15.1875
46	2219	15.1875
46	2312	15.1875
46	900	15.1875
46	858	15.125
46	1579	15.0625
46	1581	15.0625
46	1389	15
46	1661	15
46	1684	15
46	1030	14.9375
46	1963	14.9375
46	383	14.875
46	731	14.875
46	1207	14.8125
46	1658	14.8125
46	1217	14.75
46	216	14.75
46	79	14.75
46	1198	14.6875
46	1700	14.6875
46	211	14.6875
46	1347	14.625
46	1348	14.625
46	1713	14.625
46	2248	14.625
46	1580	14.5625
46	1964	14.5625
46	2285	14.5625
46	1391	14.5
46	1583	14.5
46	1586	14.5
46	1962	14.5
46	306	14.5
46	1582	14.4375
46	1607	14.4375
46	1961	14.4375
46	299	14.4375
46	1356	14.375
46	1393	14.375
46	1655	14.375
46	221	14.375
46	300	14.375
46	349	14.375
46	802	14.375
46	2036	14.3125
46	2235	14.3125
46	2307	14.3125
46	1342	14.25
46	1664	14.25
46	1846	14.25
46	1970	14.25
46	2146	14.25
46	2209	14.25
46	2308	14.25
46	316	14.25
46	320	14.25
46	819	14.25
46	893	14.25
46	90	14.25
46	1044	14.1875
46	1206	14.1875
46	1572	14.1875
46	2076	14.1875
46	2103	14.1875
46	2220	14.1875
46	2310	14.1875
46	417	14.1875
46	856	14.1875
46	1210	14.125
46	1354	14.125
46	1560	14.125
47	1934	27.375
47	1942	25.25
47	1941	23
47	1775	22.875
47	513	22.875
47	2007	22.75
47	207	22.75
47	515	22.75
47	1198	22.375
47	1337	22.375
47	537	22.375
47	539	22.375
47	72	22.25
47	1120	22
47	138	22
47	1938	22
47	1010	21.875
47	1981	21.75
47	836	21.75
47	2163	21.625
47	336	21.625
47	522	21.625
47	548	21.625
47	1087	21.5
47	1731	21.5
47	1776	21.5
47	1903	21.5
47	1948	21.5
47	2186	21.5
47	2191	21.5
47	533	21.5
47	107	21.375
47	1609	21.375
47	175	21.375
47	1975	21.375
47	2149	21.375
47	345	21.375
47	552	21.375
47	1904	21.25
47	1961	21.25
47	1974	21.25
47	2072	21.25
47	527	21.25
47	805	21.25
47	826	21.25
47	2189	21.125
47	401	21.125
47	1059	21
47	1086	21
47	1152	21
47	1719	21
47	179	21
47	1925	21
47	1972	21
47	2137	21
47	2196	21
47	561	21
47	1231	20.875
47	2115	20.875
47	2132	20.875
47	2248	20.875
47	510	20.875
47	710	20.875
47	827	20.875
47	834	20.875
47	835	20.875
47	982	20.875
47	1070	20.75
47	170	20.75
47	1913	20.75
47	1933	20.75
47	198	20.75
47	2207	20.75
47	523	20.75
47	526	20.75
47	547	20.75
47	63	20.75
47	70	20.75
47	75	20.75
47	822	20.75
47	999	20.75
47	1381	20.625
47	1668	20.625
47	1679	20.625
47	17	20.625
47	1728	20.625
47	1945	20.625
47	1991	20.625
47	2059	20.625
47	2069	20.625
47	2152	20.625
47	2252	20.625
47	2277	20.625
47	40	20.625
47	528	20.625
47	541	20.625
47	767	20.625
47	837	20.625
47	86	20.625
47	96	20.625
48	1164	27.25
48	958	26.625
48	964	26.25
48	1158	25.875
48	142	25.875
48	709	25.625
48	1198	25.5
48	1200	25.5
48	960	25.5
48	150	25.375
48	141	25.25
48	961	25.25
48	1168	25.125
48	965	25.125
48	1179	25
48	134	25
48	2204	25
48	1010	24.875
48	2006	24.875
48	725	24.75
48	1143	24.625
48	1144	24.625
48	953	24.625
48	1148	24.5
48	724	24.5
48	728	24.5
48	938	24.5
48	1215	24.375
48	1781	24.375
48	2007	24.375
48	2292	24.375
48	765	24.375
48	1922	24.25
48	955	24.25
48	1149	24.125
48	2166	24.125
48	719	24.125
48	941	24.125
48	954	24.125
48	1151	24
48	1202	24
48	1207	24
48	1208	24
48	139	24
48	1949	24
48	2203	24
48	937	24
48	952	24
48	1000	23.875
48	1166	23.875
48	160	23.875
48	2151	23.875
48	2163	23.875
48	700	23.875
48	704	23.875
48	731	23.875
48	950	23.875
48	957	23.875
48	967	23.875
48	1172	23.75
48	1174	23.75
48	135	23.75
48	759	23.75
48	963	23.75
48	100	23.625
48	143	23.625
48	1870	23.625
48	2213	23.625
48	1021	23.5
48	1159	23.5
48	1178	23.5
48	154	23.5
48	2150	23.5
48	2161	23.5
48	2307	23.5
48	557	23.5
48	907	23.5
48	1078	23.375
48	1170	23.375
48	1250	23.375
48	127	23.375
48	128	23.375
48	138	23.375
48	1761	23.375
48	179	23.375
48	2004	23.375
48	2055	23.375
48	547	23.375
48	561	23.375
48	714	23.375
48	721	23.375
48	75	23.375
48	1001	23.25
48	1134	23.25
48	1135	23.25
48	1146	23.25
48	1154	23.25
48	158	23.25
48	2206	23.25
48	2216	23.25
49	1760	24.5
49	999	24.5
49	2149	24.25
49	1013	21.25
49	1784	20.75
49	552	20.75
49	1004	20.375
49	555	20.375
49	578	20.375
49	386	20.25
49	1765	20.125
49	598	20.125
49	2154	20
49	571	20
49	556	19.75
49	585	19.75
49	1337	19.625
49	373	19.5
49	514	19.5
49	569	19.5
49	611	19.5
49	606	19.375
49	1761	19.25
49	581	19.25
49	1992	19.125
49	334	19.125
49	335	19.125
49	336	19.125
49	341	19.125
49	82	19.125
49	1609	19
49	2151	19
49	337	19
49	538	19
49	546	19
49	570	19
49	310	18.875
49	544	18.875
49	610	18.875
49	1000	18.75
49	1480	18.75
49	2150	18.75
49	2167	18.75
49	515	18.75
49	545	18.75
49	549	18.75
49	1001	18.625
49	1991	18.625
49	345	18.625
49	511	18.625
49	624	18.625
49	1038	18.5
49	2222	18.5
49	2223	18.5
49	331	18.5
49	362	18.5
49	389	18.5
49	405	18.5
49	559	18.5
49	583	18.5
49	1014	18.375
49	1075	18.375
49	1689	18.375
49	1762	18.375
49	2306	18.375
49	394	18.375
49	413	18.375
49	416	18.375
49	448	18.375
49	517	18.375
49	537	18.375
49	620	18.375
49	1526	18.25
49	2194	18.25
49	388	18.25
49	392	18.25
49	393	18.25
49	420	18.25
49	427	18.25
49	513	18.25
49	547	18.25
49	622	18.25
49	1611	18.125
49	1641	18.125
49	1764	18.125
49	313	18.125
49	487	18.125
49	494	18.125
49	541	18.125
49	607	18.125
49	846	18.125
49	1669	18
49	170	18
49	1942	18
49	2008	18
49	2090	18
49	225	18
49	318	18
49	382	18
49	398	18
50	1849	25.5
50	1845	25.125
50	1830	25
50	1840	25
50	1841	24.5
50	1839	24.375
50	1833	24.25
50	1837	23.625
50	1800	23.375
50	1843	22.75
50	1820	22.125
50	1836	21.875
50	1838	21.75
50	1791	21.5
50	1797	21.5
50	1828	21.5
50	672	21.5
50	1965	21.25
50	2165	21.25
50	1294	21
50	715	21
50	155	20.875
50	1813	20.875
50	2223	20.875
50	228	20.875
50	944	20.875
50	1233	20.75
50	150	20.75
50	1846	20.75
50	2253	20.75
50	1151	20.625
50	1824	20.625
50	1826	20.625
50	2229	20.625
50	695	20.625
50	1201	20.5
50	2231	20.5
50	2255	20.5
50	2291	20.5
50	1012	20.375
50	1772	20.375
50	1780	20.375
50	1847	20.375
50	2167	20.375
50	2202	20.375
50	1154	20.25
50	1158	20.25
50	1217	20.25
50	1225	20.25
50	1758	20.25
50	1816	20.25
50	1819	20.25
50	1831	20.25
50	1929	20.25
50	2148	20.25
50	2158	20.25
50	222	20.25
50	2252	20.25
50	998	20.25
50	1771	20.125
50	1794	20.125
50	1852	20.125
50	2230	20.125
50	789	20.125
50	1810	20
50	1950	20
50	1993	20
50	2116	20
50	75	20
50	1017	19.875
50	1214	19.875
50	1234	19.875
50	1768	19.875
50	1827	19.875
50	1928	19.875
50	1949	19.875
50	669	19.875
50	914	19.875
50	1006	19.75
50	1103	19.75
50	1181	19.75
50	1203	19.75
50	1215	19.75
50	1763	19.75
50	1770	19.75
50	1790	19.75
50	1818	19.75
50	1822	19.75
50	1823	19.75
50	1844	19.75
50	2107	19.75
50	2191	19.75
50	266	19.75
50	1799	19.625
50	1848	19.625
50	211	19.625
50	2240	19.625
50	574	19.625
50	679	19.625
50	714	19.625
51	1225	19.5
51	2154	18.625
51	1766	18.5
51	2249	18.5
51	2252	18.5
51	1004	18.125
51	1013	18
51	1765	18
51	1762	17.625
51	1784	17.625
51	1761	17.5
51	1759	17.25
51	2150	17.25
51	2236	17.25
51	2250	17.25
51	1000	17.125
51	1001	17.125
51	2167	17.125
51	2090	17
51	2151	17
51	1219	16.875
51	1002	16.75
51	1209	16.75
51	2007	16.625
51	1866	16.5
51	2017	16.5
51	1035	16.375
51	929	16.375
51	990	16.375
51	1003	16.25
51	1198	16.25
51	1769	16.25
51	1986	16.25
51	2248	16.25
51	510	16.25
51	1226	16.125
51	1273	16.125
51	1763	16.125
51	2003	16.125
51	2087	16.125
51	2093	16.125
51	233	16.125
51	516	16.125
51	558	16.125
51	585	16.125
51	840	16.125
51	1014	16
51	1059	16
51	1184	16
51	1764	16
51	51	16
51	543	16
51	715	16
51	1207	15.9375
51	1821	15.9375
51	1937	15.875
51	2153	15.875
51	515	15.875
51	1097	15.8125
51	1103	15.8125
51	121	15.8125
51	45	15.8125
51	544	15.8125
51	730	15.8125
51	175	15.75
51	1975	15.75
51	366	15.75
51	50	15.75
51	539	15.75
51	2147	15.6875
51	2239	15.6875
51	368	15.6875
51	48	15.6875
51	574	15.6875
51	729	15.6875
51	814	15.6875
51	1132	15.625
51	1259	15.625
51	2186	15.625
51	2220	15.625
51	2237	15.625
51	2245	15.625
51	229	15.625
51	545	15.625
51	816	15.625
51	997	15.625
51	1087	15.5625
51	1108	15.5625
51	2152	15.5625
51	232	15.5625
51	75	15.5625
51	837	15.5625
51	983	15.5625
51	1199	15.5
51	2008	15.5
51	724	15.5
51	1086	15.4375
51	2195	15.4375
51	2196	15.4375
51	2230	15.4375
52	198	16.875
52	1199	16.625
52	1271	16.625
52	1033	16
52	1276	15.9375
52	2191	15.625
52	2190	15.5
52	199	15.4375
52	2187	15.3125
52	1088	15.25
52	1091	15.1875
52	2261	15.1875
52	1090	15.0625
52	2086	14.9375
52	1254	14.8125
52	190	14.8125
52	2260	14.8125
52	1102	14.75
52	197	14.75
52	2115	14.75
52	2266	14.75
52	1205	14.6875
52	2183	14.6875
52	1036	14.625
52	1268	14.625
52	195	14.625
52	203	14.625
52	2277	14.625
52	1084	14.5625
52	1230	14.5625
52	954	14.5
52	1184	14.4375
52	1195	14.4375
52	1963	14.4375
52	2082	14.4375
52	2087	14.4375
52	2258	14.4375
52	765	14.4375
52	1002	14.375
52	1267	14.375
52	188	14.375
52	2269	14.375
52	1108	14.3125
52	1246	14.3125
52	1870	14.3125
52	1916	14.3125
52	2088	14.3125
52	917	14.3125
52	958	14.3125
52	2192	14.25
52	1239	14.1875
52	1337	14.1875
52	1776	14.1875
52	193	14.1875
52	1954	14.1875
52	828	14.1875
52	1174	14.125
52	1185	14.125
52	1234	14.125
52	1953	14.125
52	2162	14.125
52	272	14.125
52	516	14.125
52	981	14.125
52	1198	14.0625
52	1260	14.0625
52	2107	14.0625
52	2182	14.0625
52	2248	14.0625
52	515	14.0625
52	68	14.0625
52	759	14.0625
52	1040	14
52	1059	14
52	1083	14
52	1200	14
52	1233	14
52	1882	14
52	1942	14
52	2221	14
52	906	14
52	1154	13.9375
52	1187	13.9375
52	1719	13.9375
52	1763	13.9375
52	1972	13.9375
52	2252	13.9375
52	2270	13.9375
52	248	13.9375
52	961	13.9375
52	100	13.875
52	1242	13.875
52	175	13.875
52	1867	13.875
52	1946	13.875
52	1957	13.875
52	1975	13.875
52	2152	13.875
52	2154	13.875
52	2279	13.875
53	2179	21.125
53	1052	21
53	2174	18.875
53	1975	18.75
53	1047	18.625
53	1048	18.5
53	1058	18.5
53	2175	18.5
53	2182	18
53	1083	17.875
53	1084	17.75
53	2183	17.75
53	62	17.75
53	1042	17.625
53	1185	17.625
53	1938	17.625
53	1972	17.625
53	827	17.625
53	833	17.625
53	2001	17.5
53	2098	17.5
53	1046	17.375
53	1056	17.375
53	1067	17.375
53	2003	17.375
53	2061	17.375
53	2180	17.375
53	2199	17.375
53	233	17.375
53	828	17.375
53	983	17.375
53	1	17.25
53	1180	17.25
53	2011	17.25
53	2074	17.25
53	2185	17.25
53	49	17.25
53	1053	17.125
53	1064	17.125
53	1081	17.125
53	1085	17.125
53	1099	17.125
53	1337	17.125
53	2075	17.125
53	2192	17.125
53	25	17.125
53	742	17.125
53	846	17.125
53	1061	17
53	1187	17
53	138	17
53	1990	17
53	754	17
53	820	17
53	985	17
53	1075	16.875
53	1082	16.875
53	1184	16.875
53	1971	16.875
53	1978	16.875
53	2007	16.875
53	2173	16.875
53	2181	16.875
53	2194	16.875
53	243	16.875
53	680	16.875
53	805	16.875
53	979	16.875
53	981	16.875
53	1070	16.75
53	2002	16.75
53	2005	16.75
53	2087	16.75
53	2184	16.75
53	31	16.75
53	730	16.75
53	757	16.75
53	761	16.75
53	830	16.75
53	832	16.75
53	835	16.75
53	1055	16.625
53	1063	16.625
53	1145	16.625
53	1870	16.625
53	190	16.625
53	1991	16.625
53	1997	16.625
53	2004	16.625
53	2012	16.625
53	2072	16.625
53	751	16.625
53	767	16.625
53	1096	16.5
53	1098	16.5
53	1142	16.5
53	121	16.5
53	1876	16.5
53	1977	16.5
53	1979	16.5
54	1727	25
54	1744	24.875
54	1725	24.5
54	1742	24.125
54	1729	23.375
54	1728	23.125
54	1750	23.125
54	1724	22.875
54	1634	22.375
54	1730	22.375
54	1688	22.25
54	1731	22.25
54	1540	22.125
54	1713	22.125
54	1647	22
54	1726	22
54	1562	21.875
54	1690	21.875
54	1743	21.875
54	1745	21.875
54	1678	21.75
54	1740	21.75
54	1341	21.625
54	1732	21.625
54	1733	21.625
54	1495	21.5
54	1747	21.5
54	513	21.5
54	1418	21.375
54	1702	21.375
54	1719	21.375
54	1756	21.375
54	1343	21.25
54	1707	21.25
54	1734	21.25
54	1736	21.25
54	1366	21.125
54	1532	21.125
54	1641	21.125
54	1676	21.125
54	1679	21.125
54	1708	21.125
54	1738	21.125
54	1329	21
54	1336	21
54	1451	21
54	1473	21
54	1549	21
54	1642	21
54	1665	21
54	1748	21
54	1754	21
54	1334	20.875
54	1548	20.875
54	1670	20.875
54	1675	20.875
54	1689	20.875
54	1751	20.875
54	1313	20.75
54	1662	20.75
54	1680	20.75
54	1687	20.75
54	1344	20.625
54	1526	20.625
54	1648	20.625
54	1668	20.625
54	1671	20.625
54	1683	20.625
54	1741	20.625
54	1752	20.625
54	1755	20.625
54	1644	20.5
54	1677	20.5
54	1682	20.5
54	1711	20.5
54	1309	20.375
54	1318	20.375
54	1351	20.375
54	1362	20.375
54	1610	20.375
54	1635	20.375
54	1646	20.375
54	1652	20.375
54	1716	20.375
54	1337	20.25
54	1492	20.25
54	1601	20.25
54	1643	20.25
54	1666	20.25
54	1669	20.25
54	1718	20.25
54	1335	20.125
54	1628	20.125
54	1633	20.125
54	1653	20.125
54	1681	20.125
54	1717	20.125
54	1542	20
54	1555	20
54	1609	20
55	2044	15.4375
55	2028	15.25
55	2043	15.25
55	2290	15.25
55	2045	14.875
55	2046	14.875
55	2295	14.4375
55	2035	14.1875
55	2300	14.1875
55	2298	14.0625
55	2202	14
55	2025	13.8125
55	2302	13.6875
55	2285	13.5
55	1918	13.25
55	1000	12.75
55	1761	12.5625
55	2034	12.5625
55	2150	12.5625
55	571	12.5625
55	639	12.4375
55	2303	12.375
55	51	12.375
55	338	12.3125
55	585	12.25
55	560	12.1875
55	566	12.1875
55	570	12.1875
55	610	12.1875
55	345	12.125
55	426	12.0625
55	557	12.0625
55	420	12
55	1209	11.9375
55	358	11.9375
55	598	11.9375
55	313	11.875
55	437	11.875
55	581	11.875
55	619	11.875
55	1428	11.8125
55	582	11.8125
55	1696	11.75
55	1836	11.75
55	554	11.75
55	2037	11.6875
55	532	11.6875
55	548	11.6875
55	561	11.6875
55	563	11.6875
55	344	11.625
55	543	11.625
55	555	11.625
55	139	11.5625
55	326	11.5625
55	481	11.5625
55	482	11.5625
55	565	11.5625
55	567	11.5625
55	578	11.5625
55	632	11.5625
55	652	11.5625
55	161	11.5
55	1756	11.5
55	1866	11.5
55	309	11.5
55	584	11.4375
55	335	11.375
55	559	11.375
55	569	11.375
55	630	11.375
55	1219	11.3125
55	1327	11.3125
55	1604	11.3125
55	339	11.3125
55	586	11.3125
55	614	11.3125
55	1208	11.25
55	1762	11.25
55	336	11.25
55	538	11.25
55	553	11.25
55	575	11.25
55	587	11.25
55	631	11.25
55	294	11.1875
55	311	11.1875
55	362	11.1875
55	380	11.1875
55	443	11.1875
55	480	11.1875
55	547	11.1875
55	574	11.1875
55	1134	11.125
55	2036	11.125
55	2207	11.125
55	2292	11.125
55	250	11.125
55	327	11.125
55	348	11.125
56	727	19.5
56	1234	18.875
56	2311	18.875
56	2219	18.75
56	2276	18.5
56	1223	18.375
56	1984	18.375
56	796	18.375
56	2087	18.25
56	63	18.25
56	1111	18.125
56	1222	18.125
56	2082	18.125
56	2305	18.125
56	823	18.125
56	1183	18
56	2085	18
56	2225	18
56	826	18
56	993	18
56	1228	17.875
56	1974	17.875
56	2015	17.875
56	54	17.875
56	838	17.875
56	979	17.875
56	2086	17.75
56	2275	17.75
56	1198	17.625
56	2088	17.625
56	2192	17.625
56	2200	17.625
56	2220	17.625
56	2266	17.625
56	822	17.625
56	1709	17.5
56	2222	17.5
56	1227	17.375
56	195	17.375
56	1978	17.375
56	2248	17.375
56	1039	17.25
56	1230	17.25
56	1972	17.25
56	1975	17.25
56	2098	17.25
56	2190	17.25
56	2191	17.25
56	536	17.25
56	544	17.25
56	62	17.25
56	834	17.25
56	1185	17.125
56	1934	17.125
56	197	17.125
56	1980	17.125
56	2091	17.125
56	2173	17.125
56	2187	17.125
56	2216	17.125
56	2217	17.125
56	548	17.125
56	995	17.125
56	1088	17
56	1090	17
56	1195	17
56	1233	17
56	1998	17
56	2001	17
56	2277	17
56	824	17
56	994	17
56	1106	16.875
56	1609	16.875
56	1707	16.875
56	1963	16.875
56	511	16.875
56	561	16.875
56	825	16.875
56	1045	16.75
56	1067	16.75
56	1187	16.75
56	1200	16.75
56	1246	16.75
56	1723	16.75
56	178	16.75
56	1907	16.75
56	1973	16.75
56	2000	16.75
56	2012	16.75
56	2097	16.75
56	2258	16.75
56	515	16.75
56	827	16.75
56	987	16.75
56	103	16.625
56	1046	16.625
56	107	16.625
56	1221	16.625
56	1258	16.625
57	2308	21.625
57	1201	21.25
57	2309	19.875
57	2305	19.75
57	1217	19.625
57	2213	19.5
57	401	19.5
57	1228	19.375
57	1480	19.25
57	1695	19.25
57	2310	19.25
57	385	19.25
57	1389	18.75
57	2312	18.75
57	383	18.75
57	542	18.625
57	858	18.625
57	1606	18.5
57	2222	18.5
57	2248	18.5
57	2311	18.5
57	541	18.5
57	1204	18.375
57	1567	18.375
57	1585	18.375
57	1608	18.375
57	1611	18.375
57	1617	18.375
57	1963	18.375
57	2203	18.375
57	2223	18.375
57	1628	18.25
57	1581	18.125
57	2236	18.125
57	2276	18.125
57	678	18.125
57	1152	18
57	1576	18
57	1701	18
57	1954	18
57	1962	18
57	796	18
57	80	18
57	1566	17.875
57	1683	17.875
57	215	17.875
57	2220	17.875
57	2228	17.875
57	2229	17.875
57	893	17.875
57	1209	17.75
57	1775	17.75
57	2046	17.75
57	2230	17.75
57	300	17.75
57	416	17.75
57	598	17.75
57	856	17.75
57	1153	17.625
57	1200	17.625
57	1210	17.625
57	1223	17.625
57	1328	17.625
57	1383	17.625
57	1393	17.625
57	2231	17.625
57	2304	17.625
57	24	17.625
57	1382	17.5
57	1532	17.5
57	1687	17.5
57	1964	17.5
57	2235	17.5
57	382	17.5
57	393	17.5
57	70	17.5
57	805	17.5
57	1361	17.375
57	1710	17.375
57	1716	17.375
57	2112	17.375
57	306	17.375
57	320	17.375
57	325	17.375
57	336	17.375
57	512	17.375
57	527	17.375
57	75	17.375
57	767	17.375
57	905	17.375
57	1103	17.25
57	1391	17.25
57	1549	17.25
57	1709	17.25
57	1718	17.25
57	1734	17.25
57	211	17.25
57	2219	17.25
57	2246	17.25
57	305	17.25
58	1925	20.375
58	1776	19.375
58	1922	19.25
58	207	18.5
58	206	18.25
58	215	18.25
58	217	18.125
58	1917	18
58	2112	17.75
58	1981	17.625
58	836	17.625
58	203	17.5
58	208	17.5
58	782	17.5
58	805	17.5
58	1166	17.375
58	796	17.375
58	801	17.375
58	834	17.375
58	216	17.25
58	1732	17.125
58	1916	17.125
58	2174	17.125
58	678	17.125
58	75	17.125
58	795	17.125
58	1827	17
58	1617	16.875
58	735	16.875
58	779	16.875
58	1941	16.75
58	1953	16.75
58	214	16.75
58	526	16.75
58	1687	16.625
58	1829	16.625
58	224	16.625
58	815	16.625
58	1195	16.5
58	1719	16.5
58	1921	16.5
58	210	16.5
58	2115	16.5
58	792	16.5
58	793	16.5
58	1047	16.375
58	1839	16.375
58	1978	16.375
58	2010	16.375
58	2266	16.375
58	776	16.375
58	814	16.375
58	1187	16.25
58	1826	16.25
58	188	16.25
58	1903	16.25
58	2203	16.25
58	800	16.25
58	811	16.25
58	812	16.25
58	979	16.25
58	1324	16.125
58	1782	16.125
58	1843	16.125
58	1924	16.125
58	1933	16.125
58	1934	16.125
58	768	16.125
58	775	16.125
58	1316	16
58	1320	16
58	218	16
58	2277	16
58	248	16
58	709	16
58	784	16
58	802	16
58	806	16
58	1196	15.9375
58	1679	15.9375
58	1935	15.9375
58	2206	15.9375
58	2245	15.9375
58	168	15.875
58	98	15.875
58	1075	15.8125
58	1198	15.8125
58	1231	15.8125
58	1775	15.8125
58	1813	15.8125
58	572	15.8125
58	632	15.8125
58	828	15.8125
58	981	15.8125
58	1149	15.75
58	1217	15.75
58	1239	15.75
58	142	15.75
58	1731	15.75
58	2116	15.75
59	1220	14.1875
59	34	14.1875
59	1937	13.75
59	1086	13.625
59	2196	13.625
59	840	13.5625
59	990	13.5625
59	1986	13.5
59	2017	13.3125
59	2184	13.25
59	23	13
59	56	13
59	986	13
59	2059	12.9375
59	2069	12.9375
59	2093	12.9375
59	1997	12.875
59	2180	12.875
59	48	12.875
59	88	12.875
59	1081	12.8125
59	1099	12.8125
59	2019	12.8125
59	1064	12.6875
59	2070	12.6875
59	1042	12.625
59	1096	12.625
59	833	12.625
59	1	12.5625
59	1082	12.5625
59	12	12.5625
59	2181	12.5
59	829	12.5
59	1053	12.4375
59	1995	12.4375
59	2073	12.4375
59	43	12.4375
59	992	12.4375
59	1073	12.375
59	1094	12.375
59	1951	12.375
59	1979	12.375
59	1999	12.375
59	40	12.375
59	1098	12.3125
59	2079	12.25
59	2097	12.25
59	232	12.25
59	987	12.25
59	1184	12.1875
59	2015	12.1875
59	820	12.1875
59	1936	12.125
59	1971	12.125
59	2098	12.125
59	2192	12.125
59	231	12.125
59	822	12.125
59	1959	12.0625
59	1972	12.0625
59	2005	12.0625
59	2050	12.0625
59	2061	12.0625
59	230	12.0625
59	1046	12
59	1067	12
59	2012	12
59	2074	12
59	2199	12
59	825	12
59	1938	11.9375
59	2197	11.9375
59	59	11.9375
59	843	11.9375
59	985	11.9375
59	1041	11.875
59	1187	11.875
59	2173	11.875
59	824	11.875
59	1045	11.8125
59	1061	11.8125
59	1075	11.8125
59	62	11.8125
59	994	11.8125
59	1973	11.75
59	2060	11.75
59	977	11.75
59	993	11.75
59	996	11.75
59	1996	11.6875
59	2003	11.6875
59	2194	11.6875
59	2198	11.6875
59	1051	11.625
59	1059	11.625
59	1080	11.625
59	1998	11.625
59	2057	11.625
59	2068	11.625
59	2178	11.625
60	606	10.9375
60	599	10.875
60	611	10.875
60	336	10.6875
60	598	10.6875
60	541	10.625
60	597	10.625
60	494	10.5
60	508	10.5
60	607	10.5
60	627	10.5
60	614	10.4375
60	631	10.4375
60	1785	10.375
60	422	10.375
60	498	10.375
60	499	10.375
60	574	10.375
60	589	10.375
60	613	10.375
60	619	10.375
60	493	10.3125
60	496	10.3125
60	501	10.3125
60	596	10.3125
60	602	10.25
60	502	10.125
60	510	10.125
60	523	10.125
60	605	10.125
60	626	10.125
60	497	10.0625
60	552	10.0625
60	591	10.0625
60	592	10.0625
60	615	10.0625
60	654	10.0625
60	530	10
60	603	10
60	511	9.9375
60	526	9.9375
60	608	9.9375
60	621	9.9375
60	1659	9.875
60	420	9.875
60	500	9.875
60	604	9.875
60	390	9.8125
60	393	9.8125
60	423	9.8125
60	431	9.8125
60	539	9.8125
60	595	9.75
60	600	9.75
60	846	9.75
60	1944	9.6875
60	333	9.6875
60	344	9.6875
60	532	9.6875
60	800	9.6875
60	1658	9.625
60	1722	9.625
60	2025	9.625
60	2209	9.625
60	354	9.625
60	572	9.625
60	593	9.625
60	622	9.625
60	624	9.625
60	805	9.625
60	1014	9.5625
60	2194	9.5625
60	411	9.5625
60	519	9.5625
60	534	9.5625
60	609	9.5625
60	1075	9.5
60	1253	9.5
60	1542	9.5
60	1614	9.5
60	1652	9.5
60	1990	9.5
60	345	9.5
60	426	9.5
60	435	9.5
60	533	9.5
60	632	9.5
60	1037	9.4375
60	1107	9.4375
60	1341	9.4375
60	1352	9.4375
60	1442	9.4375
60	1533	9.4375
60	1609	9.4375
60	1743	9.4375
60	1756	9.4375
60	290	9.4375
60	416	9.4375
60	424	9.4375
60	1102	9.375
61	1951	18.625
61	1184	18.25
61	1013	17.75
61	1993	16.5
61	1014	16.25
61	715	16.25
61	974	16.25
61	1046	16.125
61	1067	16.125
61	1221	16.125
61	1784	16.125
61	2061	16.125
61	817	16.125
61	2199	16
61	51	16
61	2219	15.9375
61	1217	15.875
61	2015	15.875
61	2098	15.875
61	2167	15.875
61	2004	15.8125
61	2097	15.8125
61	982	15.8125
61	1226	15.75
61	1942	15.75
61	1991	15.75
61	2011	15.75
61	2252	15.75
61	2003	15.6875
61	62	15.6875
61	2089	15.625
61	832	15.625
61	2002	15.5625
61	2223	15.5625
61	71	15.5625
61	835	15.5625
61	1185	15.5
61	2074	15.5
61	978	15.5
61	995	15.5
61	2005	15.4375
61	2086	15.4375
61	37	15.4375
61	769	15.4375
61	2007	15.375
61	2152	15.375
61	2237	15.375
61	836	15.3125
61	979	15.3125
61	138	15.25
61	43	15.25
61	50	15.25
61	1980	15.1875
61	2270	15.1875
61	825	15.1875
61	827	15.1875
61	833	15.1875
61	994	15.1875
61	1084	15.125
61	1180	15.125
61	1183	15.125
61	1201	15.125
61	1959	15.125
61	2183	15.125
61	2253	15.125
61	780	15.125
61	824	15.125
61	1561	15.0625
61	1977	15.0625
61	1981	15.0625
61	2156	15.0625
61	2209	15.0625
61	40	15.0625
61	789	15.0625
61	795	15.0625
61	1045	15
61	1070	15
61	1198	15
61	150	15
61	1975	15
61	2072	15
61	2096	15
61	1191	14.9375
61	1230	14.9375
61	1854	14.9375
61	1974	14.9375
61	1984	14.9375
61	2173	14.9375
61	31	14.9375
61	1	14.875
61	1593	14.875
61	2012	14.875
61	39	14.875
61	805	14.875
61	838	14.875
61	1187	14.8125
61	1711	14.8125
61	1973	14.8125
61	1998	14.8125
61	2082	14.8125
62	2113	18.875
62	1242	18.25
62	1259	18
62	1976	18
62	811	17.875
62	1108	17.75
62	1895	17.5
62	2118	17.5
62	2106	17.375
62	1265	17.25
62	2088	17.25
62	795	17.125
62	175	17
62	808	17
62	1191	16.875
62	2307	16.875
62	796	16.875
62	1195	16.75
62	2107	16.75
62	2281	16.75
62	1185	16.625
62	1189	16.625
62	2272	16.625
62	810	16.625
62	827	16.625
62	1232	16.5
62	2114	16.5
62	2269	16.5
62	801	16.5
62	828	16.5
62	1260	16.375
62	1904	16.375
62	1931	16.375
62	979	16.375
62	1184	16.25
62	1897	16.25
62	1981	16.25
62	2271	16.25
62	754	16.25
62	2010	16.125
62	2116	16.125
62	2234	16.125
62	236	16.125
62	730	16.125
62	805	16.125
62	961	16.125
62	143	16
62	44	16
62	738	16
62	836	16
62	1159	15.9375
62	2001	15.9375
62	1914	15.875
62	958	15.875
62	981	15.875
62	1196	15.8125
62	201	15.8125
62	2273	15.8125
62	40	15.8125
62	1202	15.75
62	1903	15.75
62	1923	15.75
62	2308	15.75
62	233	15.75
62	234	15.75
62	1055	15.6875
62	1102	15.6875
62	2276	15.6875
62	768	15.6875
62	1038	15.625
62	1241	15.625
62	1824	15.625
62	1869	15.625
62	1943	15.625
62	2108	15.625
62	46	15.625
62	833	15.625
62	1843	15.5625
62	1946	15.5625
62	2006	15.5625
62	2274	15.5625
62	2309	15.5625
62	816	15.5625
62	1015	15.5
62	1123	15.5
62	159	15.5
62	1860	15.5
62	2203	15.5
62	2310	15.5
62	2311	15.5
62	37	15.5
62	552	15.5
62	1040	15.4375
62	1110	15.4375
62	1939	15.4375
62	2104	15.4375
62	217	15.4375
62	2246	15.4375
62	2304	15.4375
62	19	15.375
63	2036	24.375
63	2037	24.125
63	2035	23.875
63	2046	23.5
63	2040	23.375
63	2039	23.25
63	2038	23
63	2207	22.75
63	2202	22.625
63	2025	22.5
63	2047	22.375
63	383	22.375
63	2045	22.25
63	1206	22.125
63	337	22.125
63	2203	22
63	2293	22
63	2301	22
63	2292	21.625
63	2206	21.5
63	336	21.5
63	420	21.375
63	2291	21.25
63	344	21.25
63	334	21
63	2302	20.875
63	2290	20.75
63	1227	20.625
63	2205	20.625
63	335	20.625
63	342	20.625
63	423	20.625
63	2034	20.375
63	2287	20.25
63	2294	20.25
63	358	20.25
63	917	20.125
63	922	20.125
63	2298	20
63	341	20
63	2027	19.875
63	2030	19.875
63	345	19.75
63	2044	19.625
63	2201	19.5
63	2029	19.375
63	2285	19.375
63	2204	19.25
63	2208	19.25
63	2295	19.25
63	578	19.25
63	2041	19.125
63	2288	19.125
63	2296	19.125
63	539	19.125
63	1350	19
63	1359	18.75
63	338	18.75
63	380	18.75
63	2028	18.375
63	2043	18.375
63	1565	18.25
63	2042	18.25
63	320	18.25
63	382	18.25
63	385	18.25
63	354	18.125
63	1224	18
63	1347	18
63	1355	18
63	2166	18
63	2283	18
63	303	18
63	805	18
63	328	17.875
63	547	17.875
63	553	17.875
63	1321	17.75
63	1605	17.75
63	2022	17.75
63	2048	17.75
63	304	17.75
63	306	17.75
63	315	17.75
63	550	17.75
63	1481	17.625
63	1585	17.625
63	2300	17.625
63	319	17.625
63	624	17.625
63	1397	17.5
63	1404	17.5
63	2247	17.5
63	314	17.5
63	352	17.5
63	397	17.5
63	525	17.5
63	1348	17.375
63	1567	17.375
63	1569	17.375
64	248	23.625
64	245	23.125
64	1186	23
64	266	23
64	2115	22.75
64	247	22.5
64	279	22.375
64	242	21.875
64	280	21.5
64	1192	21.25
64	241	20.875
64	249	20.5
64	274	20.375
64	250	20.125
64	281	20
64	1193	19.875
64	244	19.875
64	2112	19.75
64	246	19.75
64	282	19.625
64	1198	19.375
64	276	19.375
64	258	19.125
64	576	19.125
64	1194	19
64	251	19
64	17	18.875
64	1865	18.875
64	272	18.875
64	1181	18.625
64	179	18.625
64	1942	18.625
64	269	18.625
64	1059	18.5
64	243	18.5
64	257	18.375
64	1121	18.25
64	1184	18.25
64	1187	18.25
64	1948	18.25
64	1122	18.125
64	173	18.125
64	1830	18.125
64	2072	18.125
64	550	18.125
64	574	18.125
64	186	18
64	1866	18
64	267	18
64	294	18
64	516	18
64	805	18
64	1784	17.875
64	1876	17.875
64	229	17.875
64	293	17.875
64	391	17.875
64	938	17.875
64	1190	17.75
64	1199	17.75
64	170	17.75
64	184	17.75
64	2037	17.75
64	2270	17.75
64	373	17.75
64	565	17.75
64	602	17.75
64	611	17.75
64	749	17.75
64	1119	17.625
64	135	17.625
64	569	17.625
64	639	17.625
64	1013	17.5
64	1103	17.5
64	1120	17.5
64	1641	17.5
64	1864	17.5
64	51	17.5
64	537	17.5
64	549	17.5
64	741	17.5
64	796	17.5
64	1207	17.375
64	1265	17.375
64	2051	17.375
64	211	17.375
64	2174	17.375
64	259	17.375
64	44	17.375
64	539	17.375
64	724	17.375
64	739	17.375
64	795	17.375
64	990	17.375
64	1076	17.25
64	1179	17.25
64	1337	17.25
64	1836	17.25
64	1837	17.25
65	1934	31.5
65	207	28.75
65	1942	28.125
65	1775	26.875
65	179	26.875
65	2007	26.875
65	1918	26.625
65	217	26.375
65	69	25.75
65	1010	25.625
65	17	25.625
65	561	25.5
65	72	25.5
65	630	25.25
65	654	25.25
65	620	25.125
65	882	25.125
65	548	25
65	1648	24.875
65	1117	24.75
65	1941	24.75
65	336	24.625
65	338	24.625
65	574	24.625
65	1198	24.5
65	170	24.5
65	185	24.5
65	1917	24.5
65	2163	24.5
65	515	24.5
65	1120	24.375
65	1677	24.375
65	1687	24.375
65	184	24.375
65	173	24.25
65	1866	24.25
65	1954	24.25
65	2203	24.25
65	527	24.25
65	576	24.25
65	619	24.25
65	707	24.25
65	1122	24.125
65	1337	24.125
65	348	24.125
65	381	24.125
65	553	24.125
65	99	24.125
65	109	24
65	272	24
65	318	24
65	537	24
65	554	24
65	107	23.875
65	1179	23.875
65	1740	23.875
65	180	23.875
65	2298	23.875
65	540	23.875
65	601	23.875
65	100	23.75
65	1400	23.75
65	1402	23.75
65	1678	23.75
65	1726	23.75
65	494	23.75
65	538	23.75
65	541	23.75
65	562	23.75
65	611	23.75
65	644	23.75
65	1114	23.625
65	1248	23.625
65	1650	23.625
65	1865	23.625
65	216	23.625
65	368	23.625
65	373	23.625
65	490	23.625
65	526	23.625
65	529	23.625
65	530	23.625
65	533	23.625
65	613	23.625
65	198	23.5
65	2037	23.5
65	2089	23.5
65	425	23.5
65	552	23.5
65	578	23.5
65	938	23.5
65	1119	23.375
65	1250	23.375
65	1385	23.375
65	1399	23.375
65	1706	23.375
65	1729	23.375
65	1836	23.375
65	2050	23.375
65	2150	23.375
66	1800	27.375
66	1840	24.5
66	1797	23.625
66	1843	23.625
66	1841	23.125
66	1799	22.75
66	1845	22.75
66	1837	22.625
66	1836	22.375
66	1830	22.25
66	1798	22
66	1839	22
66	1820	21.875
66	1849	21.875
66	1838	21.75
66	1794	21.625
66	1833	21.5
66	1178	21.125
66	1848	21.125
66	1844	21
66	1826	20.875
66	1078	20.75
66	1792	20.75
66	1079	20.625
66	1824	20.625
66	2055	20.625
66	1303	20.5
66	2056	20.5
66	1282	20.375
66	1805	20.375
66	1829	20.125
66	2053	20.125
66	169	20
66	213	20
66	222	20
66	1828	19.875
66	1847	19.875
66	695	19.875
66	907	19.875
66	1111	19.75
66	1198	19.75
66	1846	19.75
66	2044	19.75
66	1806	19.625
66	1827	19.625
66	1932	19.625
66	1942	19.625
66	771	19.625
66	1074	19.5
66	1179	19.5
66	1280	19.5
66	1831	19.5
66	201	19.5
66	2032	19.5
66	2033	19.5
66	2080	19.5
66	2132	19.5
66	75	19.5
66	1102	19.375
66	18	19.375
66	1816	19.375
66	245	19.375
66	1117	19.25
66	1852	19.25
66	1946	19.25
66	211	19.25
66	2113	19.25
66	228	19.25
66	249	19.25
66	269	19.25
66	672	19.25
66	765	19.25
66	880	19.25
66	938	19.25
66	1240	19.125
66	1302	19.125
66	142	19.125
66	1810	19.125
66	1819	19.125
66	1918	19.125
66	1929	19.125
66	1930	19.125
66	2031	19.125
66	250	19.125
66	587	19.125
66	1010	19
66	1129	19
66	1134	19
66	1173	19
66	1288	19
66	1304	19
66	1809	19
66	1815	19
66	1817	19
66	2006	19
66	215	19
66	266	19
66	281	19
66	527	19
66	715	19
67	1104	13.3125
67	1111	13.1875
67	756	13.1875
67	2209	13.125
67	174	13
67	1106	12.9375
67	1108	12.9375
67	1102	12.875
67	1107	12.875
67	175	12.75
67	677	12.75
67	763	12.75
67	938	12.75
67	1750	12.625
67	1336	12.5625
67	765	12.5625
67	1232	12.5
67	173	12.5
67	2281	12.5
67	1118	12.4375
67	764	12.4375
67	1078	12.375
67	1244	12.375
67	705	12.375
67	741	12.375
67	1122	12.3125
67	737	12.3125
67	743	12.3125
67	1113	12.25
67	2044	12.25
67	795	12.25
67	170	12.1875
67	665	12.1875
67	668	12.1875
67	738	12.1875
67	739	12.1875
67	759	12.1875
67	1581	12.125
67	2047	12.125
67	2270	12.125
67	656	12.125
67	1429	12.0625
67	796	12.0625
67	1242	12
67	1610	12
67	1613	12
67	1942	12
67	598	12
67	72	12
67	187	11.9375
67	2038	11.9375
67	679	11.9375
67	742	11.9375
67	814	11.9375
67	904	11.9375
67	1217	11.875
67	1366	11.875
67	1683	11.875
67	1934	11.875
67	1243	11.8125
67	176	11.8125
67	1946	11.8125
67	816	11.8125
67	96	11.8125
67	1339	11.75
67	1549	11.75
67	1680	11.75
67	837	11.75
67	1246	11.6875
67	1334	11.6875
67	137	11.6875
67	1495	11.6875
67	1608	11.6875
67	1710	11.6875
67	172	11.6875
67	180	11.6875
67	233	11.6875
67	514	11.6875
67	70	11.6875
67	983	11.6875
67	1250	11.625
67	2269	11.625
67	306	11.625
67	344	11.625
67	536	11.625
67	555	11.625
67	678	11.625
67	769	11.625
67	1601	11.5625
67	1605	11.5625
67	1612	11.5625
67	178	11.5625
67	2024	11.5625
67	2299	11.5625
67	303	11.5625
67	69	11.5625
67	740	11.5625
67	761	11.5625
67	1114	11.5
67	1731	11.5
68	1090	25
68	2190	25
68	2277	25
68	1276	24.625
68	1088	24.5
68	197	24.5
68	2187	24.5
68	199	24.25
68	2192	24.25
68	1033	24.125
68	1091	24.125
68	1230	24
68	1271	24
68	2279	24
68	1036	23.875
68	1948	23.875
68	2191	23.875
68	195	23.75
68	2189	23.75
68	2260	23.75
68	1027	23.625
68	1087	23.625
68	2186	23.625
68	2188	23.625
68	2280	23.625
68	1267	23.375
68	192	23.375
68	2266	23.375
68	515	23.375
68	1274	23.25
68	1870	23.125
68	2248	23
68	196	22.875
68	2087	22.875
68	510	22.875
68	1089	22.75
68	1954	22.75
68	1957	22.75
68	2082	22.75
68	1199	22.625
68	190	22.625
68	514	22.625
68	598	22.625
68	1192	22.5
68	1750	22.5
68	541	22.5
68	1013	22.25
68	1555	22.25
68	1765	22.25
68	1769	22.25
68	2252	22.25
68	72	22.25
68	1341	22.125
68	1268	22
68	1688	22
68	983	22
68	1270	21.875
68	1273	21.875
68	188	21.875
68	805	21.875
68	1759	21.75
68	189	21.75
68	279	21.75
68	526	21.75
68	74	21.75
68	1246	21.625
68	1254	21.625
68	1487	21.625
68	1709	21.625
68	2086	21.625
68	1035	21.5
68	1343	21.5
68	1473	21.5
68	1495	21.5
68	1540	21.5
68	1719	21.5
68	198	21.5
68	2115	21.5
68	2153	21.5
68	703	21.5
68	837	21.5
68	1003	21.375
68	1205	21.375
68	1337	21.375
68	1463	21.375
68	1508	21.375
68	1611	21.375
68	1764	21.375
68	2221	21.375
68	2228	21.375
68	2261	21.375
68	512	21.375
68	513	21.375
68	533	21.375
68	1418	21.25
68	1775	21.25
68	1784	21.25
68	187	21.25
68	2085	21.25
68	2239	21.25
69	1918	22.5
69	1934	20
69	1942	19.375
69	1941	19.25
69	1135	19
69	18	19
69	767	19
69	1010	18.875
69	2116	18.75
69	1166	18.625
69	561	18.625
69	1285	18.5
69	1836	18.5
69	466	18.5
69	372	18.375
69	96	18.375
69	109	18.25
69	139	18.125
69	1776	18.125
69	216	18.125
69	463	18.125
69	1482	18
69	1775	18
69	2046	18
69	2242	18
69	370	18
69	550	18
69	961	18
69	1963	17.875
69	214	17.875
69	461	17.875
69	75	17.875
69	1339	17.75
69	1866	17.75
69	1953	17.75
69	707	17.75
69	155	17.625
69	17	17.625
69	170	17.625
69	1710	17.625
69	175	17.625
69	1882	17.625
69	1933	17.625
69	371	17.625
69	428	17.625
69	472	17.625
69	882	17.625
69	1839	17.5
69	1865	17.5
69	1981	17.5
69	229	17.5
69	349	17.5
69	563	17.5
69	930	17.5
69	1039	17.375
69	114	17.375
69	119	17.375
69	1719	17.375
69	1946	17.375
69	1950	17.375
69	1957	17.375
69	2223	17.375
69	458	17.375
69	464	17.375
69	495	17.375
69	530	17.375
69	533	17.375
69	566	17.375
69	1108	17.25
69	1178	17.25
69	1210	17.25
69	1481	17.25
69	269	17.25
69	456	17.25
69	554	17.25
69	836	17.25
69	116	17.125
69	1321	17.125
69	1636	17.125
69	1721	17.125
69	173	17.125
69	1819	17.125
69	1980	17.125
69	2277	17.125
69	323	17.125
69	455	17.125
69	502	17.125
69	834	17.125
69	1050	17
69	117	17
69	118	17
69	1195	17
69	1198	17
69	120	17
69	1422	17
69	1427	17
69	1478	17
69	1616	17
69	1677	17
69	1828	17
70	2182	12.5
70	1083	12.375
70	1165	12.3125
70	1676	12.25
70	2108	12.25
70	401	12.25
70	561	12.1875
70	2203	12.125
70	516	12.125
70	1024	12
70	2207	12
70	416	12
70	557	12
70	572	12
70	2154	11.9375
70	1023	11.875
70	335	11.8125
70	2293	11.75
70	2107	11.625
70	426	11.625
70	491	11.625
70	1020	11.5625
70	2109	11.5625
70	336	11.5625
70	427	11.5
70	548	11.5
70	1942	11.4375
70	2150	11.4375
70	1153	11.375
70	1611	11.375
70	2151	11.375
70	413	11.375
70	539	11.375
70	552	11.375
70	1265	11.3125
70	1609	11.3125
70	2292	11.3125
70	1760	11.25
70	534	11.25
70	538	11.25
70	143	11.1875
70	2264	11.1875
70	791	11.1875
70	703	11.125
70	2008	11.0625
70	468	11.0625
70	513	11.0625
70	577	11.0625
70	1237	11
70	1939	11
70	412	11
70	508	11
70	533	11
70	579	11
70	581	11
70	1253	10.9375
70	193	10.9375
70	345	10.9375
70	411	10.9375
70	450	10.9375
70	583	10.9375
70	1266	10.875
70	1557	10.875
70	1943	10.875
70	293	10.875
70	443	10.875
70	444	10.875
70	567	10.875
70	1004	10.8125
70	1903	10.8125
70	338	10.8125
70	386	10.8125
70	442	10.8125
70	504	10.8125
70	74	10.8125
70	1650	10.75
70	1956	10.75
70	1980	10.75
70	234	10.75
70	295	10.75
70	348	10.75
70	414	10.75
70	550	10.75
70	718	10.75
70	1765	10.6875
70	1931	10.6875
70	2089	10.6875
70	2106	10.6875
70	2149	10.6875
70	342	10.6875
70	496	10.6875
70	554	10.6875
70	793	10.6875
70	1131	10.625
70	1234	10.625
70	203	10.625
70	2167	10.625
70	223	10.625
70	559	10.625
70	563	10.625
71	1274	20.5
71	1036	20.25
71	1037	19.75
71	1275	19.5
71	1035	18.875
71	1273	18.5
71	1276	18.25
71	1551	16.875
71	1429	16.5
71	193	16.5
71	1562	16.375
71	1418	16.25
71	1428	16.25
71	1142	16.125
71	1690	16.125
71	1742	16
71	1768	16
71	1411	15.9375
71	523	15.9375
71	1312	15.875
71	1315	15.875
71	442	15.8125
71	1394	15.75
71	1338	15.6875
71	1585	15.6875
71	2209	15.6875
71	1343	15.625
71	1703	15.625
71	2269	15.625
71	1366	15.5625
71	1430	15.5625
71	1785	15.5625
71	1219	15.5
71	1421	15.5
71	1755	15.5
71	730	15.4375
71	1311	15.375
71	1349	15.375
71	1726	15.375
71	511	15.375
71	1102	15.3125
71	1253	15.3125
71	1308	15.3125
71	1473	15.3125
71	1495	15.3125
71	1743	15.3125
71	1581	15.1875
71	515	15.1875
71	1014	15.125
71	1516	15.125
71	1711	15.125
71	359	15.125
71	425	15.125
71	542	15.125
71	1013	15.0625
71	1702	15.0625
71	1730	15.0625
71	1741	15.0625
71	1756	15.0625
71	1414	15
71	1427	15
71	1464	15
71	1512	15
71	1588	15
71	1348	14.9375
71	1415	14.9375
71	1601	14.9375
71	1617	14.9375
71	1676	14.9375
71	306	14.9375
71	1077	14.875
71	1440	14.875
71	1541	14.875
71	1563	14.875
71	1610	14.875
71	1615	14.875
71	1750	14.875
71	421	14.875
71	426	14.875
71	885	14.875
71	1352	14.8125
71	1708	14.8125
71	2052	14.8125
71	2210	14.8125
71	305	14.8125
71	70	14.8125
71	795	14.8125
71	803	14.8125
71	1309	14.75
71	1341	14.75
71	1472	14.75
71	1481	14.75
71	1508	14.75
71	1679	14.75
71	1724	14.75
71	1317	14.6875
71	1328	14.6875
71	1565	14.6875
71	1731	14.6875
71	1243	14.625
72	547	21.75
72	556	21.75
72	549	21.375
72	548	21.125
72	565	21.125
72	578	21.125
72	558	21
72	546	20.875
72	552	20.75
72	586	20.75
72	390	20.625
72	344	20.5
72	539	20.5
72	563	20.5
72	632	20.5
72	582	20.375
72	585	20.375
72	336	20.25
72	525	20.25
72	545	20.25
72	550	20.25
72	581	20.25
72	559	20
72	574	20
72	533	19.875
72	555	19.875
72	579	19.875
72	383	19.75
72	543	19.625
72	554	19.625
72	560	19.625
72	394	19.5
72	527	19.5
72	538	19.5
72	541	19.5
72	567	19.5
72	331	19.375
72	335	19.375
72	382	19.375
72	389	19.375
72	516	19.375
72	510	19.25
72	598	19.25
72	345	19.125
72	400	19.125
72	566	19.125
72	569	19.125
72	575	19.125
72	580	19.125
72	386	19
72	393	19
72	398	19
72	534	19
72	577	19
72	639	19
72	420	18.875
72	522	18.875
72	544	18.875
72	553	18.875
72	561	18.875
72	576	18.875
72	619	18.875
72	708	18.875
72	361	18.75
72	397	18.75
72	427	18.75
72	442	18.75
72	570	18.75
72	583	18.75
72	337	18.625
72	385	18.625
72	498	18.625
72	521	18.625
72	572	18.625
72	584	18.625
72	347	18.5
72	388	18.5
72	502	18.5
72	557	18.5
72	571	18.5
72	285	18.375
72	286	18.375
72	354	18.375
72	1148	18.25
72	333	18.25
72	350	18.25
72	369	18.25
72	391	18.25
72	449	18.25
72	526	18.25
72	532	18.25
72	568	18.25
72	592	18.25
72	731	18.25
72	338	18.125
72	380	18.125
72	620	18.125
72	654	18.125
72	1390	18
72	1525	18
73	1164	22.125
73	1144	21
73	1143	20.75
73	1168	20.625
73	134	20.625
73	141	20.375
73	958	20.375
73	150	20.125
73	160	20.125
73	725	20.125
73	1146	20
73	1158	20
73	142	20
73	143	19.875
73	700	19.875
73	724	19.875
73	704	19.75
73	709	19.75
73	721	19.75
73	1148	19.625
73	1160	19.625
73	1173	19.625
73	728	19.625
73	953	19.625
73	954	19.625
73	1175	19.5
73	1207	19.5
73	2116	19.5
73	719	19.5
73	955	19.5
73	138	19.375
73	684	19.375
73	941	19.375
73	952	19.375
73	139	19.25
73	938	19.25
73	945	19.25
73	1135	19.125
73	1166	19.125
73	689	19.125
73	957	19.125
73	972	19.125
73	1140	19
73	135	19
73	1949	19
73	696	19
73	942	19
73	961	19
73	1151	18.875
73	118	18.875
73	1236	18.875
73	127	18.875
73	950	18.875
73	962	18.875
73	1149	18.75
73	1159	18.75
73	1208	18.75
73	154	18.75
73	159	18.75
73	715	18.75
73	932	18.75
73	937	18.75
73	963	18.75
73	1123	18.625
73	1125	18.625
73	1132	18.625
73	1134	18.625
73	1174	18.625
73	140	18.625
73	927	18.625
73	928	18.625
73	965	18.625
73	967	18.625
73	1117	18.5
73	1161	18.5
73	1172	18.5
73	1959	18.5
73	2166	18.5
73	111	18.375
73	1127	18.375
73	128	18.375
73	717	18.375
73	718	18.375
73	913	18.375
73	960	18.375
73	119	18.25
73	151	18.25
73	1950	18.25
73	939	18.25
73	971	18.25
73	1000	18.125
73	1010	18.125
73	146	18.125
73	1762	18.125
73	1865	18.125
73	2165	18.125
73	837	18.125
73	969	18.125
73	123	18
73	156	18
74	2037	13.8125
74	2287	12.9375
74	1206	12.8125
74	2039	12.5625
74	2035	12.5
74	2038	12.5
74	2040	12.5
74	2291	12.5
74	2298	12.4375
74	337	12.4375
74	383	12.4375
74	2036	12.375
74	2293	12.375
74	2207	12.3125
74	335	12.125
74	420	12.125
74	2046	11.8125
74	2202	11.8125
74	2204	11.8125
74	2292	11.8125
74	2045	11.75
74	2203	11.75
74	334	11.75
74	358	11.6875
74	1227	11.5625
74	2150	11.5625
74	336	11.5
74	354	11.5
74	547	11.4375
74	1017	11.375
74	2030	11.375
74	554	11.375
74	2205	11.3125
74	344	11.3125
74	1761	11.25
74	2301	11.25
74	1878	11.1875
74	2206	11.1875
74	2288	11.1875
74	345	11.1875
74	2029	11.125
74	2044	11.125
74	2302	11.0625
74	2027	11
74	2300	11
74	1000	10.9375
74	2290	10.9375
74	1001	10.875
74	2025	10.875
74	382	10.875
74	578	10.875
74	2151	10.8125
74	342	10.8125
74	549	10.8125
74	553	10.8125
74	1762	10.75
74	2170	10.75
74	550	10.75
74	2285	10.6875
74	338	10.6875
74	539	10.625
74	1766	10.5625
74	315	10.5625
74	2294	10.5
74	2303	10.5
74	353	10.5
74	1789	10.375
74	1786	10.3125
74	2048	10.3125
74	2201	10.3125
74	572	10.3125
74	1165	10.25
74	2168	10.25
74	229	10.25
74	598	10.25
74	1010	10.1875
74	2041	10.1875
74	2295	10.1875
74	2296	10.1875
74	582	10.1875
74	316	10.125
74	328	10.125
74	386	10.125
74	688	10.125
74	341	10.0625
74	385	10.0625
74	2028	10
74	2286	10
74	333	10
74	570	10
74	2043	9.9375
74	2047	9.9375
74	360	9.9375
74	380	9.9375
74	917	9.9375
74	1874	9.875
74	423	9.875
74	577	9.875
74	1015	9.8125
74	350	9.8125
75	97	22.5
75	1367	18.25
75	314	18.25
75	1371	17.875
75	1374	17.625
75	1496	17.5
75	1383	17.375
75	1622	17.375
75	1627	17.375
75	324	17.375
75	1369	17.25
75	1466	17.25
75	315	17.25
75	323	17.25
75	410	17.25
75	1368	17.125
75	1370	17.125
75	1507	17.125
75	1623	17
75	409	17
75	434	17
75	1477	16.875
75	1543	16.875
75	408	16.875
75	415	16.875
75	1372	16.75
75	1407	16.75
75	1422	16.75
75	313	16.75
75	1375	16.625
75	1542	16.625
75	1631	16.625
75	1642	16.625
75	325	16.625
75	423	16.625
75	436	16.625
75	1378	16.5
75	1394	16.5
75	1596	16.5
75	1737	16.5
75	510	16.5
75	99	16.5
75	1432	16.375
75	1521	16.375
75	1599	16.375
75	1626	16.375
75	1661	16.375
75	412	16.375
75	417	16.375
75	562	16.375
75	1195	16.25
75	1340	16.25
75	1454	16.25
75	1474	16.25
75	1511	16.25
75	1589	16.25
75	1621	16.25
75	1654	16.25
75	1685	16.25
75	1724	16.25
75	405	16.25
75	1376	16.125
75	1509	16.125
75	1619	16.125
75	1872	16.125
75	312	16.125
75	393	16.125
75	1196	16
75	1206	16
75	1355	16
75	1373	16
75	1393	16
75	1671	16
75	1740	16
75	1881	16
75	712	16
75	1329	15.9375
75	1502	15.9375
75	438	15.9375
75	64	15.9375
75	1307	15.875
75	1363	15.875
75	1388	15.875
75	1735	15.875
75	207	15.875
75	1656	15.8125
75	1731	15.8125
75	403	15.8125
75	637	15.8125
75	1365	15.75
75	1512	15.75
75	1576	15.75
75	1630	15.75
75	1934	15.75
75	217	15.75
75	26	15.75
75	406	15.75
75	421	15.75
75	428	15.75
75	443	15.75
76	1837	23.25
76	1827	21.125
76	75	20.5
76	1836	20.375
76	188	20.25
76	1853	19.875
76	168	19.625
76	1776	19.5
76	678	19.5
76	1166	19.375
76	1838	19.25
76	1839	19.125
76	1762	18.875
76	1835	18.875
76	1843	18.875
76	2203	18.75
76	715	18.75
76	2307	18.625
76	882	18.625
76	1129	18.5
76	1813	18.5
76	2008	18.5
76	2150	18.5
76	2166	18.5
76	2235	18.5
76	972	18.5
76	114	18.375
76	1195	18.375
76	169	18.375
76	179	18.375
76	1000	18.25
76	1001	18.25
76	1017	18.25
76	1161	18.25
76	139	18.25
76	674	18.25
76	938	18.25
76	961	18.25
76	1143	18.125
76	1174	18.125
76	1196	18.125
76	1240	18.125
76	1761	18.125
76	1822	18.125
76	2151	18.125
76	1103	18
76	1175	18
76	148	18
76	2170	18
76	2221	18
76	547	18
76	2167	17.875
76	1131	17.75
76	1132	17.75
76	1252	17.75
76	156	17.75
76	1722	17.75
76	1766	17.75
76	1778	17.75
76	416	17.75
76	995	17.75
76	1159	17.625
76	143	17.625
76	1789	17.625
76	1833	17.625
76	1845	17.625
76	1953	17.625
76	2217	17.625
76	69	17.625
76	947	17.625
76	965	17.625
76	1018	17.5
76	1137	17.5
76	1138	17.5
76	1160	17.5
76	1172	17.5
76	1173	17.5
76	1208	17.5
76	1279	17.5
76	130	17.5
76	158	17.5
76	1828	17.5
76	1830	17.5
76	2085	17.5
76	2233	17.5
76	661	17.5
76	705	17.5
76	835	17.5
76	934	17.5
76	964	17.5
76	982	17.5
76	1015	17.375
76	116	17.375
76	1234	17.375
76	138	17.375
76	167	17.375
76	1786	17.375
76	1802	17.375
76	1840	17.375
76	228	17.375
77	816	16.375
77	738	16
77	740	15.5625
77	510	15.5
77	668	15.4375
77	598	15.375
77	1750	15.1875
77	545	15.1875
77	810	15.1875
77	1954	15.0625
77	334	15.0625
77	1656	15
77	722	15
77	796	15
77	565	14.9375
77	576	14.9375
77	715	14.9375
77	566	14.875
77	179	14.8125
77	229	14.8125
77	575	14.8125
77	705	14.8125
77	80	14.8125
77	808	14.8125
77	1103	14.75
77	577	14.75
77	1622	14.6875
77	420	14.6875
77	814	14.6875
77	1495	14.625
77	547	14.625
77	549	14.625
77	554	14.625
77	556	14.625
77	774	14.625
77	1160	14.5625
77	2209	14.5625
77	2228	14.5625
77	338	14.5625
77	567	14.5625
77	703	14.5625
77	525	14.5
77	579	14.5
77	741	14.5
77	1172	14.4375
77	1336	14.4375
77	1934	14.4375
77	2269	14.4375
77	570	14.4375
77	1207	14.375
77	2246	14.375
77	2280	14.375
77	516	14.375
77	546	14.375
77	558	14.375
77	561	14.375
77	574	14.375
77	795	14.375
77	805	14.375
77	1953	14.3125
77	233	14.3125
77	559	14.3125
77	1112	14.25
77	1140	14.25
77	1195	14.25
77	543	14.25
77	552	14.25
77	700	14.25
77	756	14.25
77	1174	14.1875
77	135	14.1875
77	1424	14.1875
77	1654	14.1875
77	1882	14.1875
77	1942	14.1875
77	2024	14.1875
77	331	14.1875
77	427	14.1875
77	435	14.1875
77	640	14.1875
77	1116	14.125
77	1148	14.125
77	1170	14.125
77	1688	14.125
77	18	14.125
77	1958	14.125
77	2245	14.125
77	548	14.125
77	739	14.125
77	837	14.125
77	137	14.0625
77	1382	14.0625
77	1775	14.0625
77	178	14.0625
77	1946	14.0625
77	2270	14.0625
77	336	14.0625
77	382	14.0625
77	580	14.0625
77	731	14.0625
78	2045	16.5
78	2025	16.125
78	2037	16.125
78	2293	16.125
78	155	15.875
78	1759	15.875
78	2039	15.5625
78	2038	15.5
78	2207	15.4375
78	2291	15.375
78	2035	15.3125
78	2046	15.3125
78	2169	15.3125
78	1140	15.25
78	1787	15.25
78	2202	15.25
78	1771	15.1875
78	2040	15.1875
78	2290	15.1875
78	1012	15.0625
78	1206	15.0625
78	1761	15.0625
78	1786	15.0625
78	1789	15.0625
78	1015	15
78	1016	15
78	2203	15
78	2168	14.9375
78	2170	14.9375
78	2250	14.9375
78	691	14.9375
78	1762	14.875
78	2165	14.875
78	236	14.875
78	1000	14.8125
78	1001	14.8125
78	1017	14.8125
78	1225	14.8125
78	2036	14.8125
78	2206	14.8125
78	2295	14.8125
78	547	14.8125
78	2030	14.75
78	2047	14.75
78	2287	14.75
78	2301	14.75
78	143	14.6875
78	2112	14.6875
78	2151	14.6875
78	2292	14.6875
78	802	14.6875
78	900	14.6875
78	944	14.625
78	1003	14.5625
78	1164	14.5625
78	1219	14.5625
78	1780	14.5625
78	2029	14.5625
78	2150	14.5625
78	2027	14.5
78	229	14.5
78	2302	14.5
78	120	14.4375
78	1209	14.4375
78	715	14.4375
78	75	14.4375
78	928	14.4375
78	1013	14.375
78	119	14.375
78	2034	14.375
78	2132	14.375
78	2252	14.375
78	728	14.375
78	943	14.375
78	1227	14.3125
78	1882	14.3125
78	2048	14.3125
78	1118	14.25
78	1172	14.25
78	1907	14.25
78	2158	14.25
78	2288	14.25
78	880	14.25
78	1765	14.1875
78	1874	14.1875
78	1991	14.1875
78	2090	14.1875
78	2259	14.1875
78	2294	14.1875
78	729	14.1875
78	1004	14.125
78	1764	14.125
78	1772	14.125
78	1946	14.125
78	2044	14.125
78	697	14.125
78	922	14.125
78	1002	14.0625
78	1014	14.0625
78	1134	14.0625
79	1840	18.875
79	1841	18.375
79	1843	18.375
79	1829	18.25
79	1844	17.375
79	1838	17.25
79	1813	17
79	1837	17
79	1830	16.5
79	1839	16.5
79	1810	16.375
79	1819	16.375
79	1828	16.25
79	1835	16.125
79	938	16
79	1809	15.8125
79	1811	15.6875
79	1833	15.6875
79	1827	15.625
79	1195	15.5
79	1832	15.4375
79	1800	15.375
79	1846	15.375
79	1831	15.3125
79	672	15.25
79	1196	15.1875
79	1812	15.1875
79	1794	15
79	1801	14.9375
79	1816	14.9375
79	1845	14.875
79	1108	14.75
79	1826	14.75
79	266	14.75
79	1102	14.6875
79	1797	14.6875
79	2290	14.6875
79	2046	14.625
79	68	14.625
79	1820	14.5625
79	1399	14.5
79	1815	14.5
79	1818	14.5
79	1285	14.4375
79	1537	14.4375
79	1808	14.4375
79	1934	14.4375
79	2044	14.4375
79	206	14.4375
79	2150	14.4375
79	1822	14.375
79	1836	14.375
79	75	14.375
79	1805	14.3125
79	66	14.3125
79	1286	14.25
79	795	14.25
79	1142	14.1875
79	1244	14.1875
79	1791	14.1875
79	1807	14.1875
79	2213	14.1875
79	138	14.125
79	170	14.125
79	1852	14.125
79	1882	14.125
79	1922	14.125
79	954	14.125
79	1799	14.0625
79	1823	14.0625
79	207	14.0625
79	1166	14
79	210	14
79	526	14
79	961	14
79	1187	13.9375
79	1312	13.9375
79	2025	13.9375
79	203	13.9375
79	2056	13.9375
79	2112	13.9375
79	219	13.9375
79	547	13.9375
79	110	13.875
79	1288	13.875
79	1337	13.875
79	228	13.875
79	306	13.875
79	882	13.875
79	1383	13.8125
79	217	13.8125
79	2194	13.8125
79	2214	13.8125
79	226	13.8125
79	2269	13.8125
79	246	13.8125
79	1210	13.75
79	168	13.75
79	172	13.75
79	1792	13.75
80	1148	21.875
80	724	21.625
80	1170	21.125
80	141	21
80	2191	20.75
80	1091	20.625
80	1154	20.625
80	941	20.625
80	1172	20.5
80	1198	20.5
80	1186	20.375
80	225	20.25
80	1135	20.125
80	712	20.125
80	2219	20
80	731	20
80	1867	19.875
80	2007	19.875
80	1941	19.75
80	715	19.75
80	1113	19.625
80	1168	19.625
80	700	19.625
80	925	19.625
80	1295	19.5
80	2006	19.5
80	2087	19.5
80	2090	19.5
80	695	19.5
80	709	19.5
80	725	19.5
80	1056	19.375
80	1174	19.375
80	1822	19.375
80	547	19.375
80	703	19.375
80	705	19.375
80	708	19.375
80	714	19.375
80	1106	19.25
80	1153	19.25
80	1155	19.25
80	1165	19.25
80	1207	19.25
80	142	19.25
80	177	19.25
80	1932	19.25
80	1943	19.25
80	245	19.25
80	834	19.25
80	1150	19.125
80	1201	19.125
80	1239	19.125
80	1762	19.125
80	1933	19.125
80	233	19.125
80	548	19.125
80	723	19.125
80	1001	19
80	1151	19
80	1160	19
80	1203	19
80	1292	19
80	140	19
80	1922	19
80	208	19
80	2115	19
80	217	19
80	515	19
80	710	19
80	722	19
80	805	19
80	952	19
80	1152	18.875
80	1180	18.875
80	1215	18.875
80	1903	18.875
80	2004	18.875
80	228	18.875
80	2311	18.875
80	552	18.875
80	558	18.875
80	561	18.875
80	586	18.875
80	683	18.875
80	720	18.875
80	721	18.875
80	938	18.875
80	1000	18.75
80	1059	18.75
80	1123	18.75
80	1145	18.75
80	1187	18.75
80	134	18.75
80	160	18.75
80	188	18.75
80	1907	18.75
80	2091	18.75
80	336	18.75
80	656	18.75
81	45	17
81	48	16.875
81	2237	16.375
81	2239	16.375
81	2160	16.25
81	2017	16
81	51	16
81	1033	15.9375
81	1937	15.875
81	1986	15.875
81	999	15.875
81	46	15.8125
81	990	15.8125
81	1219	15.75
81	649	15.75
81	840	15.75
81	2149	15.6875
81	2169	15.6875
81	2093	15.625
81	236	15.5
81	1259	15.4375
81	1523	15.4375
81	1540	15.375
81	569	15.375
81	1760	15.3125
81	223	15.3125
81	513	15.3125
81	1008	15.25
81	1773	15.25
81	377	15.25
81	2170	15.1875
81	248	15.1875
81	1189	15.125
81	1917	15.125
81	652	15.125
81	1190	15.0625
81	1532	15.0625
81	1991	15.0625
81	526	15.0625
81	944	15.0625
81	1018	15
81	1265	15
81	1266	15
81	1634	15
81	50	15
81	1186	14.9375
81	1524	14.9375
81	1665	14.9375
81	1714	14.9375
81	2155	14.9375
81	2171	14.9375
81	527	14.9375
81	554	14.9375
81	727	14.9375
81	1271	14.875
81	1361	14.875
81	2074	14.875
81	39	14.875
81	568	14.875
81	1225	14.8125
81	1526	14.8125
81	1789	14.8125
81	292	14.8125
81	370	14.8125
81	485	14.8125
81	534	14.8125
81	583	14.8125
81	797	14.8125
81	1184	14.75
81	1513	14.75
81	2195	14.75
81	2210	14.75
81	420	14.75
81	1016	14.6875
81	1035	14.6875
81	1097	14.6875
81	1514	14.6875
81	536	14.6875
81	1226	14.625
81	1273	14.625
81	1602	14.625
81	350	14.625
81	373	14.625
81	510	14.625
81	544	14.625
81	56	14.625
81	604	14.625
81	947	14.625
81	107	14.5625
81	1769	14.5625
81	1830	14.5625
81	2279	14.5625
81	245	14.5625
81	296	14.5625
81	345	14.5625
81	388	14.5625
81	1358	14.5
81	1455	14.5
81	1766	14.5
81	229	14.5
82	1830	20.875
82	1849	20
82	1845	19.375
82	1833	19.25
82	1791	19
82	1837	18.875
82	1840	18.875
82	1824	18.375
82	1800	18.25
82	1846	18.25
82	155	18.125
82	1836	18
82	1838	18
82	1794	17.875
82	1818	17.875
82	2165	17.875
82	1852	17.75
82	228	17.75
82	1758	17.625
82	1810	17.625
82	1820	17.625
82	1843	17.625
82	2148	17.625
82	998	17.625
82	1813	17.5
82	715	17.375
82	944	17.375
82	1841	17.25
82	1796	17.125
82	1831	17.125
82	2253	17.125
82	2306	17.125
82	672	17.125
82	1822	17
82	1839	17
82	2308	17
82	1797	16.875
82	1819	16.875
82	1826	16.875
82	1958	16.875
82	938	16.875
82	1017	16.75
82	1965	16.75
82	2231	16.75
82	1015	16.625
82	150	16.625
82	1786	16.625
82	1816	16.625
82	1828	16.625
82	1929	16.625
82	2240	16.625
82	1158	16.5
82	1963	16.5
82	2086	16.5
82	2158	16.5
82	2223	16.5
82	2229	16.5
82	669	16.5
82	679	16.5
82	914	16.5
82	1134	16.375
82	1193	16.375
82	1225	16.375
82	1802	16.375
82	2311	16.375
82	808	16.375
82	1010	16.25
82	1079	16.25
82	1151	16.25
82	1282	16.25
82	1930	16.25
82	2091	16.25
82	2167	16.25
82	75	16.25
82	931	16.25
82	1172	16.125
82	1201	16.125
82	1294	16.125
82	1772	16.125
82	1789	16.125
82	2168	16.125
82	222	16.125
82	2245	16.125
82	714	16.125
82	882	16.125
82	1215	16
82	1803	16
82	1950	16
82	211	16
82	2116	16
82	2138	16
82	695	16
82	934	16
82	1002	15.9375
82	1006	15.9375
82	1131	15.9375
82	1175	15.9375
82	1217	15.9375
82	1233	15.9375
82	148	15.9375
83	2274	17
83	1260	15.6875
83	1265	15.375
83	173	15.375
83	1040	15.3125
83	1030	15.1875
83	170	15.1875
83	2107	15.1875
83	2108	15.125
83	338	15.125
83	423	15.0625
83	561	15.0625
83	2037	15
83	2111	14.9375
83	620	14.9375
83	1282	14.875
83	673	14.8125
83	1034	14.75
83	1272	14.75
83	2116	14.75
83	2260	14.75
83	552	14.75
83	566	14.75
83	1882	14.6875
83	1038	14.625
83	264	14.625
83	1250	14.5625
83	2086	14.5625
83	2261	14.5625
83	564	14.5625
83	1266	14.5
83	1942	14.5
83	621	14.5
83	96	14.5
83	1028	14.4375
83	1262	14.4375
83	2038	14.4375
83	547	14.4375
83	611	14.4375
83	1104	14.375
83	1656	14.375
83	198	14.375
83	2044	14.375
83	2048	14.375
83	556	14.375
83	565	14.375
83	109	14.3125
83	1276	14.3125
83	560	14.3125
83	1856	14.25
83	2036	14.25
83	253	14.25
83	598	14.25
83	655	14.25
83	1261	14.1875
83	2109	14.1875
83	497	14.1875
83	548	14.1875
83	1165	14.125
83	2072	14.125
83	2183	14.125
83	503	14.125
83	571	14.125
83	605	14.125
83	1084	14.0625
83	1337	14.0625
83	1881	14.0625
83	563	14.0625
83	665	14.0625
83	68	14.0625
83	1112	14
83	425	14
83	502	14
83	557	14
83	578	14
83	676	14
83	796	14
83	1234	13.9375
83	1866	13.9375
83	2106	13.9375
83	2191	13.9375
83	248	13.9375
83	607	13.9375
83	630	13.9375
83	631	13.9375
83	672	13.9375
83	1170	13.875
83	1198	13.875
83	1869	13.875
83	1897	13.875
83	206	13.875
83	2270	13.875
83	2290	13.875
83	313	13.875
83	333	13.875
83	411	13.875
83	558	13.875
83	567	13.875
83	577	13.875
83	1242	13.8125
84	1925	8.1875
84	206	8.0625
84	207	8.0625
84	1916	7.96875
84	215	7.96875
84	203	7.9375
84	1920	7.90625
84	1921	7.90625
84	1924	7.90625
84	216	7.90625
84	1812	7.875
84	1946	7.875
84	1818	7.84375
84	1917	7.84375
84	214	7.84375
84	217	7.8125
84	218	7.8125
84	1748	7.75
84	208	7.75
84	210	7.75
84	767	7.75
84	1650	7.6875
84	1809	7.6875
84	1882	7.65625
84	763	7.65625
84	1337	7.625
84	1732	7.625
84	1860	7.625
84	209	7.625
84	219	7.625
84	1762	7.59375
84	1944	7.59375
84	204	7.59375
84	2278	7.59375
84	983	7.5625
84	1339	7.53125
84	1420	7.53125
84	1827	7.53125
84	1922	7.53125
84	321	7.53125
84	682	7.53125
84	1286	7.5
84	144	7.5
84	1640	7.5
84	1663	7.5
84	267	7.5
84	782	7.5
84	837	7.5
84	117	7.46875
84	1195	7.46875
84	1257	7.46875
84	1826	7.46875
84	330	7.46875
84	40	7.46875
84	800	7.46875
84	1001	7.4375
84	1231	7.4375
84	1617	7.4375
84	1802	7.4375
84	1829	7.4375
84	795	7.4375
84	796	7.4375
84	947	7.4375
84	1641	7.40625
84	1801	7.40625
84	1811	7.40625
84	1815	7.40625
84	1898	7.40625
84	1923	7.40625
84	3	7.40625
84	322	7.40625
84	686	7.40625
84	793	7.40625
84	853	7.40625
84	1000	7.375
84	1579	7.375
84	1810	7.375
84	1890	7.375
84	1896	7.375
84	1913	7.375
84	247	7.375
84	678	7.375
84	777	7.375
84	801	7.375
84	892	7.375
84	895	7.375
84	1018	7.34375
84	1036	7.34375
84	1196	7.34375
84	1263	7.34375
84	1558	7.34375
84	1582	7.34375
84	1609	7.34375
84	1719	7.34375
84	1808	7.34375
84	1837	7.34375
84	1838	7.34375
84	1883	7.34375
84	1931	7.34375
84	2021	7.34375
85	1769	22.125
85	2166	21.875
85	2159	21.625
85	1009	21.5
85	1010	21.25
85	2163	21.25
85	1198	20.75
85	2165	20.375
85	1922	20.25
85	2151	20.25
85	1953	20
85	2150	19.875
85	1761	19.75
85	1000	19.625
85	1200	19.625
85	2162	19.5
85	1001	19.25
85	2161	19.25
85	1762	19.125
85	1012	19
85	1160	19
85	1959	19
85	2152	19
85	1763	18.875
85	1780	18.75
85	1002	18.625
85	1005	18.625
85	1766	18.625
85	1949	18.625
85	2170	18.625
85	955	18.625
85	1266	18.5
85	155	18.5
85	1236	18.375
85	2155	18.125
85	2260	18.125
85	1774	18
85	1017	17.875
85	1767	17.875
85	1164	17.75
85	1966	17.75
85	2276	17.75
85	2261	17.625
85	2266	17.625
85	944	17.625
85	188	17.5
85	2265	17.5
85	401	17.5
85	160	17.375
85	2258	17.375
85	1276	17.25
85	141	17.25
85	2256	17.25
85	2275	17.25
85	703	17.25
85	1023	17.125
85	1268	17.125
85	2263	17.125
85	2264	17.125
85	2274	17.125
85	2277	17.125
85	704	17.125
85	913	17.125
85	1021	17
85	118	17
85	1207	17
85	1789	17
85	1954	17
85	2272	17
85	2279	17
85	699	17
85	715	17
85	731	17
85	932	17
85	1267	16.875
85	1273	16.875
85	1963	16.875
85	2269	16.875
85	2270	16.875
85	1260	16.75
85	1272	16.75
85	2160	16.75
85	2280	16.75
85	397	16.75
85	700	16.75
85	100	16.625
85	1022	16.625
85	1152	16.625
85	1172	16.625
85	1175	16.625
85	1206	16.625
85	1262	16.625
85	1950	16.625
85	2089	16.625
85	2205	16.625
85	2241	16.625
85	1173	16.5
85	1255	16.5
85	1265	16.5
85	1271	16.5
86	1127	21
86	143	20.25
86	956	20.125
86	1132	20
86	139	19.75
86	963	19.25
86	1143	18.625
86	928	18.5
86	1134	18.375
86	686	18.375
86	1144	18.25
86	1159	18.125
86	954	18.125
86	972	18.125
86	1135	17.875
86	146	17.875
86	932	17.875
86	114	17.75
86	1174	17.75
86	118	17.625
86	119	17.625
86	1208	17.625
86	964	17.625
86	965	17.625
86	156	17.5
86	691	17.5
86	1173	17.375
86	150	17.375
86	1161	17.25
86	134	17.25
86	141	17.25
86	927	17.25
86	149	17.125
86	728	17.125
86	950	17.125
86	1131	17
86	123	17
86	719	17
86	957	17
86	960	17
86	961	17
86	1168	16.875
86	161	16.875
86	945	16.875
86	955	16.875
86	696	16.75
86	148	16.625
86	127	16.5
86	158	16.5
86	709	16.5
86	958	16.5
86	1148	16.375
86	1158	16.375
86	1164	16.375
86	130	16.375
86	142	16.375
86	159	16.375
86	969	16.375
86	1149	16.25
86	1236	16.25
86	1125	16.125
86	1145	16.125
86	1146	16.125
86	1175	16.125
86	138	16.125
86	154	16.125
86	2116	16.125
86	718	16.125
86	941	16.125
86	1151	16
86	934	16
86	967	16
86	1123	15.9375
86	128	15.9375
86	165	15.9375
86	1949	15.9375
86	935	15.9375
86	953	15.9375
86	1160	15.875
86	704	15.8125
86	952	15.8125
86	700	15.75
86	942	15.75
86	962	15.75
86	129	15.6875
86	152	15.6875
86	111	15.625
86	113	15.625
86	1166	15.625
86	131	15.625
86	151	15.625
86	135	15.5625
86	124	15.5
86	971	15.5
86	692	15.4375
86	699	15.4375
86	937	15.4375
86	938	15.4375
86	145	15.375
86	946	15.375
87	744	19
87	748	18.875
87	752	18.5
87	764	18.25
87	762	18
87	803	18
87	751	17.875
87	754	17.75
87	756	17.5
87	757	17.5
87	770	17.5
87	796	17.5
87	750	17.25
87	769	17.25
87	791	17.25
87	806	17.25
87	736	17.125
87	745	17.125
87	760	17.125
87	753	17
87	759	17
87	771	17
87	740	16.875
87	749	16.875
87	780	16.875
87	805	16.875
87	810	16.875
87	814	16.875
87	746	16.625
87	761	16.625
87	776	16.625
87	795	16.625
87	735	16.375
87	763	16.375
87	802	16.375
87	1905	16.25
87	227	16.25
87	768	16.25
87	774	16.25
87	775	16.25
87	1298	16.125
87	233	16.125
87	779	16.125
87	1946	16
87	758	16
87	800	16
87	816	15.9375
87	738	15.875
87	755	15.875
87	794	15.875
87	747	15.8125
87	766	15.8125
87	832	15.8125
87	773	15.75
87	765	15.6875
87	1300	15.625
87	1191	15.5625
87	1299	15.5625
87	226	15.5625
87	767	15.5625
87	811	15.5
87	236	15.4375
87	31	15.4375
87	234	15.3125
87	809	15.3125
87	789	15.25
87	815	15.1875
87	782	15.125
87	1977	15.0625
87	201	15.0625
87	174	15
87	19	15
87	2269	14.9375
87	33	14.9375
87	801	14.9375
87	1075	14.875
87	1353	14.875
87	804	14.875
87	1076	14.8125
87	1261	14.8125
87	1751	14.8125
87	2051	14.8125
87	2194	14.8125
87	2209	14.8125
87	62	14.8125
87	1077	14.75
87	2052	14.75
87	808	14.75
87	831	14.75
87	1058	14.6875
87	24	14.6875
87	827	14.6875
87	1048	14.625
87	1080	14.625
87	2057	14.625
87	2098	14.625
87	729	14.625
87	742	14.625
87	1185	14.5625
87	1975	14.5625
88	216	19.125
88	217	19
88	206	18.875
88	208	18.75
88	214	18.5
88	1925	18.25
88	1776	18.125
88	207	18
88	1922	17.75
88	1916	17.625
88	1917	17.5
88	218	17.5
88	215	17.375
88	203	17.25
88	1782	17.125
88	1813	17.125
88	210	17.125
88	1166	17
88	1924	17
88	1941	16.875
88	75	16.875
88	1775	16.75
88	1921	16.75
88	1933	16.75
88	802	16.625
88	1882	16.5
88	1022	16.375
88	1802	16.375
88	1934	16.375
88	204	16.375
88	242	16.375
88	1981	16.25
88	836	16.25
88	96	16.25
88	979	16.25
88	1819	16.125
88	2112	16.125
88	736	16.125
88	1216	16
88	1231	16
88	1918	16
88	1903	15.9375
88	1932	15.9375
88	2115	15.9375
88	767	15.9375
88	1953	15.875
88	63	15.875
88	668	15.875
88	1164	15.8125
88	1913	15.8125
88	2046	15.8125
88	1820	15.75
88	2120	15.75
88	2278	15.75
88	1059	15.6875
88	2116	15.6875
88	2207	15.6875
88	678	15.6875
88	1045	15.625
88	1215	15.625
88	219	15.625
88	2192	15.625
88	248	15.625
88	907	15.625
88	919	15.625
88	1183	15.5625
88	1827	15.5625
88	183	15.5625
88	1843	15.5625
88	1872	15.5625
88	1902	15.5625
88	826	15.5625
88	18	15.5
88	2086	15.5
88	209	15.5
88	2198	15.5
88	2203	15.5
88	983	15.5
88	1192	15.4375
88	1826	15.4375
88	188	15.4375
88	1978	15.4375
88	677	15.4375
88	834	15.4375
88	837	15.4375
88	1176	15.375
88	1974	15.375
88	226	15.375
88	2293	15.375
88	1021	15.3125
88	1187	15.3125
88	1938	15.3125
88	2185	15.3125
88	62	15.3125
88	813	15.3125
88	825	15.3125
88	88	15.3125
88	961	15.3125
88	1165	15.25
88	1198	15.25
89	561	20.625
89	154	20.5
89	1125	20.25
89	687	20.25
89	688	20.125
89	1174	20
89	1198	20
89	552	20
89	704	20
89	2150	19.875
89	1259	19.75
89	1292	19.75
89	1761	19.75
89	547	19.75
89	1013	19.625
89	1127	19.625
89	158	19.625
89	1762	19.625
89	1784	19.625
89	2008	19.625
89	2252	19.625
89	2292	19.625
89	715	19.625
89	2151	19.5
89	2165	19.5
89	1000	19.375
89	1001	19.375
89	1876	19.25
89	690	19.25
89	1103	19.125
89	1145	19.125
89	1170	19.125
89	2031	19.125
89	932	19.125
89	1003	19
89	1048	19
89	1151	19
89	118	19
89	1209	19
89	1225	19
89	2166	19
89	2167	19
89	46	19
89	973	19
89	1058	18.875
89	1059	18.875
89	155	18.875
89	1766	18.875
89	2038	18.875
89	2153	18.875
89	2169	18.875
89	2203	18.875
89	222	18.875
89	229	18.875
89	557	18.875
89	724	18.875
89	929	18.875
89	982	18.875
89	1135	18.75
89	131	18.75
89	1383	18.75
89	1765	18.75
89	1866	18.75
89	188	18.75
89	1934	18.75
89	1946	18.75
89	1980	18.75
89	2090	18.75
89	2170	18.75
89	2175	18.75
89	2192	18.75
89	677	18.75
89	927	18.75
89	1010	18.625
89	1014	18.625
89	1184	18.625
89	1236	18.625
89	1280	18.625
89	130	18.625
89	179	18.625
89	1954	18.625
89	2037	18.625
89	2168	18.625
89	2204	18.625
89	2221	18.625
89	338	18.625
89	569	18.625
89	580	18.625
89	668	18.625
89	806	18.625
89	923	18.625
89	1002	18.5
89	1015	18.5
89	1038	18.5
89	1040	18.5
89	1108	18.5
89	1154	18.5
89	1294	18.5
89	143	18.5
89	170	18.5
90	1048	22.375
90	1058	22.25
90	1963	22.25
90	2175	22.125
90	827	22.125
90	1187	21.875
90	1975	21.25
90	1186	20.75
90	1239	20.625
90	155	20.5
90	2165	20.5
90	700	20.5
90	1976	20.375
90	217	20.375
90	2191	20.375
90	2244	20.375
90	1091	20.25
90	2059	20.25
90	2006	20.125
90	2069	20.125
90	218	20.125
90	724	20.125
90	75	20.125
90	973	20.125
90	1175	20
90	1972	20
90	688	20
90	927	20
90	954	20
90	1200	19.875
90	1762	19.875
90	2116	19.875
90	2245	19.875
90	1000	19.75
90	1001	19.75
90	1220	19.75
90	127	19.75
90	1761	19.75
90	1922	19.75
90	1980	19.75
90	2183	19.75
90	228	19.75
90	463	19.75
90	722	19.75
90	1012	19.625
90	1084	19.625
90	1780	19.625
90	1921	19.625
90	2150	19.625
90	1010	19.5
90	1154	19.5
90	1198	19.5
90	1236	19.5
90	2151	19.5
90	834	19.5
90	1056	19.375
90	114	19.375
90	1206	19.375
90	1867	19.375
90	372	19.375
90	687	19.375
90	710	19.375
90	822	19.375
90	1292	19.25
90	143	19.25
90	2242	19.25
90	2291	19.25
90	349	19.25
90	564	19.25
90	88	19.25
90	1135	19.125
90	1174	19.125
90	1179	19.125
90	1426	19.125
90	150	19.125
90	1828	19.125
90	1934	19.125
90	2072	19.125
90	401	19.125
90	1125	19
90	1184	19
90	1225	19
90	1288	19
90	1759	19
90	198	19
90	2129	19
90	2160	19
90	2161	19
90	2167	19
90	229	19
90	455	19
90	520	19
90	558	19
90	836	19
90	1002	18.875
90	1181	18.875
90	1485	18.875
90	1766	18.875
90	1853	18.875
90	1902	18.875
91	2245	13.6875
91	715	12.75
91	1873	12.6875
91	1902	12.625
91	1955	12.5625
91	1105	12.5
91	1209	12.5
91	2248	12.25
91	1775	12.125
91	1196	12.0625
91	1148	12
91	1982	12
91	563	12
91	1092	11.875
91	135	11.875
91	289	11.875
91	54	11.875
91	60	11.875
91	632	11.875
91	1255	11.8125
91	547	11.8125
91	1294	11.75
91	1687	11.75
91	1776	11.75
91	543	11.75
91	559	11.75
91	703	11.75
91	101	11.6875
91	1216	11.6875
91	1782	11.6875
91	578	11.6875
91	1198	11.625
91	188	11.625
91	2117	11.625
91	338	11.625
91	700	11.625
91	836	11.625
91	941	11.625
91	1022	11.5625
91	1769	11.5625
91	2008	11.5625
91	546	11.5625
91	574	11.5625
91	586	11.5625
91	598	11.5625
91	796	11.5625
91	133	11.5
91	1866	11.5
91	1981	11.5
91	2037	11.5
91	334	11.5
91	714	11.5
91	1164	11.4375
91	1259	11.4375
91	179	11.4375
91	2262	11.4375
91	447	11.4375
91	601	11.4375
91	722	11.4375
91	1000	11.375
91	1277	11.375
91	2203	11.375
91	2252	11.375
91	335	11.375
91	552	11.375
91	980	11.375
91	699	11.3125
91	80	11.3125
91	1777	11.25
91	1859	11.25
91	1954	11.25
91	2026	11.25
91	561	11.25
91	571	11.25
91	1117	11.1875
91	1154	11.1875
91	1217	11.1875
91	1392	11.1875
91	1781	11.1875
91	1953	11.1875
91	420	11.1875
91	545	11.1875
91	555	11.1875
91	557	11.1875
91	568	11.1875
91	656	11.1875
91	689	11.1875
91	729	11.1875
91	958	11.1875
91	1206	11.125
91	1207	11.125
91	138	11.125
91	448	11.125
91	469	11.125
91	560	11.125
91	576	11.125
91	723	11.125
91	1010	11.0625
91	1178	11.0625
91	118	11.0625
92	192	26.875
92	1027	26.5
92	2280	26.25
92	2279	26.125
92	2189	26
92	2186	25
92	1087	24.875
92	1276	24.75
92	1036	24.625
92	1033	24.5
92	1271	24
92	1274	23.75
92	1192	23.5
92	1948	23.5
92	1199	23.375
92	1526	22.875
92	199	22.875
92	2187	22.875
92	2277	22.875
92	1267	22.75
92	1088	22.625
92	1750	22.625
92	1765	22.5
92	2093	22.5
92	510	22.5
92	56	22.5
92	2260	22.375
92	1090	22.25
92	1273	22.25
92	197	22.25
92	2192	22.25
92	336	22.25
92	541	22.25
92	1270	22.125
92	2154	22.125
92	279	22.125
92	514	22.125
92	552	22.125
92	2190	22
92	2239	22
92	1508	21.875
92	2266	21.875
92	425	21.875
92	515	21.875
92	1268	21.75
92	195	21.75
92	198	21.75
92	231	21.75
92	1004	21.625
92	1091	21.625
92	1669	21.625
92	539	21.625
92	1230	21.5
92	1275	21.5
92	1742	21.5
92	190	21.5
92	2017	21.5
92	2278	21.5
92	1005	21.375
92	1086	21.375
92	1707	21.375
92	1749	21.375
92	1870	21.375
92	1874	21.375
92	2188	21.375
92	2196	21.375
92	48	21.375
92	1517	21.25
92	1611	21.25
92	1957	21.25
92	1991	21.25
92	2153	21.25
92	381	21.25
92	512	21.25
92	516	21.25
92	1013	21.125
92	1035	21.125
92	1343	21.125
92	1634	21.125
92	1761	21.125
92	1784	21.125
92	1986	21.125
92	2228	21.125
92	419	21.125
92	840	21.125
92	990	21.125
92	1037	21
92	1666	21
92	1723	21
92	2115	21
92	2191	21
92	2261	21
92	1339	20.875
92	1513	20.875
92	1709	20.875
92	1759	20.875
92	1762	20.875
92	1958	20.875
92	1992	20.875
92	2082	20.875
93	1837	29.125
93	1827	28.875
93	1835	23
93	1776	22.25
93	1836	21.875
93	1838	21.875
93	1853	21.75
93	1762	21.375
93	2150	21.25
93	2167	21.125
93	2171	21.125
93	188	21
93	1000	20.875
93	1761	20.875
93	1828	20.875
93	1840	20.875
93	2151	20.875
93	1017	20.75
93	1018	20.75
93	1843	20.75
93	2166	20.75
93	1001	20.625
93	1166	20.625
93	1766	20.625
93	75	20.625
93	1234	20.5
93	380	20.5
93	1195	20.375
93	1786	20.25
93	1813	20.25
93	2170	20.25
93	1015	20.125
93	1174	20.125
93	1789	20.125
93	942	20.125
93	168	20
93	678	20
93	1640	19.875
93	2008	19.875
93	2168	19.875
93	526	19.875
93	727	19.875
93	1009	19.75
93	995	19.75
93	139	19.625
93	1839	19.625
93	2159	19.625
93	2290	19.625
93	138	19.5
93	1769	19.5
93	2221	19.5
93	2244	19.5
93	2307	19.5
93	537	19.5
93	1196	19.375
93	1778	19.375
93	2209	19.375
93	693	19.375
93	972	19.375
93	2203	19.25
93	800	19.25
93	114	19.125
93	116	19.125
93	1671	19.125
93	1722	19.125
93	1829	19.125
93	520	19.125
93	548	19.125
93	661	19.125
93	688	19.125
93	1151	19
93	150	19
93	156	19
93	1617	19
93	444	19
93	715	19
93	947	19
93	963	19
93	1102	18.875
93	17	18.875
93	1701	18.875
93	1809	18.875
93	2202	18.875
93	306	18.875
93	368	18.875
93	1277	18.75
93	1430	18.75
93	1595	18.75
93	1784	18.75
93	538	18.75
93	69	18.75
93	834	18.75
93	938	18.75
93	1132	18.625
93	1175	18.625
93	130	18.625
93	1308	18.625
93	1328	18.625
93	143	18.625
93	148	18.625
94	586	21.125
94	1148	20.625
94	1207	20.625
94	552	20.5
94	724	20.5
94	835	20.5
94	982	20.5
94	2007	20.375
94	547	20.375
94	1164	20.25
94	938	20.125
94	2004	20
94	526	20
94	704	20
94	709	19.875
94	1168	19.75
94	134	19.75
94	546	19.75
94	715	19.75
94	1174	19.625
94	1175	19.625
94	138	19.625
94	577	19.5
94	510	19.375
94	515	19.25
94	725	19.25
94	86	19.25
94	941	19.25
94	140	19.125
94	160	19.125
94	539	19.125
94	684	19.125
94	1170	19
94	135	19
94	566	19
94	579	19
94	1143	18.875
94	124	18.875
94	127	18.875
94	2090	18.875
94	545	18.875
94	913	18.875
94	517	18.75
94	527	18.75
94	555	18.75
94	578	18.75
94	700	18.75
94	973	18.75
94	114	18.625
94	1152	18.625
94	1173	18.625
94	1209	18.625
94	141	18.625
94	1949	18.625
94	427	18.625
94	558	18.625
94	563	18.625
94	572	18.625
94	574	18.625
94	632	18.625
94	717	18.625
94	796	18.625
94	927	18.625
94	939	18.625
94	1123	18.5
94	1144	18.5
94	1146	18.5
94	1609	18.5
94	1934	18.5
94	336	18.5
94	420	18.5
94	570	18.5
94	925	18.5
94	111	18.375
94	1127	18.375
94	142	18.375
94	143	18.375
94	338	18.375
94	425	18.375
94	581	18.375
94	1135	18.25
94	1145	18.25
94	128	18.25
94	1762	18.25
94	2150	18.25
94	511	18.25
94	537	18.25
94	541	18.25
94	556	18.25
94	620	18.25
94	695	18.25
94	721	18.25
94	741	18.25
94	805	18.25
94	942	18.25
94	1001	18.125
94	1004	18.125
94	1151	18.125
94	1160	18.125
94	1192	18.125
95	1132	18.75
95	913	18.75
95	138	18.25
95	1207	18.125
95	1144	17.625
95	700	17.625
95	1143	17.5
95	2195	17.5
95	1164	17.375
95	724	17.375
95	704	17.25
95	835	17.25
95	945	17.25
95	958	17.25
95	1097	17.125
95	1174	17.125
95	1991	17.125
95	201	17.125
95	728	17.125
95	941	17.125
95	2116	17
95	927	17
95	982	17
95	1014	16.875
95	973	16.875
95	1180	16.75
95	725	16.75
95	938	16.75
95	1134	16.625
95	1173	16.625
95	1198	16.625
95	135	16.625
95	160	16.625
95	2152	16.625
95	127	16.5
95	143	16.5
95	2151	16.5
95	810	16.5
95	814	16.5
95	928	16.5
95	957	16.5
95	1609	16.375
95	19	16.375
95	1942	16.375
95	1992	16.375
95	2090	16.375
95	709	16.375
95	730	16.375
95	1002	16.25
95	1148	16.25
95	1151	16.25
95	1186	16.25
95	119	16.25
95	1209	16.25
95	134	16.25
95	157	16.25
95	170	16.25
95	1784	16.25
95	2150	16.25
95	233	16.25
95	37	16.25
95	932	16.25
95	937	16.25
95	965	16.25
95	1000	16.125
95	1013	16.125
95	1070	16.125
95	1135	16.125
95	1161	16.125
95	121	16.125
95	142	16.125
95	154	16.125
95	17	16.125
95	172	16.125
95	174	16.125
95	1763	16.125
95	1872	16.125
95	1876	16.125
95	1934	16.125
95	2087	16.125
95	75	16.125
95	1	16
95	1168	16
95	118	16
95	1219	16
95	156	16
95	173	16
95	2004	16
95	2007	16
95	916	16
95	955	16
95	114	15.9375
95	1761	15.9375
95	1762	15.9375
95	180	15.9375
95	1827	15.9375
95	184	15.9375
95	187	15.9375
95	2002	15.9375
95	2167	15.9375
96	2160	26.75
96	1773	26
96	1008	25.875
96	697	24.875
96	1774	24.25
96	2221	24.25
96	2204	24
96	2217	23.875
96	2203	23.375
96	698	23.25
96	114	23.125
96	1151	23
96	2243	22.75
96	1015	22.375
96	143	22.375
96	2292	22.375
96	1897	22.125
96	1771	22
96	2006	22
96	928	22
96	1922	21.875
96	127	21.75
96	1759	21.75
96	834	21.75
96	1160	21.625
96	144	21.625
96	2170	21.625
96	1016	21.5
96	116	21.5
96	1787	21.5
96	1853	21.5
96	2191	21.5
96	943	21.5
96	1198	21.375
96	148	21.375
96	1931	21.375
96	1225	21.25
96	165	21.25
96	1789	21.25
96	2169	21.25
96	932	21.25
96	1144	21.125
96	166	21.125
96	1991	21.125
96	2168	21.125
96	2195	21.125
96	699	21.125
96	936	21.125
96	1017	21
96	1023	21
96	1030	21
96	1091	21
96	1097	21
96	1767	21
96	1938	21
96	1980	21
96	692	21
96	933	21
96	120	20.875
96	1609	20.875
96	1768	20.875
96	1788	20.875
96	2161	20.875
96	836	20.875
96	931	20.875
96	1206	20.75
96	136	20.75
96	137	20.75
96	1760	20.75
96	1972	20.75
96	1981	20.75
96	2007	20.75
96	2279	20.75
96	236	20.75
96	371	20.75
96	927	20.75
96	947	20.75
96	973	20.75
96	119	20.625
96	156	20.625
96	157	20.625
96	1902	20.625
96	1920	20.625
96	2113	20.625
96	481	20.625
96	1148	20.5
96	118	20.5
96	125	20.5
96	146	20.5
96	1786	20.5
96	1978	20.5
96	2166	20.5
96	217	20.5
96	950	20.5
96	953	20.5
96	999	20.5
96	159	20.375
96	1939	20.375
96	1992	20.375
96	2077	20.375
97	1839	13.1875
97	1823	12.875
97	1840	12.875
97	1834	12.75
97	1838	12.75
97	1841	12.625
97	1800	12.5625
97	1843	12.5625
97	1837	12.5
97	1810	12.4375
97	1813	12.4375
97	1833	12.4375
97	1822	12.3125
97	1824	12.3125
97	1830	12.3125
97	1849	12.3125
97	672	12.25
97	1217	12.1875
97	1796	12.125
97	1797	12.125
97	1846	12.125
97	1851	12.125
97	1553	12.0625
97	1809	12.0625
97	1811	12.0625
97	1812	12.0625
97	1582	12
97	1829	12
97	1852	12
97	2306	12
97	1129	11.9375
97	1408	11.9375
97	1466	11.9375
97	1568	11.9375
97	1577	11.9375
97	1820	11.9375
97	1831	11.9375
97	1845	11.9375
97	1398	11.875
97	1575	11.875
97	1690	11.875
97	1793	11.875
97	1794	11.875
97	1832	11.875
97	1540	11.8125
97	1571	11.8125
97	1574	11.8125
97	1790	11.8125
97	1848	11.8125
97	1853	11.8125
97	2225	11.8125
97	2229	11.8125
97	326	11.8125
97	330	11.8125
97	381	11.8125
97	385	11.8125
97	393	11.8125
97	70	11.8125
97	1312	11.75
97	1338	11.75
97	1383	11.75
97	1397	11.75
97	1399	11.75
97	1470	11.75
97	1555	11.75
97	1569	11.75
97	1578	11.75
97	1580	11.75
97	1701	11.75
97	1798	11.75
97	1818	11.75
97	1826	11.75
97	1847	11.75
97	2231	11.75
97	300	11.75
97	313	11.75
97	374	11.75
97	457	11.75
97	765	11.75
97	919	11.75
97	113	11.6875
97	1401	11.6875
97	1407	11.6875
97	1411	11.6875
97	1428	11.6875
97	1430	11.6875
97	1452	11.6875
97	1512	11.6875
97	1557	11.6875
97	1566	11.6875
97	1567	11.6875
97	1579	11.6875
97	1581	11.6875
97	1605	11.6875
97	1711	11.6875
97	1720	11.6875
97	1755	11.6875
97	1791	11.6875
97	1816	11.6875
97	1819	11.6875
98	1981	22.625
98	836	22.5
98	2260	22.375
98	1932	22.125
98	983	21.875
98	837	21.75
98	1931	21.625
98	226	21.5
98	233	21.5
98	1195	21.375
98	1286	21.375
98	1782	21.25
98	2001	21.125
98	2036	21.125
98	1946	21
98	2038	20.875
98	2044	20.875
98	2292	20.875
98	1054	20.75
98	2204	20.75
98	1775	20.625
98	1934	20.625
98	1938	20.625
98	222	20.625
98	961	20.625
98	1	20.5
98	1930	20.5
98	1941	20.5
98	1942	20.5
98	2037	20.5
98	213	20.5
98	220	20.5
98	2293	20.5
98	741	20.5
98	1010	20.375
98	1925	20.375
98	1927	20.375
98	2103	20.375
98	2207	20.375
98	2261	20.375
98	738	20.375
98	99	20.375
98	1262	20.25
98	2046	20.25
98	2192	20.25
98	987	20.25
98	1031	20.125
98	1106	20.125
98	12	20.125
98	179	20.125
98	1935	20.125
98	828	20.125
98	1075	20
98	1117	20
98	1172	20
98	1200	20
98	1250	20
98	1874	20
98	1914	20
98	1980	20
98	2012	20
98	2194	20
98	225	20
98	2262	20
98	552	20
98	687	20
98	758	20
98	759	20
98	1165	19.875
98	159	19.875
98	1794	19.875
98	1861	19.875
98	1953	19.875
98	1963	19.875
98	2015	19.875
98	2048	19.875
98	21	19.875
98	2104	19.875
98	2166	19.875
98	2307	19.875
98	676	19.875
98	725	19.875
98	75	19.875
98	816	19.875
98	927	19.875
98	938	19.875
98	1028	19.75
98	1168	19.75
98	1183	19.75
98	134	19.75
98	1776	19.75
98	1781	19.75
98	1870	19.75
98	1881	19.75
98	1979	19.75
98	2025	19.75
98	2035	19.75
98	2206	19.75
98	700	19.75
98	829	19.75
99	641	11.875
99	398	11.75
99	424	11.6875
99	644	11.6875
99	412	11.5
99	524	11.5
99	652	11.5
99	654	11.5
99	330	11.4375
99	390	11.4375
99	638	11.4375
99	651	11.4375
99	653	11.4375
99	1399	11.375
99	293	11.375
99	290	11.3125
99	295	11.3125
99	421	11.3125
99	428	11.3125
99	286	11.25
99	294	11.25
99	384	11.25
99	401	11.25
99	420	11.25
99	427	11.25
99	523	11.25
99	611	11.25
99	636	11.25
99	297	11.1875
99	435	11.1875
99	494	11.1875
99	613	11.1875
99	497	11.125
99	637	11.125
99	643	11.125
99	648	11.125
99	1387	11.0625
99	1667	11.0625
99	291	11.0625
99	340	11.0625
99	394	11.0625
99	410	11.0625
99	422	11.0625
99	430	11.0625
99	433	11.0625
99	437	11.0625
99	481	11.0625
99	496	11.0625
99	504	11.0625
99	564	11.0625
99	608	11.0625
99	621	11.0625
99	319	11
99	403	11
99	414	11
99	426	11
99	431	11
99	434	11
99	442	11
99	451	11
99	490	11
99	508	11
99	605	11
99	650	11
99	724	11
99	1123	10.9375
99	439	10.9375
99	480	10.9375
99	540	10.9375
99	639	10.9375
99	642	10.9375
99	647	10.9375
99	655	10.9375
99	813	10.9375
99	1309	10.875
99	1392	10.875
99	337	10.875
99	406	10.875
99	425	10.875
99	432	10.875
99	444	10.875
99	521	10.875
99	578	10.875
99	585	10.875
99	635	10.875
99	645	10.875
99	646	10.875
99	1070	10.8125
99	1400	10.8125
99	2105	10.8125
99	287	10.8125
99	343	10.8125
99	423	10.8125
99	445	10.8125
99	446	10.8125
99	482	10.8125
99	553	10.8125
99	556	10.8125
99	572	10.8125
99	602	10.8125
100	2119	20.375
100	2146	20.25
100	1953	19.625
100	2132	19.625
100	2137	19.625
100	1337	19.25
100	2134	19.25
100	2200	19.25
100	63	19.25
100	837	19.25
100	983	19.125
100	1974	19
100	2015	19
100	2124	19
100	995	19
100	1250	18.875
100	826	18.875
100	1112	18.75
100	1114	18.75
100	1180	18.75
100	188	18.75
100	1942	18.75
100	1954	18.75
100	2004	18.75
100	2008	18.75
100	2050	18.75
100	715	18.75
100	982	18.75
100	1183	18.625
100	1198	18.625
100	1873	18.625
100	1977	18.625
100	2005	18.625
100	2120	18.625
100	1246	18.5
100	179	18.5
100	1934	18.5
100	2049	18.5
100	2103	18.5
100	100	18.375
100	1054	18.375
100	1172	18.375
100	1247	18.375
100	1867	18.375
100	1897	18.375
100	2125	18.375
100	2206	18.375
100	2312	18.375
100	731	18.375
100	835	18.375
100	1254	18.25
100	1870	18.25
100	1967	18.25
100	1998	18.25
100	233	18.25
100	548	18.25
100	60	18.25
100	710	18.25
100	802	18.25
100	913	18.25
100	1010	18.125
100	1067	18.125
100	1103	18.125
100	1184	18.125
100	1185	18.125
100	1217	18.125
100	1221	18.125
100	1239	18.125
100	1769	18.125
100	1979	18.125
100	1993	18.125
100	2001	18.125
100	2183	18.125
100	2192	18.125
100	2199	18.125
100	829	18.125
100	832	18.125
100	1046	18
100	1068	18
100	1084	18
100	1118	18
100	1253	18
100	1861	18
100	2012	18
100	2061	18
100	2174	18
100	2248	18
100	336	18
100	823	18
100	88	18
100	1	17.875
100	1069	17.875
100	1092	17.875
100	169	17.875
100	1775	17.875
100	1907	17.875
100	1975	17.875
100	1982	17.875
100	2006	17.875
100	2007	17.875
101	981	18.875
101	828	18.25
101	1929	18.125
101	1931	18
101	225	17.875
101	226	16.875
101	1930	16.75
101	827	16.75
101	1932	16.5
101	1933	16.125
101	1941	16.125
101	1928	15.9375
101	979	15.9375
101	2001	15.8125
101	233	15.8125
101	995	15.5625
101	224	15.5
101	707	15.3125
101	1349	15.1875
101	221	15
101	1324	14.875
101	958	14.875
101	1903	14.75
101	1948	14.75
101	1951	14.75
101	1330	14.625
101	1943	14.4375
101	2169	14.4375
101	1187	14.375
101	240	14.375
101	139	14.25
101	1637	14.25
101	1666	14.25
101	1896	14.25
101	1316	14.1875
101	1414	14.1875
101	1562	14.1875
101	222	14.1875
101	129	14.125
101	1935	14.125
101	699	14.125
101	143	14.0625
101	1976	14
101	2151	13.875
101	1016	13.8125
101	1381	13.8125
101	1609	13.8125
101	1430	13.75
101	1787	13.75
101	1159	13.625
101	1412	13.625
101	1653	13.625
101	1472	13.5625
101	1700	13.5625
101	1719	13.5625
101	1923	13.5
101	1992	13.5
101	2205	13.5
101	515	13.5
101	793	13.5
101	805	13.5
101	1490	13.4375
101	1611	13.4375
101	1676	13.4375
101	2112	13.4375
101	2159	13.4375
101	223	13.3125
101	352	13.3125
101	5	13.3125
101	1650	13.25
101	1772	13.25
101	1925	13.25
101	2202	13.25
101	431	13.25
101	937	13.25
101	956	13.25
101	1728	13.1875
101	2153	13.1875
101	934	13.1875
101	141	13.125
101	1479	13.125
101	1638	13.125
101	2229	13.125
101	2234	13.125
101	1946	13.0625
101	483	13.0625
101	64	13.0625
101	1158	13
101	1752	13
101	2291	13
101	523	13
101	719	13
101	778	13
101	1218	12.9375
101	1317	12.9375
101	1503	12.9375
101	1642	12.9375
101	1683	12.9375
101	1225	12.875
101	1393	12.875
102	148	30.25
102	1175	29.75
102	143	29.125
102	1174	28.75
102	114	28.25
102	116	28.125
102	688	27.875
102	133	27.375
102	1132	27.125
102	972	27.125
102	946	26.875
102	1131	26.75
102	1159	26.625
102	1172	26.5
102	935	26.375
102	1824	26.25
102	941	26.125
102	954	26.125
102	1145	25.875
102	1127	25.75
102	687	25.75
102	115	25.5
102	1151	25.5
102	1292	25.5
102	705	25.5
102	1134	25.375
102	129	25.375
102	141	25.375
102	118	25.25
102	130	25.25
102	1143	25.125
102	139	25.125
102	715	25.125
102	727	25.125
102	956	25.125
102	1137	25
102	942	25
102	943	25
102	934	24.875
102	1016	24.75
102	1787	24.75
102	2006	24.75
102	2169	24.75
102	928	24.75
102	1836	24.625
102	2007	24.625
102	940	24.625
102	947	24.625
102	1195	24.5
102	150	24.5
102	944	24.5
102	1015	24.375
102	120	24.375
102	2166	24.375
102	661	24.375
102	945	24.375
102	957	24.375
102	1017	24.25
102	1148	24.25
102	1161	24.25
102	144	24.25
102	1786	24.25
102	2151	24.25
102	2152	24.25
102	1173	24.125
102	119	24.125
102	1208	24
102	156	24
102	2008	24
102	2150	24
102	1158	23.875
102	2165	23.875
102	548	23.875
102	704	23.875
102	188	23.75
102	834	23.75
102	931	23.75
102	1	23.625
102	1166	23.625
102	138	23.625
102	163	23.625
102	1980	23.625
102	938	23.625
102	950	23.625
102	1772	23.5
102	1776	23.5
102	932	23.5
102	1129	23.375
102	158	23.375
102	955	23.375
102	1001	23.25
102	1135	23.25
102	117	23.25
102	146	23.25
102	164	23.25
102	1766	23.25
102	1769	23.25
102	1903	23.25
102	2159	23.25
102	222	23.25
103	1905	20.375
103	1903	20.25
103	2114	20.25
103	75	20.25
103	1882	20
103	1942	19.625
103	730	19.625
103	1219	19.5
103	257	19.375
103	1944	19.25
103	267	19.125
103	929	19.125
103	1237	19
103	68	19
103	1103	18.875
103	1288	18.875
103	1304	18.875
103	91	18.875
103	1198	18.75
103	121	18.75
103	1870	18.75
103	2112	18.75
103	1241	18.625
103	1276	18.625
103	1285	18.625
103	17	18.625
103	1861	18.625
103	1864	18.625
103	814	18.625
103	1075	18.5
103	1251	18.5
103	137	18.5
103	1856	18.5
103	1872	18.5
103	2194	18.5
103	247	18.5
103	1038	18.375
103	1105	18.375
103	14	18.375
103	1815	18.375
103	1854	18.375
103	1941	18.375
103	1943	18.375
103	2116	18.375
103	2269	18.375
103	2290	18.375
103	1059	18.25
103	1061	18.25
103	1118	18.25
103	1265	18.25
103	135	18.25
103	179	18.25
103	1792	18.25
103	1817	18.25
103	187	18.25
103	1873	18.25
103	2191	18.25
103	233	18.25
103	561	18.25
103	706	18.25
103	715	18.25
103	717	18.25
103	752	18.25
103	923	18.25
103	1001	18.125
103	1035	18.125
103	1060	18.125
103	1142	18.125
103	1302	18.125
103	1946	18.125
103	2002	18.125
103	2090	18.125
103	2132	18.125
103	258	18.125
103	741	18.125
103	749	18.125
103	805	18.125
103	1039	18
103	1077	18
103	1091	18
103	1102	18
103	1181	18
103	1253	18
103	1259	18
103	138	18
103	167	18
103	170	18
103	1778	18
103	180	18
103	1865	18
103	188	18
103	1934	18
103	1939	18
103	1992	18
103	2052	18
103	2111	18
103	2141	18
103	243	18
103	711	18
103	729	18
104	1014	22.375
104	1013	21.75
104	1784	21.375
104	1198	21.25
104	1195	21.125
104	1003	21
104	2276	21
104	515	21
104	1142	20.875
104	1879	20.875
104	1219	20.75
104	2248	20.75
104	1785	20.625
104	1980	20.625
104	2237	20.625
104	2290	20.625
104	50	20.625
104	1000	20.5
104	1002	20.5
104	1004	20.5
104	1059	20.5
104	172	20.5
104	730	20.5
104	187	20.375
104	2007	20.375
104	856	20.375
104	1266	20.25
104	1872	20.25
104	1975	20.25
104	2090	20.25
104	2236	20.25
104	1991	20.125
104	2072	20.125
104	2191	20.125
104	2294	20.125
104	513	20.125
104	561	20.125
104	1097	20
104	1190	20
104	1226	20
104	1253	20
104	1609	20
104	1763	20
104	2306	20
104	233	20
104	805	20
104	1001	19.875
104	1015	19.875
104	1070	19.875
104	1196	19.875
104	1761	19.875
104	2056	19.875
104	2150	19.875
104	2151	19.875
104	2213	19.875
104	51	19.875
104	1091	19.75
104	1225	19.75
104	1762	19.75
104	1765	19.75
104	1766	19.75
104	1972	19.75
104	1992	19.75
104	2220	19.75
104	225	19.75
104	587	19.75
104	710	19.75
104	833	19.75
104	1006	19.625
104	1048	19.625
104	1102	19.625
104	1143	19.625
104	1186	19.625
104	1764	19.625
104	177	19.625
104	1904	19.625
104	2153	19.625
104	2175	19.625
104	2195	19.625
104	2206	19.625
104	48	19.625
104	707	19.625
104	983	19.625
104	1058	19.5
104	1075	19.5
104	1079	19.5
104	1259	19.5
104	1905	19.5
104	1990	19.5
104	2010	19.5
104	2194	19.5
104	44	19.5
104	557	19.5
104	801	19.5
104	837	19.5
104	846	19.5
104	1061	19.375
104	1187	19.375
104	1199	19.375
104	1768	19.375
105	1228	22.375
105	2311	21.5
105	2305	20.75
105	2213	20
105	2225	19.875
105	2276	19.5
105	2309	19.5
105	796	19.5
105	401	18.875
105	1223	18.75
105	416	18.75
105	1111	18.5
105	1962	18.5
105	2219	18.5
105	1201	18.375
105	2308	18.375
105	1606	18.25
105	1608	18.25
105	2223	18.25
105	291	18.125
105	1695	18
105	2220	18
105	438	18
105	512	18
105	1233	17.875
105	1480	17.875
105	544	17.75
105	2046	17.625
105	2275	17.625
105	1220	17.5
105	2229	17.5
105	2236	17.5
105	385	17.5
105	443	17.5
105	511	17.5
105	727	17.5
105	2231	17.375
105	2082	17.25
105	2310	17.125
105	337	17.125
105	444	17.125
105	75	17.125
105	767	17.125
105	1328	17
105	1683	17
105	2047	17
105	2312	17
105	642	17
105	1234	16.875
105	1383	16.875
105	1576	16.875
105	2255	16.875
105	393	16.875
105	513	16.875
105	856	16.875
105	1204	16.75
105	1217	16.75
105	1628	16.75
105	1710	16.75
105	2085	16.75
105	2091	16.75
105	2214	16.75
105	2228	16.75
105	2307	16.75
105	1200	16.625
105	215	16.625
105	2304	16.625
105	383	16.625
105	445	16.625
105	721	16.625
105	1209	16.5
105	1230	16.5
105	1566	16.5
105	2086	16.5
105	2222	16.5
105	2235	16.5
105	2246	16.5
105	2277	16.5
105	542	16.5
105	562	16.5
105	893	16.5
105	1585	16.375
105	1701	16.375
105	1954	16.375
105	1965	16.375
105	2088	16.375
105	2221	16.375
105	2230	16.375
105	858	16.375
105	1129	16.25
105	1210	16.25
105	1487	16.25
105	1617	16.25
105	1743	16.25
105	1775	16.25
105	1946	16.25
105	439	16.25
105	1215	16.125
105	1226	16.125
105	1361	16.125
106	148	26
106	1132	25.75
106	143	25.25
106	1763	25.25
106	972	25.25
106	114	25
106	118	24.5
106	133	24.5
106	932	24.375
106	969	24.375
106	930	24.25
106	927	24
106	116	23.875
106	1787	23.875
106	127	23.75
106	719	23.625
106	944	23.625
106	129	23.5
106	941	23.5
106	946	23.5
106	130	23.25
106	1764	23.25
106	934	23.125
106	1002	23
106	1198	23
106	155	23
106	1771	23
106	2165	23
106	2170	23
106	1017	22.875
106	1789	22.875
106	698	22.875
106	1127	22.75
106	1135	22.625
106	2152	22.5
106	697	22.5
106	1016	22.375
106	1174	22.375
106	1175	22.375
106	1762	22.375
106	928	22.375
106	931	22.375
106	955	22.375
106	1786	22.25
106	954	22.25
106	117	22.125
106	1225	22.125
106	1761	22.125
106	1784	22.125
106	947	22.125
106	1134	22
106	156	22
106	2167	22
106	692	22
106	935	22
106	973	22
106	1143	21.875
106	131	21.875
106	144	21.875
106	163	21.875
106	1897	21.875
106	2234	21.875
106	124	21.75
106	164	21.75
106	1766	21.75
106	2150	21.75
106	2166	21.75
106	2169	21.75
106	687	21.625
106	942	21.625
106	1145	21.5
106	1248	21.5
106	139	21.5
106	2252	21.5
106	1003	21.375
106	1181	21.375
106	166	21.375
106	945	21.375
106	1015	21.25
106	1158	21.25
106	1164	21.25
106	125	21.25
106	136	21.25
106	142	21.25
106	165	21.25
106	1853	21.25
106	694	21.25
106	1001	21.125
106	1148	21.125
106	1159	21.125
106	1860	21.125
106	2151	21.125
106	2153	21.125
106	688	21.125
106	96	21.125
106	115	21
106	1208	21
106	150	21
106	2148	21
106	2168	21
107	1810	20.375
107	1797	20.25
107	1812	19.125
107	1809	18.625
107	1811	18
107	1574	17.375
107	1651	17.125
107	1575	17
107	1001	16.875
107	1568	16.625
107	1000	16.5
107	1698	16.5
107	1815	16.5
107	1818	16.5
107	1882	16.5
107	1920	16.5
107	1015	16.375
107	1017	16.375
107	1684	16.375
107	1761	16.375
107	1837	16.375
107	1628	16.25
107	1786	16.25
107	1934	16.25
107	148	16.125
107	1571	16.125
107	1699	16.125
107	1762	16.125
107	1799	16.125
107	2009	16.125
107	138	16
107	1673	16
107	1835	16
107	1846	16
107	175	15.9375
107	2150	15.9375
107	1427	15.875
107	1584	15.875
107	1732	15.875
107	2166	15.875
107	1695	15.75
107	1766	15.75
107	1794	15.75
107	2168	15.75
107	1137	15.6875
107	1576	15.6875
107	1662	15.6875
107	1738	15.6875
107	1827	15.6875
107	1919	15.6875
107	116	15.625
107	1572	15.625
107	1845	15.625
107	344	15.625
107	1129	15.5625
107	1343	15.5625
107	1383	15.5625
107	1826	15.5625
107	1871	15.5625
107	1946	15.5625
107	2170	15.5625
107	772	15.5625
107	1640	15.5
107	171	15.5
107	1873	15.5
107	2167	15.5
107	2290	15.5
107	957	15.4375
107	107	15.375
107	1478	15.375
107	1617	15.375
107	1663	15.375
107	1840	15.375
107	755	15.375
107	934	15.375
107	117	15.3125
107	1582	15.3125
107	18	15.3125
107	2025	15.3125
107	204	15.3125
107	2245	15.3125
107	1482	15.25
107	1595	15.25
107	337	15.25
107	541	15.25
107	1657	15.1875
107	1741	15.1875
107	1773	15.1875
107	1775	15.1875
107	1819	15.1875
107	1958	15.1875
107	584	15.1875
107	869	15.1875
107	1234	15.125
107	1327	15.125
107	1396	15.125
107	1841	15.125
107	1930	15.125
107	2151	15.125
107	2215	15.125
108	342	12
108	331	11.75
108	339	11.625
108	333	11.5
108	521	11.4375
108	344	11.25
108	332	11.1875
108	341	11.0625
108	343	11.0625
108	336	10.5625
108	337	10.5625
108	351	10.5
108	338	10.4375
108	553	10.0625
108	623	9.875
108	346	9.8125
108	170	9.75
108	335	9.75
108	318	9.5625
108	581	9.5
108	313	9.4375
108	392	9.4375
108	173	9.375
108	576	9.375
108	640	9.375
108	613	9.3125
108	612	9.25
108	617	9.25
108	605	9.1875
108	396	9.125
108	525	9.125
108	557	9.125
108	580	9.125
108	633	9.125
108	655	9.125
108	1104	9.0625
108	404	9.0625
108	608	9
108	503	8.9375
108	571	8.9375
108	647	8.9375
108	434	8.875
108	489	8.875
108	573	8.875
108	577	8.875
108	626	8.875
108	651	8.875
108	325	8.8125
108	391	8.75
108	433	8.75
108	646	8.75
108	1399	8.6875
108	1405	8.6875
108	1856	8.6875
108	1866	8.6875
108	387	8.6875
108	643	8.6875
108	1400	8.625
108	314	8.625
108	594	8.625
108	604	8.625
108	1879	8.5625
108	418	8.5625
108	449	8.5625
108	498	8.5625
108	556	8.5625
108	603	8.5625
108	622	8.5625
108	393	8.5
108	486	8.5
108	488	8.5
108	554	8.5
108	555	8.5
108	560	8.5
108	1121	8.4375
108	1520	8.4375
108	258	8.4375
108	564	8.4375
108	607	8.4375
108	621	8.4375
108	648	8.4375
108	1875	8.375
108	1878	8.375
108	243	8.375
108	409	8.375
108	451	8.375
108	484	8.375
108	531	8.375
108	561	8.375
108	566	8.375
108	615	8.375
108	1249	8.3125
108	288	8.3125
108	329	8.3125
108	362	8.3125
108	435	8.3125
108	578	8.3125
108	1122	8.25
108	1276	8.25
108	1858	8.25
109	2008	14.4375
109	2011	14.4375
109	835	14.3125
109	923	14.3125
109	982	14.3125
109	2003	14.125
109	2002	14
109	1991	13.8125
109	2005	13.75
109	938	13.6875
109	1938	13.625
109	2001	13.625
109	2004	13.625
109	2007	13.625
109	1993	13.5625
109	2012	13.5625
109	979	13.5625
109	1992	13.5
109	1967	13.4375
109	1067	13.375
109	2061	13.375
109	1046	13.3125
109	1047	13.3125
109	2199	13.3125
109	1145	13.25
109	2015	13.25
109	1075	13.1875
109	2192	13.1875
109	1042	13.125
109	2194	13.125
109	834	13.125
109	1220	13
109	62	13
109	1980	12.9375
109	1995	12.9375
109	1094	12.875
109	1096	12.8125
109	1098	12.8125
109	1997	12.8125
109	2197	12.8125
109	585	12.75
109	1048	12.625
109	1058	12.625
109	1999	12.625
109	2184	12.625
109	836	12.625
109	1981	12.5625
109	2175	12.5625
109	494	12.5625
109	1064	12.4375
109	54	12.4375
109	1086	12.375
109	1099	12.375
109	1996	12.375
109	2196	12.375
109	1081	12.3125
109	1971	12.3125
109	1984	12.3125
109	552	12.3125
109	2098	12.25
109	2174	12.25
109	2180	12.25
109	138	12.1875
109	2060	12.1875
109	34	12.1875
109	1055	12.125
109	435	12.125
109	838	12.125
109	978	12.125
109	59	12
109	2096	11.9375
109	233	11.9375
109	824	11.9375
109	422	11.875
109	1013	11.8125
109	2000	11.8125
109	829	11.8125
109	1979	11.75
109	820	11.75
109	1252	11.6875
109	2209	11.6875
109	230	11.6875
109	987	11.6875
109	994	11.6875
109	37	11.625
109	433	11.625
109	56	11.625
109	1056	11.5625
109	489	11.5625
109	498	11.5625
109	88	11.5625
109	985	11.5625
109	169	11.5
109	2054	11.5
109	423	11.5
109	1936	11.375
109	231	11.375
109	523	11.375
109	995	11.375
109	1191	11.3125
110	965	21.75
110	1161	20.375
110	1158	20
110	150	19.625
110	961	18.5
110	145	18.375
110	964	18.25
110	1151	17.875
110	954	17.875
110	1950	17.125
110	955	17.125
110	963	17
110	967	17
110	719	16.75
110	1143	16.625
110	139	16.625
110	962	16.625
110	1208	16.5
110	160	16.5
110	161	16.5
110	956	16.5
110	960	16.5
110	141	16.375
110	159	16.375
110	696	16.375
110	958	16.375
110	1207	16.25
110	123	16.25
110	149	16.25
110	1127	16.125
110	2116	16.125
110	937	16.125
110	953	16.125
110	718	16
110	1168	15.9375
110	128	15.9375
110	134	15.9375
110	1144	15.875
110	142	15.875
110	1123	15.75
110	1135	15.75
110	143	15.75
110	1159	15.6875
110	709	15.6875
110	1160	15.625
110	686	15.625
110	952	15.625
110	1125	15.5625
110	1149	15.5625
110	1236	15.5625
110	699	15.5625
110	728	15.5625
110	950	15.5625
110	969	15.5625
110	957	15.5
110	1146	15.4375
110	1162	15.4375
110	158	15.4375
110	1164	15.375
110	138	15.375
110	151	15.375
110	916	15.375
110	939	15.375
110	1167	15.3125
110	135	15.3125
110	154	15.3125
110	945	15.3125
110	971	15.3125
110	1237	15.25
110	153	15.25
110	1949	15.25
110	928	15.25
110	1285	15.1875
110	146	15.1875
110	156	15.1875
110	724	15.1875
110	932	15.1875
110	140	15.125
110	157	15.125
110	1134	15.0625
110	1166	15.0625
110	941	15.0625
110	1148	15
110	1154	15
110	127	15
110	152	15
110	700	15
110	114	14.9375
110	119	14.9375
110	927	14.9375
110	972	14.9375
110	111	14.875
110	1132	14.875
110	118	14.875
110	165	14.875
110	691	14.875
110	113	14.6875
110	717	14.6875
110	1156	14.625
110	124	14.625
111	2059	19.75
111	1970	19.625
111	2069	19.625
111	2079	19.375
111	2068	19.25
111	819	19.25
111	1044	19
111	2004	19
111	40	18.625
111	43	18.625
111	1073	18.5
111	1937	18.5
111	1972	18.5
111	2067	18.5
111	336	18.5
111	1082	18.375
111	2181	18.375
111	50	18.375
111	59	18.375
111	985	18.375
111	1053	18.25
111	1981	18.25
111	2007	18.25
111	821	18.25
111	836	18.25
111	1098	18.125
111	1986	18.125
111	2096	18.125
111	820	18.125
111	835	18.125
111	2017	18
111	2098	18
111	2174	18
111	2197	18
111	984	18
111	990	18
111	1	17.875
111	2010	17.875
111	233	17.875
111	840	17.875
111	1046	17.75
111	1067	17.75
111	1971	17.75
111	2061	17.75
111	2199	17.75
111	62	17.75
111	63	17.75
111	838	17.75
111	982	17.75
111	1983	17.625
111	1990	17.625
111	231	17.625
111	54	17.625
111	846	17.625
111	1075	17.5
111	1093	17.5
111	1185	17.5
111	1187	17.5
111	1984	17.5
111	1991	17.5
111	2173	17.5
111	37	17.5
111	1064	17.375
111	1081	17.375
111	1099	17.375
111	2073	17.375
111	48	17.375
111	827	17.375
111	832	17.375
111	994	17.375
111	1013	17.25
111	1042	17.25
111	1184	17.25
111	2192	17.25
111	2194	17.25
111	348	17.25
111	512	17.25
111	598	17.25
111	822	17.25
111	823	17.25
111	824	17.25
111	828	17.25
111	993	17.25
111	1045	17.125
111	1677	17.125
111	2050	17.125
111	825	17.125
111	88	17.125
111	1069	17
111	1084	17
111	1399	17
111	1663	17
111	1973	17
111	1977	17
111	1979	17
111	2070	17
111	2097	17
111	2183	17
111	421	17
111	516	17
112	1977	23.875
112	2097	23.625
112	1982	23.375
112	832	23.375
112	980	23.375
112	2061	23.25
112	1046	23.125
112	1067	23.125
112	1092	23.125
112	2199	23.125
112	1973	23
112	1979	23
112	2198	23
112	62	23
112	829	23
112	1185	22.75
112	233	22.75
112	1045	22.625
112	2015	22.625
112	2098	22.5
112	1184	22.375
112	825	22.375
112	995	22.375
112	1221	22.25
112	835	22.25
112	983	22.25
112	2003	22.125
112	2004	22
112	2200	22
112	837	22
112	1975	21.875
112	1998	21.875
112	63	21.875
112	982	21.875
112	2103	21.75
112	1047	21.625
112	828	21.625
112	2001	21.5
112	1053	21.375
112	1187	21.375
112	1981	21.375
112	2174	21.375
112	836	21.375
112	978	21.375
112	1069	21.25
112	1084	21.25
112	1180	21.25
112	2183	21.25
112	824	21.25
112	826	21.25
112	827	21.25
112	994	21.25
112	996	21.25
112	1	21.125
112	1094	21.125
112	1938	21.125
112	1974	21.125
112	1976	21.125
112	1042	21
112	1044	21
112	1048	21
112	1058	21
112	1970	21
112	2000	21
112	40	21
112	59	21
112	819	21
112	984	21
112	1978	20.875
112	2007	20.875
112	2011	20.875
112	2079	20.875
112	2175	20.875
112	834	20.875
112	981	20.875
112	1014	20.75
112	1065	20.75
112	1246	20.75
112	1971	20.75
112	2012	20.75
112	2050	20.75
112	2173	20.75
112	31	20.75
112	37	20.75
112	838	20.75
112	985	20.75
112	1054	20.625
112	1980	20.625
112	2002	20.625
112	2197	20.625
112	50	20.625
112	833	20.625
112	1983	20.5
112	1984	20.5
112	2192	20.5
112	54	20.5
112	820	20.5
112	821	20.5
112	1070	20.375
112	1073	20.375
113	242	11.625
113	281	11.5625
113	282	11.5625
113	247	11.5
113	248	11.5
113	250	11.5
113	245	11.4375
113	246	11.4375
113	249	11.4375
113	266	11.4375
113	276	11.4375
113	280	11.4375
113	1193	11.375
113	1194	11.375
113	274	11.375
113	279	11.375
113	2112	11.3125
113	241	11.3125
113	244	11.3125
113	1192	11.25
113	1830	11.25
113	2115	11.25
113	92	11.25
113	973	11.25
113	1123	11.1875
113	1186	11.1875
113	1229	11.1875
113	1327	11.1875
113	1793	11.1875
113	1802	11.1875
113	1809	11.1875
113	1818	11.1875
113	1823	11.1875
113	1824	11.1875
113	1831	11.1875
113	1816	11.125
113	1826	11.125
113	1845	11.125
113	1944	11.125
113	1948	11.125
113	211	11.125
113	330	11.125
113	444	11.125
113	484	11.125
113	813	11.125
113	905	11.125
113	1791	11.0625
113	1794	11.0625
113	1819	11.0625
113	1828	11.0625
113	1833	11.0625
113	1835	11.0625
113	2083	11.0625
113	294	11.0625
113	332	11.0625
113	384	11.0625
113	775	11.0625
113	856	11.0625
113	1124	11
113	1151	11
113	1154	11
113	1326	11
113	1377	11
113	159	11
113	161	11
113	1785	11
113	1786	11
113	1790	11
113	182	11
113	1820	11
113	1837	11
113	1843	11
113	1844	11
113	1846	11
113	1849	11
113	1891	11
113	1960	11
113	1996	11
113	2111	11
113	216	11
113	2271	11
113	23	11
113	328	11
113	481	11
113	49	11
113	629	11
113	755	11
113	1101	10.9375
113	113	10.9375
113	1384	10.9375
113	1396	10.9375
113	1697	10.9375
113	1703	10.9375
113	1742	10.9375
113	1799	10.9375
113	1813	10.9375
113	1814	10.9375
113	1822	10.9375
113	1827	10.9375
113	1829	10.9375
114	2046	20.625
114	2025	19.625
114	2037	19.125
114	2203	19
114	2024	18.75
114	2247	18.75
114	805	18.625
114	2038	18.5
114	2292	18.5
114	1563	18.375
114	1963	18.375
114	2039	18.375
114	1480	18.25
114	2045	18.25
114	2228	18.25
114	2246	18.25
114	2035	18.125
114	2036	18.125
114	2047	18.125
114	334	18.125
114	345	18.125
114	720	18.125
114	336	18
114	383	18
114	1198	17.875
114	1585	17.875
114	385	17.875
114	420	17.875
114	541	17.875
114	1209	17.75
114	1874	17.75
114	2040	17.75
114	2301	17.75
114	306	17.75
114	1152	17.625
114	1201	17.625
114	1277	17.625
114	1532	17.625
114	1961	17.625
114	512	17.625
114	516	17.625
114	598	17.625
114	678	17.625
114	1010	17.5
114	1777	17.5
114	2206	17.5
114	2236	17.5
114	1217	17.375
114	1413	17.375
114	1565	17.375
114	1942	17.375
114	2291	17.375
114	337	17.375
114	542	17.375
114	1103	17.25
114	1495	17.25
114	2090	17.25
114	354	17.25
114	539	17.25
114	544	17.25
114	547	17.25
114	75	17.25
114	1168	17.125
114	138	17.125
114	1389	17.125
114	1606	17.125
114	2207	17.125
114	2251	17.125
114	335	17.125
114	1204	17
114	1566	17
114	1610	17
114	1611	17
114	2112	17
114	2248	17
114	338	17
114	342	17
114	382	17
114	714	17
114	80	17
114	1350	16.875
114	1396	16.875
114	1567	16.875
114	1675	16.875
114	1683	16.875
114	1687	16.875
114	1701	16.875
114	1709	16.875
114	1710	16.875
114	1954	16.875
114	2027	16.875
114	2029	16.875
114	2030	16.875
114	2044	16.875
114	2209	16.875
114	380	16.875
114	401	16.875
114	578	16.875
114	632	16.875
114	74	16.875
115	2056	25.875
115	1069	25.625
115	1219	25.5
115	1079	25.25
115	1184	25.25
115	1058	25
115	1186	25
115	2072	25
115	1048	24.875
115	2175	24.875
115	1070	24.625
115	805	24.375
115	51	24.25
115	833	24.25
115	1180	23.75
115	1975	23.75
115	2090	23.625
115	1972	23.5
115	39	23.5
115	1946	23.375
115	1142	23.25
115	336	23.25
115	1991	23.125
115	2195	23.125
115	310	23.125
115	1097	23
115	2050	23
115	355	23
115	1951	22.875
115	533	22.75
115	827	22.75
115	832	22.75
115	1013	22.625
115	539	22.625
115	1068	22.5
115	380	22.375
115	62	22.375
115	1220	22.25
115	345	22.125
115	37	22.125
115	481	22.125
115	730	22.125
115	1046	22
115	1067	22
115	2199	22
115	515	22
115	1072	21.875
115	1977	21.875
115	1992	21.875
115	2061	21.875
115	2098	21.875
115	1071	21.75
115	1766	21.75
115	2078	21.75
115	352	21.75
115	43	21.75
115	46	21.75
115	557	21.75
115	558	21.75
115	570	21.75
115	940	21.75
115	1938	21.625
115	2008	21.625
115	2076	21.625
115	353	21.625
115	1000	21.5
115	1153	21.5
115	2054	21.5
115	2250	21.5
115	427	21.5
115	44	21.5
115	1784	21.375
115	2210	21.375
115	3	21.375
115	401	21.375
115	537	21.375
115	1014	21.25
115	120	21.25
115	2224	21.25
115	430	21.25
115	1236	21.125
115	1846	21.125
115	1858	21.125
115	2066	21.125
115	2244	21.125
115	233	21.125
115	31	21.125
115	338	21.125
115	927	21.125
115	929	21.125
115	1225	21
115	236	21
115	297	21
115	363	21
115	367	21
115	559	21
115	565	21
115	575	21
115	148	20.875
115	172	20.875
116	1118	13.8125
116	1824	13.6875
116	1172	13.625
116	76	13.5
116	1826	13.4375
116	1117	13.375
116	2259	13.25
116	268	13.1875
116	1255	13.125
116	36	13.125
116	1140	13.0625
116	160	13.0625
116	721	13.0625
116	1183	13
116	1237	12.9375
116	2256	12.9375
116	2118	12.875
116	2060	12.8125
116	1917	12.75
116	2022	12.75
116	1174	12.6875
116	96	12.6875
116	269	12.625
116	802	12.625
116	1209	12.5625
116	1269	12.5
116	133	12.5
116	715	12.5
116	918	12.5
116	1251	12.4375
116	143	12.4375
116	115	12.375
116	179	12.375
116	1860	12.375
116	2071	12.375
116	1061	12.3125
116	1120	12.3125
116	1259	12.3125
116	80	12.3125
116	1189	12.25
116	2114	12.25
116	1265	12.1875
116	183	12.1875
116	1876	12.1875
116	2283	12.1875
116	689	12.1875
116	752	12.1875
116	1020	12.125
116	1105	12.125
116	1820	12.125
116	552	12.125
116	724	12.125
116	979	12.125
116	107	12.0625
116	1100	12.0625
116	1121	12.0625
116	1250	12.0625
116	1775	12.0625
116	1872	12.0625
116	2088	12.0625
116	274	12.0625
116	561	12.0625
116	91	12.0625
116	984	12.0625
116	1869	12
116	2098	12
116	27	12
116	923	12
116	1086	11.9375
116	1206	11.9375
116	1241	11.9375
116	16	11.9375
116	1882	11.9375
116	1953	11.9375
116	2196	11.9375
116	101	11.875
116	116	11.875
116	12	11.875
116	1301	11.875
116	132	11.875
116	1813	11.875
116	1895	11.875
116	2278	11.875
116	837	11.875
116	1173	11.8125
116	167	11.8125
116	18	11.8125
116	2008	11.8125
116	2094	11.8125
116	2115	11.8125
116	270	11.8125
116	723	11.8125
116	734	11.8125
116	782	11.8125
116	789	11.8125
116	82	11.8125
116	831	11.8125
116	90	11.8125
116	1060	11.75
116	1766	11.75
117	854	21
117	855	20.875
117	898	20.875
117	1574	20.75
117	886	20.375
117	861	19.875
117	862	19.875
117	863	19.875
117	853	19.75
117	858	19.5
117	876	19.5
117	865	19.375
117	877	19.25
117	869	19.125
117	897	19.125
117	2236	19
117	900	19
117	881	18.875
117	883	18.625
117	873	18.5
117	885	18.5
117	852	18.375
117	1403	18.25
117	857	18.25
117	875	18.125
117	860	17.75
117	891	17.5
117	1341	17.375
117	1442	17.375
117	1628	17.25
117	2059	17.25
117	850	17.25
117	890	17.25
117	9	17.25
117	1478	17.125
117	1321	17
117	1359	17
117	1500	17
117	1598	17
117	2069	17
117	2228	17
117	425	17
117	429	17
117	788	17
117	889	17
117	894	17
117	1317	16.875
117	1466	16.875
117	1710	16.875
117	2047	16.875
117	2074	16.875
117	892	16.875
117	895	16.875
117	1320	16.75
117	1423	16.75
117	1460	16.75
117	1571	16.75
117	1580	16.75
117	1701	16.75
117	765	16.75
117	880	16.75
117	1358	16.625
117	1416	16.625
117	1481	16.625
117	1582	16.625
117	1599	16.625
117	1609	16.625
117	1617	16.625
117	2035	16.625
117	2127	16.625
117	70	16.625
117	904	16.625
117	924	16.625
117	1033	16.5
117	1404	16.5
117	1503	16.5
117	1572	16.5
117	1575	16.5
117	771	16.5
117	888	16.5
117	1322	16.375
117	1419	16.375
117	1463	16.375
117	1493	16.375
117	1618	16.375
117	1619	16.375
117	1640	16.375
117	1651	16.375
117	1739	16.375
117	2065	16.375
117	901	16.375
117	905	16.375
117	1334	16.25
117	1424	16.25
117	1427	16.25
117	1604	16.25
117	1713	16.25
117	1724	16.25
117	1746	16.25
117	2067	16.25
118	319	24.125
118	328	23.625
118	323	23
118	321	22.875
118	324	22.375
118	322	22
118	320	21.75
118	325	21.375
118	301	21
118	327	21
118	326	20.75
118	330	20.75
118	1474	20.375
118	601	20.375
118	302	20.25
118	299	20.125
118	573	20.125
118	1455	20
118	304	20
118	312	20
118	1431	19.875
118	1562	19.875
118	1464	19.75
118	1652	19.75
118	1665	19.75
118	1563	19.625
118	1711	19.625
118	315	19.625
118	419	19.625
118	1413	19.375
118	1643	19.375
118	1667	19.375
118	300	19.375
118	314	19.375
118	1345	19.25
118	1396	19.25
118	1404	19.25
118	1454	19.25
118	1561	19.25
118	1632	19.25
118	1756	19.25
118	308	19.25
118	444	19.25
118	1490	19.125
118	1565	19.125
118	1585	19.125
118	1586	19.125
118	1646	19.125
118	1647	19.125
118	310	19.125
118	1391	19
118	1394	19
118	1533	19
118	1601	19
118	1609	19
118	1653	19
118	1678	19
118	1703	19
118	1709	19
118	313	19
118	387	19
118	1434	18.875
118	1485	18.875
118	1607	18.875
118	1648	18.875
118	1650	18.875
118	1706	18.875
118	1718	18.875
118	307	18.875
118	1402	18.75
118	1409	18.75
118	1507	18.75
118	1514	18.75
118	1606	18.75
118	1641	18.75
118	1731	18.75
118	295	18.75
118	303	18.75
118	318	18.75
118	399	18.75
118	445	18.75
118	538	18.75
118	544	18.75
118	562	18.75
118	630	18.75
118	1390	18.625
118	1483	18.625
118	1666	18.625
118	1689	18.625
118	1727	18.625
118	306	18.625
118	1400	18.5
118	1407	18.5
118	1649	18.5
118	1710	18.5
118	1726	18.5
118	1728	18.5
118	1744	18.5
118	305	18.5
118	513	18.5
119	2189	11.875
119	2279	11.5
119	1271	11.3125
119	1033	11.125
119	1091	11.125
119	192	11.125
119	2191	11.125
119	1172	10.875
119	2209	10.875
119	1087	10.75
119	2186	10.75
119	2269	10.75
119	1199	10.625
119	1217	10.5625
119	1230	10.5
119	1243	10.5
119	1287	10.4375
119	1102	10.3125
119	1273	10.3125
119	2241	10.3125
119	1226	10.25
119	795	10.25
119	2086	10.1875
119	2277	10.1875
119	1007	10.125
119	1683	10.125
119	187	10.125
119	1036	10.0625
119	1107	10.0625
119	1276	10.0625
119	1770	10.0625
119	1942	10.0625
119	1035	10
119	1242	10
119	1274	10
119	816	10
119	1241	9.9375
119	1873	9.9375
119	2147	9.9375
119	2238	9.9375
119	997	9.9375
119	1118	9.875
119	1184	9.875
119	1382	9.875
119	2156	9.875
119	2174	9.875
119	2240	9.875
119	715	9.875
119	1006	9.8125
119	1089	9.8125
119	1103	9.8125
119	1768	9.8125
119	2082	9.8125
119	2187	9.8125
119	1223	9.75
119	195	9.75
119	2188	9.75
119	769	9.75
119	1111	9.6875
119	1158	9.6875
119	1854	9.6875
119	2253	9.6875
119	228	9.6875
119	381	9.6875
119	1088	9.625
119	1122	9.625
119	1154	9.625
119	1252	9.625
119	1585	9.625
119	1757	9.625
119	1870	9.625
119	2091	9.625
119	2157	9.625
119	1157	9.5625
119	1958	9.5625
119	1996	9.5625
119	2085	9.5625
119	222	9.5625
119	1047	9.5
119	1188	9.5
119	1617	9.5
119	1675	9.5
119	1949	9.5
119	1950	9.5
119	1993	9.5
119	2089	9.5
119	2201	9.5
119	221	9.5
119	2229	9.5
119	2260	9.5
119	2270	9.5
119	2291	9.5
119	796	9.5
119	808	9.5
119	911	9.5
119	913	9.5
119	1279	9.4375
119	1303	9.4375
119	1381	9.4375
119	1974	9.4375
120	1035	10.75
120	1273	10.5625
120	803	10.375
120	2090	10.1875
120	1036	10.125
120	193	10.125
120	2003	10.125
120	512	10.125
120	543	10.0625
120	1083	10
120	1116	10
120	1495	10
120	187	10
120	2004	10
120	2182	10
120	560	10
120	585	10
120	752	10
120	1227	9.9375
120	1383	9.9375
120	1609	9.9375
120	2209	9.9375
120	541	9.9375
120	1013	9.875
120	1064	9.875
120	1081	9.875
120	1610	9.875
120	1904	9.875
120	2173	9.875
120	233	9.875
120	574	9.875
120	749	9.875
120	1090	9.8125
120	1265	9.8125
120	1337	9.8125
120	1527	9.8125
120	1581	9.8125
120	1611	9.8125
120	1750	9.8125
120	1887	9.8125
120	2184	9.8125
120	394	9.8125
120	510	9.8125
120	516	9.8125
120	544	9.8125
120	549	9.8125
120	1082	9.75
120	1099	9.75
120	1142	9.75
120	1153	9.75
120	1219	9.75
120	1541	9.75
120	1676	9.75
120	2181	9.75
120	2190	9.75
120	515	9.75
120	745	9.75
120	746	9.75
120	796	9.75
120	805	9.75
120	833	9.75
120	85	9.75
120	1102	9.6875
120	1122	9.6875
120	1201	9.6875
120	1525	9.6875
120	1687	9.6875
120	1784	9.6875
120	1975	9.6875
120	2007	9.6875
120	211	9.6875
120	2180	9.6875
120	226	9.6875
120	243	9.6875
120	382	9.6875
120	523	9.6875
120	617	9.6875
120	730	9.6875
120	795	9.6875
120	807	9.6875
120	830	9.6875
120	1034	9.625
120	1048	9.625
120	1152	9.625
120	1260	9.625
120	1675	9.625
120	1931	9.625
120	2020	9.625
120	2192	9.625
120	2269	9.625
120	2272	9.625
120	352	9.625
120	539	9.625
120	545	9.625
120	600	9.625
120	737	9.625
120	800	9.625
120	938	9.625
120	1058	9.5625
120	109	9.5625
121	652	27.5
121	291	27.375
121	390	27.375
121	522	27.375
121	636	27.125
121	650	27
121	294	26.875
121	602	26.625
121	635	26.5
121	286	26.375
121	410	26.25
121	426	26.25
121	642	26.25
121	287	26.125
121	290	26.125
121	523	26
121	639	26
121	641	26
121	1753	25.625
121	340	25.625
121	637	25.625
121	644	25.625
121	369	25.5
121	577	25.5
121	580	25.5
121	1386	25.375
121	504	25.375
121	489	25.25
121	546	25.25
121	643	25.25
121	318	25.125
121	389	25
121	307	24.875
121	394	24.875
121	544	24.875
121	1392	24.75
121	380	24.75
121	391	24.75
121	526	24.75
121	533	24.75
121	578	24.75
121	653	24.75
121	288	24.625
121	336	24.625
121	399	24.625
121	437	24.625
121	600	24.625
121	654	24.625
121	509	24.5
121	521	24.5
121	537	24.5
121	603	24.5
121	638	24.5
121	539	24.375
121	295	24.25
121	393	24.25
121	444	24.25
121	545	24.25
121	579	24.25
121	1657	24.125
121	398	24.125
121	488	24.125
121	633	24.125
121	1387	24
121	289	24
121	412	24
121	415	24
121	449	24
121	530	24
121	612	24
121	297	23.875
121	341	23.875
121	348	23.875
121	362	23.875
121	541	23.875
121	543	23.875
121	592	23.875
121	1751	23.75
121	409	23.75
121	524	23.75
121	601	23.75
121	1391	23.625
121	1545	23.625
121	1659	23.625
121	301	23.625
121	329	23.625
121	337	23.625
121	1652	23.5
121	1653	23.5
121	343	23.5
121	414	23.5
121	441	23.5
121	528	23.5
121	571	23.5
121	640	23.5
121	648	23.5
121	655	23.5
121	1390	23.375
121	1396	23.375
121	384	23.375
122	2173	28.625
122	1082	27.75
122	2181	27.75
122	1042	27.625
122	1184	27.125
122	1185	27.125
122	2192	27.125
122	1053	26.875
122	2174	26.875
122	50	26.875
122	827	26.875
122	1047	26.75
122	1067	26.75
122	2003	26.75
122	2061	26.75
122	2199	26.75
122	59	26.75
122	835	26.75
122	978	26.75
122	1046	26.625
122	1094	26.625
122	1187	26.625
122	824	26.625
122	1975	26.5
122	2098	26.375
122	2197	26.375
122	233	26.375
122	51	26.375
122	62	26.375
122	828	26.375
122	829	26.375
122	832	26.375
122	994	26.375
122	1058	26.25
122	1064	26.25
122	1979	26.25
122	2000	26.25
122	2004	26.25
122	2175	26.25
122	2179	26.25
122	1048	26.125
122	1052	26.125
122	1081	26.125
122	1971	26.125
122	1976	26.125
122	1977	26.125
122	2096	26.125
122	2198	26.125
122	63	26.125
122	982	26.125
122	984	26.125
122	995	26.125
122	1092	26
122	1099	26
122	1970	26
122	1982	26
122	1983	26
122	1997	26
122	2097	26
122	2103	26
122	40	26
122	819	26
122	820	26
122	836	26
122	88	26
122	985	26
122	1	25.875
122	1044	25.875
122	1093	25.875
122	1981	25.875
122	1998	25.875
122	2015	25.875
122	2183	25.875
122	821	25.875
122	980	25.875
122	983	25.875
122	1045	25.75
122	1073	25.75
122	1084	25.75
122	2079	25.75
122	1014	25.625
122	1035	25.625
122	1070	25.625
122	1098	25.625
122	1180	25.625
122	1221	25.625
122	1973	25.625
122	2072	25.625
122	49	25.625
122	2068	25.5
122	2178	25.5
122	2200	25.5
122	37	25.5
122	826	25.5
122	1069	25.375
122	1096	25.375
122	1097	25.375
122	1974	25.375
122	2011	25.375
122	2101	25.375
123	2206	23
123	2294	22.25
123	2293	21.875
123	2037	21.5
123	2046	21.5
123	2203	21.375
123	336	21.25
123	2207	21.125
123	2047	21
123	2292	21
123	2202	20.875
123	382	20.875
123	1010	20.75
123	2290	20.75
123	2291	20.75
123	1209	20.625
123	1337	20.625
123	2038	20.625
123	2236	20.625
123	1013	20.5
123	1198	20.5
123	1217	20.5
123	2039	20.5
123	2213	20.5
123	547	20.5
123	170	20.375
123	2045	20.375
123	598	20.375
123	2034	20.25
123	2040	20.25
123	2246	20.25
123	2112	20.125
123	383	20.125
123	1014	20
123	1227	20
123	2007	20
123	2025	20
123	2036	20
123	2150	20
123	1206	19.875
123	1480	19.875
123	2090	19.875
123	2308	19.875
123	767	19.875
123	922	19.875
123	1784	19.75
123	2204	19.75
123	805	19.75
123	902	19.75
123	905	19.75
123	1210	19.625
123	2035	19.625
123	2151	19.625
123	2166	19.625
123	537	19.625
123	561	19.625
123	1000	19.5
123	1152	19.5
123	2167	19.5
123	2201	19.5
123	2223	19.5
123	2247	19.5
123	2248	19.5
123	306	19.5
123	338	19.5
123	342	19.5
123	345	19.5
123	75	19.5
123	765	19.5
123	1001	19.375
123	1383	19.375
123	1934	19.375
123	1954	19.375
123	2231	19.375
123	2242	19.375
123	2252	19.375
123	229	19.375
123	334	19.375
123	335	19.375
123	70	19.375
123	917	19.375
123	1102	19.25
123	1201	19.25
123	1609	19.25
123	1762	19.25
123	1777	19.25
123	1872	19.25
123	2030	19.25
123	215	19.25
123	2222	19.25
123	2229	19.25
123	2230	19.25
123	2305	19.25
123	233	19.25
123	337	19.25
123	515	19.25
123	552	19.25
123	703	19.25
123	1003	19.125
123	1164	19.125
124	1118	24.5
124	170	23.5
124	1104	23.375
124	1122	23.25
124	2209	23.25
124	173	22.75
124	184	22.625
124	172	22.375
124	1120	22.25
124	1241	21.75
124	180	21.625
124	1119	21.5
124	1106	21.375
124	1108	21.375
124	175	21.375
124	179	21.375
124	187	21.25
124	1114	21.125
124	185	21.125
124	1103	21
124	1113	20.875
124	1121	20.875
124	1100	20.625
124	1111	20.625
124	188	20.625
124	1102	20.5
124	1239	20.5
124	1242	20.375
124	2281	20.375
124	795	20.375
124	167	20.125
124	174	20.125
124	1244	20
124	186	20
124	1116	19.875
124	1237	19.875
124	1232	19.75
124	1105	19.625
124	1109	19.625
124	1250	19.625
124	1014	19.5
124	1254	19.375
124	178	19.375
124	1245	19.25
124	1246	19.25
124	169	19.25
124	1864	19.25
124	1942	19.25
124	82	19.25
124	1117	19.125
124	183	19.125
124	1876	19.125
124	1112	19
124	1247	19
124	2269	19
124	1107	18.875
124	1252	18.875
124	176	18.875
124	731	18.75
124	1145	18.625
124	190	18.625
124	745	18.625
124	938	18.625
124	1168	18.5
124	1251	18.5
124	2141	18.5
124	656	18.5
124	739	18.5
124	740	18.5
124	756	18.5
124	85	18.5
124	1077	18.375
124	1209	18.375
124	134	18.375
124	1910	18.375
124	1931	18.375
124	2036	18.375
124	2052	18.375
124	243	18.375
124	334	18.375
124	561	18.375
124	751	18.375
124	1217	18.25
124	1243	18.25
124	1282	18.25
124	1872	18.25
124	1943	18.25
124	724	18.25
124	744	18.25
124	752	18.25
124	1060	18.125
124	1157	18.125
124	1386	18.125
124	2037	18.125
124	233	18.125
124	620	18.125
124	678	18.125
124	710	18.125
124	711	18.125
124	716	18.125
125	1080	18.125
125	2057	18.125
125	832	17.875
125	1046	17.25
125	1977	17.25
125	2061	17.25
125	2076	17.25
125	2199	17.25
125	1067	17.125
125	1078	17.125
125	1069	17
125	1184	16.875
125	1951	16.875
125	62	16.875
125	833	16.875
125	1186	16.75
125	2072	16.75
125	1070	16.625
125	1180	16.625
125	2055	16.625
125	31	16.625
125	1071	16.5
125	1072	16.5
125	1997	16.375
125	2058	16.375
125	2078	16.375
125	2079	16.375
125	2050	16.25
125	2098	16.25
125	51	16.25
125	1068	16
125	2054	16
125	1946	15.8125
125	1073	15.75
125	39	15.625
125	800	15.5625
125	2003	15.5
125	233	15.5
125	1142	15.4375
125	2056	15.4375
125	2066	15.4375
125	805	15.4375
125	1066	15.375
125	22	15.3125
125	3	15.3125
125	6	15.25
125	10	15.1875
125	50	15.1875
125	929	15.1875
125	760	15.0625
125	15	15
125	1944	14.875
125	43	14.875
125	46	14.75
125	1013	14.6875
125	2085	14.6875
125	762	14.6875
125	1049	14.625
125	1079	14.625
125	1939	14.625
125	801	14.625
125	1014	14.5625
125	2209	14.5625
125	730	14.5625
125	763	14.5625
125	796	14.5
125	1065	14.4375
125	1185	14.4375
125	803	14.4375
125	1275	14.375
125	275	14.375
125	76	14.375
125	1050	14.3125
125	1082	14.3125
125	2176	14.3125
125	1593	14.25
125	187	14.25
125	1904	14.25
125	1933	14.25
125	2177	14.25
125	2181	14.25
125	771	14.25
125	1051	14.1875
125	1062	14.1875
125	1682	14.1875
125	2220	14.1875
125	7	14.125
125	810	14.125
125	1945	14.0625
125	2178	14.0625
125	811	14.0625
125	815	14.0625
125	1975	14
125	2174	14
125	642	14
125	827	14
125	1	13.9375
125	814	13.9375
125	980	13.9375
125	1116	13.875
126	1861	18.5
126	1866	18.25
126	1865	18
126	1864	17.625
126	1877	17.625
126	1910	17.5
126	1870	17.375
126	1908	17.375
126	1876	17.125
126	1888	17.125
126	1872	17
126	1856	16.75
126	1874	16.625
126	1875	16.625
126	1879	16.625
126	1869	16.5
126	1909	16.375
126	1857	16.25
126	1862	16.25
126	1868	16.25
126	1199	16.125
126	1859	16.125
126	1873	16.125
126	1860	16
126	515	16
126	1010	15.875
126	1895	15.75
126	75	15.75
126	1942	15.625
126	1255	15.5625
126	17	15.5
126	170	15.5
126	1120	15.4375
126	2189	15.375
126	684	15.375
126	1767	15.25
126	1883	15.25
126	752	15.25
126	1097	15.1875
126	2195	15.1875
126	25	15.1875
126	561	15.1875
126	1145	15.125
126	18	15.125
126	1878	15.125
126	2054	15.125
126	234	15.125
126	1103	15.0625
126	1104	15.0625
126	745	15.0625
126	1122	15
126	1198	15
126	165	15
126	175	15
126	269	15
126	1087	14.9375
126	1963	14.9375
126	297	14.9375
126	731	14.9375
126	1276	14.875
126	139	14.875
126	2065	14.875
126	2186	14.875
126	2276	14.875
126	1168	14.8125
126	1253	14.8125
126	137	14.8125
126	705	14.8125
126	746	14.8125
126	749	14.8125
126	1008	14.75
126	1117	14.75
126	1172	14.75
126	1261	14.75
126	1292	14.75
126	1992	14.75
126	2005	14.75
126	2168	14.75
126	751	14.75
126	1772	14.6875
126	1991	14.6875
126	547	14.6875
126	548	14.6875
126	1018	14.625
126	1789	14.625
126	179	14.625
126	1835	14.625
126	1931	14.625
126	1933	14.625
126	2075	14.625
126	2279	14.625
126	238	14.625
126	709	14.625
126	808	14.625
126	1077	14.5625
126	1086	14.5625
126	1089	14.5625
126	1135	14.5625
126	1219	14.5625
126	1934	14.5625
127	2149	36
127	1760	35.75
127	999	35.5
127	541	31
127	336	30.125
127	337	30.125
127	1013	29.75
127	514	29.75
127	1648	29.625
127	1038	29.5
127	1784	29.5
127	1991	29.5
127	538	29.5
127	1464	29.375
127	544	29.375
127	572	29.375
127	1086	29.25
127	1396	29.25
127	1480	29.25
127	2196	29.25
127	401	29.25
127	510	29.25
127	515	29.25
127	552	29.25
127	1666	29.125
127	414	29.125
127	586	29.125
127	598	29.125
127	1309	29
127	386	29
127	585	29
127	1765	28.875
127	513	28.875
127	559	28.875
127	1474	28.75
127	1609	28.75
127	1678	28.75
127	1689	28.75
127	2010	28.75
127	349	28.75
127	494	28.75
127	82	28.75
127	1583	28.625
127	416	28.625
127	517	28.625
127	539	28.625
127	571	28.625
127	583	28.625
127	607	28.625
127	1005	28.5
127	1513	28.5
127	1669	28.5
127	1687	28.5
127	388	28.5
127	425	28.5
127	512	28.5
127	1378	28.375
127	1526	28.375
127	1558	28.375
127	1761	28.375
127	1767	28.375
127	2016	28.375
127	2017	28.375
127	373	28.375
127	1337	28.25
127	1644	28.25
127	1665	28.25
127	1750	28.25
127	1762	28.25
127	487	28.25
127	549	28.25
127	555	28.25
127	557	28.25
127	606	28.25
127	632	28.25
127	1394	28.125
127	1561	28.125
127	1986	28.125
127	345	28.125
127	516	28.125
127	527	28.125
127	545	28.125
127	639	28.125
127	1004	28
127	1339	28
127	192	28
127	1992	28
127	2167	28
127	443	28
127	533	28
127	990	28
127	1033	27.875
127	1343	27.875
127	2154	27.875
127	2169	27.875
127	2186	27.875
127	578	27.875
127	581	27.875
127	611	27.875
127	630	27.875
128	893	25.625
128	904	25.5
128	179	25.125
128	1942	25.125
128	1246	25
128	1250	24.875
128	1114	24.75
128	2037	24.75
128	2039	24.625
128	180	24.5
128	731	24.5
128	1247	24.375
128	1155	24.25
128	769	24.25
128	87	24.25
128	106	24.125
128	705	24.125
128	96	24.125
128	109	24
128	2146	24
128	712	24
128	72	24
128	738	24
128	93	24
128	1198	23.875
128	211	23.875
128	233	23.875
128	739	23.875
128	1116	23.75
128	168	23.75
128	178	23.75
128	756	23.75
128	1112	23.625
128	1245	23.625
128	1873	23.625
128	1931	23.625
128	2004	23.625
128	60	23.625
128	735	23.625
128	810	23.625
128	938	23.625
128	1105	23.5
128	2132	23.5
128	656	23.5
128	69	23.5
128	74	23.5
128	805	23.5
128	100	23.375
128	1092	23.375
128	1299	23.375
128	17	23.375
128	1775	23.375
128	190	23.375
128	1907	23.375
128	1982	23.375
128	2206	23.375
128	678	23.375
128	905	23.375
128	980	23.375
128	2108	23.25
128	2269	23.25
128	547	23.25
128	808	23.25
128	98	23.25
128	1121	23.125
128	1165	23.125
128	1254	23.125
128	173	23.125
128	1941	23.125
128	2090	23.125
128	2111	23.125
128	2220	23.125
128	226	23.125
128	2261	23.125
128	40	23.125
128	724	23.125
128	1118	23
128	2025	23
128	2038	23
128	2089	23
128	2246	23
128	723	23
128	736	23
128	741	23
128	830	23
128	837	23
128	958	23
128	18	22.875
128	186	22.875
128	1904	22.875
128	1946	22.875
128	2007	22.875
128	2044	22.875
128	2103	22.875
128	2141	22.875
128	2306	22.875
128	382	22.875
128	44	22.875
128	725	22.875
128	73	22.875
129	1827	21.25
129	1837	21.125
129	1838	20.625
129	1843	20.25
129	1813	19.875
129	1828	19.625
129	1840	19.375
129	1829	19.125
129	1839	19.125
129	1833	19
129	1819	18.875
129	1841	18.5
129	1844	18.5
129	1826	18
129	1832	18
129	938	18
129	1195	17.875
129	1831	17.875
129	1835	17.875
129	1830	17.75
129	663	17.625
129	1102	17.25
129	1820	17.125
129	1836	17.125
129	1846	17.125
129	2046	17.125
129	1196	17
129	1816	17
129	1847	17
129	169	16.875
129	1800	16.875
129	1810	16.875
129	2025	16.875
129	207	16.875
129	215	16.875
129	2203	16.875
129	765	16.875
129	835	16.875
129	982	16.875
129	1807	16.75
129	1822	16.75
129	1845	16.75
129	2044	16.75
129	672	16.75
129	179	16.625
129	1794	16.625
129	226	16.625
129	2292	16.625
129	1791	16.5
129	1797	16.5
129	203	16.5
129	526	16.5
129	1217	16.375
129	1903	16.375
129	1934	16.375
129	1946	16.375
129	2209	16.375
129	228	16.375
129	680	16.375
129	69	16.375
129	138	16.25
129	14	16.25
129	1778	16.25
129	1809	16.25
129	1818	16.25
129	188	16.25
129	2112	16.25
129	727	16.25
129	774	16.25
129	1129	16.125
129	1824	16.125
129	1882	16.125
129	1916	16.125
129	1942	16.125
129	206	16.125
129	210	16.125
129	2306	16.125
129	37	16.125
129	42	16.125
129	75	16.125
129	795	16.125
129	796	16.125
129	801	16.125
129	905	16.125
129	93	16.125
129	961	16.125
129	1248	16
129	168	16
129	1914	16
129	1976	16
129	2194	16
129	741	16
129	810	16
129	1799	15.9375
129	1808	15.9375
129	2214	15.9375
129	40	15.9375
129	678	15.9375
129	2024	15.875
129	36	15.875
130	2082	22
130	1233	21
130	2219	20.75
130	2086	20.625
130	1234	20.25
130	2311	20.125
130	1966	19.625
130	2089	19.625
130	1010	19.5
130	2091	19.5
130	1958	19.25
130	2201	19.25
130	1154	19.125
130	1950	19.125
130	64	19.125
130	1203	19
130	150	19
130	2223	19
130	817	19
130	914	19
130	1013	18.875
130	1021	18.875
130	1091	18.875
130	1158	18.875
130	1184	18.875
130	1215	18.875
130	1230	18.875
130	2191	18.875
130	71	18.875
130	939	18.875
130	1949	18.75
130	974	18.75
130	1217	18.625
130	2084	18.625
130	2252	18.625
130	808	18.625
130	1709	18.5
130	1758	18.5
130	2240	18.5
130	2148	18.375
130	998	18.375
130	1111	18.25
130	1112	18.25
130	1199	18.25
130	1959	18.25
130	1965	18.25
130	2116	18.25
130	2119	18.25
130	2255	18.25
130	2270	18.25
130	2277	18.25
130	789	18.25
130	1106	18.125
130	1972	18.125
130	2237	18.125
130	1020	18
130	1033	18
130	1176	18
130	1226	18
130	1236	17.875
130	1271	17.875
130	2096	17.875
130	2172	17.875
130	2238	17.875
130	432	17.875
130	59	17.875
130	1669	17.75
130	1942	17.75
130	2227	17.75
130	2253	17.75
130	2291	17.75
130	838	17.75
130	1165	17.625
130	1984	17.625
130	2308	17.625
130	54	17.625
130	715	17.625
130	978	17.625
130	995	17.625
130	1019	17.5
130	1088	17.5
130	1214	17.5
130	1228	17.5
130	1482	17.5
130	1784	17.5
130	1820	17.5
130	1833	17.5
130	1881	17.5
130	1993	17.5
130	1998	17.5
130	2107	17.5
130	2109	17.5
130	2152	17.5
130	2187	17.5
130	2202	17.5
130	2217	17.5
130	241	17.5
130	62	17.5
130	816	17.5
130	822	17.5
131	2261	18.75
131	1213	18.5
131	2266	18.375
131	1214	18.25
131	2263	17.75
131	2262	17.375
131	1266	17.25
131	1262	16.75
131	2108	16.625
131	2270	16.625
131	2275	16.625
131	2273	16.5
131	1254	16.375
131	2109	16.375
131	2116	16.375
131	2265	16.375
131	1028	16.25
131	1264	16.125
131	188	16.125
131	2106	16
131	2107	16
131	1270	15.9375
131	2111	15.9375
131	2264	15.9375
131	2274	15.875
131	2282	15.875
131	1030	15.75
131	2258	15.75
131	1282	15.6875
131	1217	15.625
131	1026	15.5625
131	1268	15.5625
131	2089	15.5625
131	1031	15.5
131	1165	15.5
131	1256	15.5
131	2260	15.375
131	715	15.375
131	1246	15.3125
131	1260	15.3125
131	1261	15.3125
131	2191	15.3125
131	796	15.3125
131	1024	15.1875
131	2132	15.1875
131	2204	15.1875
131	1276	15.125
131	1775	15.125
131	245	15.125
131	1170	15.0625
131	1278	15.0625
131	1869	15.0625
131	2269	15.0625
131	264	15.0625
131	1034	15
131	2038	15
131	2203	15
131	2209	15
131	904	15
131	1040	14.9375
131	1091	14.9375
131	1103	14.9375
131	1140	14.9375
131	1283	14.9375
131	1289	14.9375
131	2086	14.9375
131	2190	14.9375
131	813	14.9375
131	1284	14.875
131	1882	14.875
131	1907	14.875
131	81	14.875
131	1023	14.8125
131	1272	14.8125
131	193	14.8125
131	253	14.8125
131	93	14.8125
131	98	14.8125
131	731	14.75
131	96	14.75
131	1231	14.6875
131	1234	14.6875
131	197	14.6875
131	2126	14.6875
131	2206	14.6875
131	658	14.6875
131	1102	14.625
131	2183	14.625
131	516	14.625
131	712	14.625
131	795	14.625
131	1038	14.5625
131	1084	14.5625
131	1172	14.5625
131	1195	14.5625
131	1303	14.5625
131	1866	14.5625
131	1942	14.5625
131	198	14.5625
131	2048	14.5625
132	1127	21.5
132	158	19.75
132	150	19.375
132	1159	19.25
132	139	19.25
132	954	19.25
132	141	19.125
132	955	19.125
132	1131	19
132	1135	19
132	154	18.875
132	961	18.875
132	161	18.75
132	1158	18.625
132	138	18.625
132	159	18.625
132	956	18.625
132	134	18.5
132	950	18.5
132	958	18.5
132	962	18.375
132	1143	18.25
132	1148	18.25
132	123	18.25
132	937	18.25
132	142	18.125
132	146	18.125
132	149	18.125
132	1168	18
132	691	18
132	1123	17.875
132	1125	17.875
132	1208	17.875
132	719	17.875
132	957	17.875
132	960	17.875
132	963	17.875
132	965	17.875
132	967	17.875
132	1146	17.75
132	1164	17.75
132	686	17.75
132	696	17.75
132	718	17.75
132	927	17.75
132	952	17.75
132	111	17.625
132	128	17.625
132	953	17.625
132	964	17.625
132	1129	17.5
132	1132	17.5
132	1144	17.5
132	1149	17.375
132	1156	17.375
132	127	17.375
132	157	17.375
132	2116	17.375
132	709	17.375
132	728	17.375
132	939	17.375
132	118	17.25
132	119	17.25
132	700	17.25
132	932	17.25
132	941	17.25
132	1010	17.125
132	1207	17.125
132	124	17.125
132	151	17.125
132	153	17.125
132	1949	17.125
132	938	17.125
132	131	17
132	135	17
132	699	17
132	973	17
132	1167	16.875
132	1174	16.875
132	143	16.875
132	145	16.875
132	1950	16.875
132	724	16.875
132	725	16.875
132	913	16.875
132	114	16.75
132	1166	16.75
132	1236	16.75
132	152	16.75
132	156	16.75
132	166	16.75
132	704	16.75
132	1126	16.625
132	1162	16.625
132	1175	16.625
132	165	16.625
132	1134	16.5
132	1151	16.5
132	1173	16.5
132	380	16.5
133	170	18.875
133	1122	18.75
133	173	17.875
133	1104	17.75
133	172	17.625
133	184	17
133	2209	17
133	1118	16.875
133	1108	16.5
133	175	16.5
133	1119	15.75
133	2281	15.6875
133	1120	15.5625
133	1232	15.375
133	1102	15.3125
133	1109	14.875
133	174	14.875
133	1116	14.8125
133	1121	14.8125
133	179	14.8125
133	180	14.8125
133	186	14.8125
133	177	14.75
133	187	14.75
133	1106	14.5625
133	1111	14.5625
133	1113	14.5625
133	795	14.5625
133	176	14.5
133	1242	14.3125
133	1100	14.25
133	334	14.1875
133	1114	14.125
133	1241	14.125
133	333	14.125
133	1237	14
133	243	13.9375
133	1105	13.875
133	178	13.875
133	532	13.875
133	1386	13.8125
133	2269	13.8125
133	1217	13.75
133	1239	13.75
133	167	13.75
133	1866	13.75
133	188	13.75
133	1942	13.75
133	82	13.75
133	85	13.75
133	17	13.6875
133	171	13.6875
133	1876	13.6875
133	807	13.6875
133	1103	13.625
133	1145	13.625
133	1251	13.625
133	574	13.625
133	598	13.625
133	1244	13.5625
133	169	13.5625
133	185	13.5625
133	2299	13.5625
133	106	13.5
133	109	13.5
133	1750	13.5
133	563	13.5
133	625	13.5
133	531	13.4375
133	572	13.4375
133	620	13.4375
133	1214	13.375
133	1245	13.375
133	2141	13.375
133	1250	13.3125
133	168	13.3125
133	300	13.3125
133	656	13.3125
133	756	13.3125
133	1107	13.25
133	2270	13.25
133	561	13.25
133	731	13.25
133	1077	13.1875
133	2052	13.1875
133	516	13.1875
133	1243	13.125
133	1277	13.125
133	190	13.125
133	288	13.125
133	1157	13.0625
133	1254	13.0625
133	1282	13.0625
133	1337	13.0625
133	1660	13.0625
133	1677	13.0625
133	1753	13.0625
133	1862	13.0625
133	545	13.0625
133	611	13.0625
134	677	22.25
134	929	21.75
134	668	21.375
134	547	21.125
134	676	20.875
134	121	20.75
134	2037	20.375
134	2090	20.375
134	659	20.375
134	678	20.375
134	731	20.375
134	229	20.25
134	674	20.25
134	814	20
134	656	19.875
134	805	19.875
134	2087	19.75
134	1170	19.5
134	334	19.5
134	724	19.5
134	740	19.5
134	1145	19.375
134	1292	19.375
134	2044	19.375
134	2048	19.375
134	560	19.375
134	574	19.375
134	742	19.375
134	795	19.375
134	1152	19.25
134	1153	19.25
134	2301	19.25
134	1563	19.125
134	1963	19.125
134	337	19.125
134	730	19.125
134	738	19.125
134	741	19.125
134	938	19.125
134	1207	19
134	138	19
134	1813	19
134	2030	19
134	550	19
134	725	19
134	1934	18.875
134	2028	18.875
134	2036	18.875
134	2039	18.875
134	2043	18.875
134	549	18.875
134	729	18.875
134	752	18.875
134	796	18.875
134	816	18.875
134	941	18.875
134	1172	18.75
134	1675	18.75
134	17	18.75
134	2038	18.75
134	2045	18.75
134	336	18.75
134	344	18.75
134	545	18.75
134	704	18.75
134	1155	18.625
134	134	18.625
134	658	18.625
134	709	18.625
134	1784	18.5
134	2040	18.5
134	555	18.5
134	558	18.5
134	559	18.5
134	672	18.5
134	679	18.5
134	1158	18.375
134	1864	18.375
134	383	18.375
134	526	18.375
134	548	18.375
134	576	18.375
134	585	18.375
134	632	18.375
134	749	18.375
134	1013	18.25
134	1103	18.25
134	1135	18.25
134	1148	18.25
134	1175	18.25
134	258	18.25
134	349	18.25
134	420	18.25
134	427	18.25
134	552	18.25
134	565	18.25
134	566	18.25
134	572	18.25
134	577	18.25
134	582	18.25
135	1840	18.25
135	1797	17.375
135	1843	17.125
135	1830	17
135	1800	16.875
135	1799	16.75
135	1845	16.75
135	1833	16.625
135	1809	16.25
135	1810	16.25
135	1841	16.25
135	1794	16.125
135	1819	16.125
135	1829	16.125
135	1832	16.125
135	1838	16
135	1813	15.9375
135	1828	15.9375
135	1826	15.875
135	1844	15.75
135	1816	15.6875
135	1831	15.6875
135	75	15.6875
135	1280	15.625
135	1818	15.625
135	1824	15.625
135	1846	15.625
135	128	15.5625
135	1827	15.5625
135	1837	15.5625
135	1303	15.5
135	1836	15.4375
135	2234	15.4375
135	228	15.4375
135	1798	15.3125
135	954	15.3125
135	1820	15.125
135	1835	15.125
135	1801	15.0625
135	938	15.0625
135	1807	15
135	1811	15
135	1823	15
135	1839	15
135	1848	15
135	1929	15
135	741	15
135	1283	14.9375
135	1288	14.9375
135	972	14.9375
135	973	14.9375
135	175	14.875
135	1804	14.875
135	2150	14.875
135	1001	14.8125
135	114	14.8125
135	927	14.8125
135	1173	14.75
135	1174	14.75
135	1175	14.75
135	127	14.75
135	155	14.75
135	1791	14.75
135	704	14.75
135	795	14.75
135	1138	14.6875
135	1159	14.6875
135	1822	14.6875
135	1143	14.625
135	129	14.625
135	1793	14.625
135	2253	14.625
135	914	14.625
135	918	14.625
135	1108	14.5625
135	1284	14.5625
135	1812	14.5625
135	2033	14.5625
135	934	14.5625
135	1000	14.5
135	143	14.5
135	1815	14.5
135	1934	14.5
135	547	14.5
135	882	14.5
135	1129	14.4375
135	1244	14.4375
135	1302	14.4375
135	1761	14.4375
135	1849	14.4375
135	2053	14.4375
135	2056	14.4375
135	213	14.4375
135	1145	14.375
135	1802	14.375
135	1922	14.375
135	2165	14.375
135	2290	14.375
135	835	14.375
135	1137	14.3125
136	302	25.5
136	316	25.125
136	312	24.875
136	328	24.875
136	319	24.625
136	324	24.625
136	326	24.625
136	317	24.5
136	325	24.5
136	310	24.375
136	300	24.25
136	301	24.125
136	321	24.125
136	313	23.625
136	299	23.375
136	315	23.375
136	330	23.375
136	323	23.25
136	322	23
136	327	23
136	306	22.5
136	304	22.25
136	437	22.25
136	601	22.125
136	320	22
136	492	22
136	305	21.875
136	309	21.875
136	336	21.875
136	308	21.75
136	335	21.75
136	362	21.75
136	491	21.5
136	303	21.25
136	517	21.25
136	314	20.875
136	345	20.875
136	386	20.875
136	337	20.75
136	420	20.75
136	554	20.75
136	578	20.75
136	549	20.625
136	623	20.625
136	311	20.5
136	352	20.5
136	394	20.5
136	462	20.5
136	552	20.5
136	611	20.5
136	583	20.375
136	381	20.25
136	516	20.25
136	530	20.25
136	331	20.125
136	380	20.125
136	419	20.125
136	448	20.125
136	480	20.125
136	579	20.125
136	598	20.125
136	1394	20
136	341	20
136	373	20
136	385	20
136	427	20
136	444	20
136	481	20
136	532	20
136	545	20
136	630	20
136	344	19.875
136	523	19.875
136	553	19.875
136	582	19.875
136	632	19.875
136	426	19.75
136	442	19.75
136	521	19.75
136	547	19.75
136	571	19.75
136	576	19.75
136	586	19.75
136	587	19.75
136	610	19.75
136	334	19.625
136	398	19.625
136	401	19.625
136	413	19.625
136	550	19.625
136	573	19.625
136	577	19.625
136	614	19.625
136	383	19.5
136	449	19.5
136	502	19.5
136	544	19.5
136	563	19.5
136	569	19.5
136	585	19.5
137	1951	19.125
137	828	19
137	225	18.5
137	1931	18.375
137	226	18.375
137	1933	18.125
137	1932	18
137	1941	17.75
137	1935	17.5
137	233	17.5
137	224	17.375
137	1929	17.25
137	827	17.25
137	221	17.125
137	981	17.125
137	1930	17
137	805	16.875
137	1187	16.75
137	1928	16.625
137	222	16.625
137	979	16.625
137	1709	16.5
137	2001	16.5
137	958	16.5
137	995	16.5
137	1393	16.25
137	1976	16.25
137	2112	16
137	707	15.875
137	1003	15.625
137	796	15.5625
137	1719	15.5
137	814	15.5
137	1386	15.375
137	1959	15.375
137	1764	15.3125
137	2174	15.3125
137	2035	15.25
137	2169	15.25
137	229	15.25
137	1943	15.1875
137	337	15.1875
137	751	15.1875
137	754	15.1875
137	368	15.125
137	745	15.0625
137	1527	15
137	2153	15
137	1392	14.9375
137	515	14.9375
137	1581	14.875
137	1777	14.875
137	1946	14.875
137	2114	14.875
137	352	14.875
137	380	14.875
137	749	14.875
137	752	14.875
137	759	14.875
137	765	14.875
137	795	14.875
137	1207	14.8125
137	1934	14.8125
137	2290	14.8125
137	1104	14.75
137	688	14.75
137	760	14.75
137	1380	14.6875
137	1787	14.6875
137	2151	14.6875
137	69	14.6875
137	757	14.6875
137	1013	14.625
137	1076	14.625
137	1653	14.625
137	1729	14.625
137	2051	14.625
137	521	14.625
137	1225	14.5625
137	1391	14.5625
137	1562	14.5625
137	1582	14.5625
137	1682	14.5625
137	1720	14.5625
137	409	14.5625
137	731	14.5625
137	746	14.5625
137	750	14.5625
137	761	14.5625
137	2002	14.5
137	523	14.5
137	772	14.5
137	1038	14.4375
137	1381	14.4375
137	1568	14.4375
137	1646	14.4375
137	1683	14.4375
137	533	14.4375
137	1047	14.375
137	1390	14.375
138	869	16
138	877	15.5625
138	855	14.9375
138	854	14.8125
138	875	14.8125
138	897	14.8125
138	848	14.75
138	876	14.75
138	858	14.625
138	886	14.1875
138	853	14.125
138	880	14.125
138	898	14.125
138	865	14.0625
138	873	14
138	862	13.9375
138	924	13.4375
138	885	13.375
138	889	13.375
138	863	13.3125
138	881	13.3125
138	904	13.3125
138	861	13.25
138	900	13.1875
138	907	13.1875
138	114	13.0625
138	850	13.0625
138	852	13.0625
138	1442	13
138	902	12.9375
138	883	12.75
138	890	12.5625
138	1503	12.5
138	236	12.5
138	857	12.5
138	893	12.5
138	891	12.375
138	150	12.3125
138	1500	12.3125
138	1756	12.25
138	379	12.25
138	237	12.1875
138	1403	12.125
138	1320	12.0625
138	1710	12.0625
138	2035	12.0625
138	2246	12.0625
138	116	12
138	1523	12
138	166	12
138	1797	12
138	687	12
138	128	11.9375
138	13	11.9375
138	1316	11.9375
138	1619	11.9375
138	1818	11.9375
138	1321	11.875
138	1615	11.875
138	1801	11.875
138	2236	11.875
138	130	11.8125
138	1389	11.8125
138	2228	11.8125
138	688	11.8125
138	882	11.8125
138	1175	11.75
138	1207	11.75
138	1288	11.75
138	2031	11.75
138	2059	11.75
138	2068	11.75
138	2069	11.75
138	9	11.75
138	906	11.75
138	1471	11.6875
138	1511	11.6875
138	1729	11.6875
138	2128	11.6875
138	2151	11.6875
138	39	11.6875
138	680	11.6875
138	905	11.6875
138	131	11.625
138	1341	11.625
138	2046	11.625
138	2047	11.625
138	2161	11.625
138	1125	11.5625
138	1153	11.5625
138	1158	11.5625
138	1618	11.5625
138	1736	11.5625
138	1738	11.5625
138	1739	11.5625
138	1809	11.5625
138	1814	11.5625
138	2067	11.5625
138	2254	11.5625
138	954	11.5625
139	1217	11.9375
139	1215	11.875
139	1959	11.625
139	914	11.5
139	1759	11.3125
139	1214	11.125
139	1216	11.125
139	756	11
139	1204	10.9375
139	1769	10.9375
139	939	10.875
139	2158	10.75
139	2291	10.75
139	155	10.6875
139	1203	10.625
139	1958	10.625
139	2270	10.625
139	1953	10.5625
139	2250	10.5625
139	2252	10.5625
139	1033	10.5
139	908	10.5
139	1158	10.4375
139	1226	10.4375
139	1775	10.4375
139	1954	10.4375
139	1233	10.375
139	1103	10.3125
139	1965	10.3125
139	2165	10.3125
139	2230	10.3125
139	802	10.3125
139	1772	10.25
139	2116	10.25
139	221	10.1875
139	2229	10.1875
139	722	10.1875
139	2112	10.125
139	703	10.125
139	1165	10.0625
139	1178	10.0625
139	2202	10.0625
139	516	10.0625
139	1000	10
139	2152	10
139	2239	10
139	228	10
139	2308	10
139	1020	9.9375
139	1170	9.9375
139	1172	9.9375
139	1176	9.9375
139	1230	9.9375
139	2086	9.9375
139	1002	9.875
139	1154	9.875
139	1961	9.875
139	2156	9.875
139	2162	9.875
139	2167	9.875
139	2219	9.875
139	1126	9.8125
139	1153	9.8125
139	1254	9.8125
139	1763	9.8125
139	1786	9.8125
139	1950	9.8125
139	2107	9.8125
139	2168	9.8125
139	2245	9.8125
139	1151	9.75
139	1225	9.75
139	1780	9.75
139	216	9.75
139	2160	9.75
139	1001	9.6875
139	1184	9.6875
139	2022	9.6875
139	2155	9.6875
139	2157	9.6875
139	241	9.6875
139	71	9.6875
139	1010	9.625
139	1013	9.625
139	1015	9.625
139	1771	9.625
139	1784	9.625
139	2255	9.625
139	2277	9.625
139	245	9.625
139	75	9.625
139	1005	9.5625
139	1012	9.5625
139	1177	9.5625
139	1197	9.5625
139	1264	9.5625
139	2170	9.5625
139	2186	9.5625
139	2283	9.5625
139	2312	9.5625
140	961	25.5
140	836	21.5
140	1981	21.375
140	1285	21.25
140	1881	20.875
140	1021	20.75
140	1039	20.625
140	1262	20.625
140	954	20.625
140	96	20.625
140	1276	20.5
140	1028	20.375
140	1031	20.25
140	1258	20.125
140	1882	20.125
140	1030	20
140	2107	20
140	2278	19.875
140	915	19.875
140	1037	19.75
140	1233	19.75
140	1867	19.75
140	1895	19.75
140	964	19.75
140	1259	19.625
140	1275	19.625
140	1304	19.625
140	2261	19.625
140	1088	19.5
140	1199	19.5
140	1231	19.5
140	1234	19.5
140	1288	19.5
140	1839	19.5
140	1980	19.5
140	2187	19.5
140	246	19.5
140	1136	19.375
140	1172	19.375
140	1257	19.375
140	1268	19.375
140	1303	19.375
140	1903	19.375
140	1918	19.375
140	2260	19.375
140	252	19.375
140	1010	19.25
140	1110	19.25
140	1950	19.25
140	2111	19.25
140	248	19.25
140	1131	19.125
140	1869	19.125
140	2114	19.125
140	217	19.125
140	1038	19
140	1265	19
140	1266	19
140	1836	19
140	1946	19
140	2272	19
140	247	19
140	715	19
140	969	19
140	1040	18.875
140	1125	18.875
140	1138	18.875
140	1260	18.875
140	1263	18.875
140	1302	18.875
140	1794	18.875
140	2104	18.875
140	2242	18.875
140	719	18.875
140	882	18.875
140	965	18.875
140	1194	18.75
140	1240	18.75
140	2001	18.75
140	2036	18.75
140	207	18.75
140	2121	18.75
140	2266	18.75
140	2277	18.75
140	1160	18.625
140	1178	18.625
140	1205	18.625
140	1248	18.625
140	179	18.625
140	18	18.625
140	1860	18.625
140	1973	18.625
140	2038	18.625
140	2106	18.625
140	225	18.625
140	36	18.625
140	727	18.625
140	756	18.625
140	801	18.625
140	825	18.625
141	1187	17.75
141	1	17.375
141	62	17.125
141	1053	16.875
141	1094	16.875
141	1934	16.875
141	2098	16.875
141	59	16.875
141	1391	16.75
141	1907	16.75
141	43	16.75
141	1979	16.625
141	2096	16.625
141	829	16.625
141	1973	16.5
141	2086	16.5
141	2173	16.5
141	2197	16.5
141	2216	16.5
141	1942	16.375
141	1998	16.375
141	391	16.375
141	825	16.375
141	979	16.375
141	1634	16.25
141	40	16.25
141	978	16.25
141	1098	16.125
141	1647	16.125
141	1775	16.125
141	1971	16.125
141	1972	16.125
141	2190	16.125
141	2192	16.125
141	544	16.125
141	73	16.125
141	1690	16
141	1903	16
141	1954	16
141	2072	16
141	348	16
141	401	16
141	526	16
141	820	16
141	1042	15.9375
141	1046	15.9375
141	1067	15.9375
141	1090	15.9375
141	1198	15.9375
141	1984	15.9375
141	2061	15.9375
141	2199	15.9375
141	99	15.9375
141	1250	15.875
141	2050	15.875
141	34	15.875
141	548	15.875
141	1070	15.8125
141	2000	15.8125
141	2089	15.8125
141	2195	15.8125
141	2248	15.8125
141	26	15.8125
141	796	15.8125
141	12	15.75
141	2087	15.75
141	641	15.75
141	822	15.75
141	1532	15.6875
141	1609	15.6875
141	1746	15.6875
141	1941	15.6875
141	1958	15.6875
141	225	15.6875
141	393	15.6875
141	536	15.6875
141	1097	15.625
141	1608	15.625
141	1657	15.625
141	168	15.625
141	1996	15.625
141	2004	15.625
141	400	15.625
141	598	15.625
141	826	15.625
141	1041	15.5625
141	1658	15.5625
141	1753	15.5625
141	1943	15.5625
141	2088	15.5625
141	2097	15.5625
141	2276	15.5625
141	514	15.5625
141	727	15.5625
141	801	15.5625
141	836	15.5625
141	985	15.5625
141	1045	15.5
141	1205	15.5
141	1611	15.5
142	731	24.875
142	725	23.375
142	938	23.25
142	1144	23.125
142	1164	23.125
142	705	23
142	1153	22.875
142	547	22.625
142	958	22.625
142	724	22.5
142	135	22.375
142	1150	22.25
142	1160	22.25
142	1207	22.25
142	703	22.25
142	710	22.25
142	2007	22.125
142	709	22.125
142	1148	22
142	704	22
142	708	22
142	835	22
142	1145	21.875
142	659	21.875
142	982	21.875
142	137	21.625
142	552	21.625
142	721	21.625
142	1151	21.5
142	2004	21.5
142	2087	21.5
142	336	21.5
142	700	21.5
142	913	21.5
142	1158	21.375
142	1168	21.375
142	1172	21.375
142	1174	21.375
142	2090	21.375
142	549	21.375
142	141	21.25
142	338	21.25
142	574	21.25
142	712	21.25
142	134	21.125
142	2006	21.125
142	939	21.125
142	1135	21
142	1155	21
142	1292	21
142	142	21
142	563	21
142	695	21
142	722	21
142	925	21
142	160	20.875
142	598	20.875
142	656	20.875
142	714	20.875
142	1170	20.75
142	1217	20.75
142	334	20.75
142	546	20.75
142	548	20.75
142	558	20.75
142	729	20.75
142	929	20.75
142	952	20.75
142	1123	20.625
142	1180	20.625
142	140	20.625
142	516	20.625
142	555	20.625
142	723	20.625
142	814	20.625
142	1173	20.5
142	1864	20.5
142	394	20.5
142	545	20.5
142	550	20.5
142	579	20.5
142	586	20.5
142	941	20.5
142	1295	20.375
142	560	20.375
142	572	20.375
142	577	20.375
142	632	20.375
142	715	20.375
142	808	20.375
142	1157	20.25
142	2112	20.25
142	527	20.25
142	544	20.25
142	578	20.25
142	585	20.25
142	674	20.25
142	696	20.25
142	717	20.25
142	738	20.25
143	1833	21.25
143	1794	20.875
143	1800	20.25
143	1840	20
143	1830	19.875
143	1843	19.75
143	1129	19.625
143	1836	19.25
143	128	19.125
143	1839	19.125
143	1845	19.125
143	1822	19
143	954	18.875
143	1813	18.625
143	114	18.5
143	1288	18.5
143	2046	18.5
143	1137	18.25
143	1283	18.25
143	1797	18.25
143	1831	18.25
143	1837	18.125
143	1841	18.125
143	1848	18.125
143	1849	18
143	228	18
143	1145	17.875
143	1280	17.875
143	1826	17.875
143	1829	17.875
143	935	17.875
143	973	17.875
143	124	17.75
143	1399	17.75
143	1832	17.75
143	1838	17.75
143	1847	17.75
143	2234	17.75
143	127	17.625
143	1846	17.625
143	1963	17.625
143	690	17.625
143	765	17.625
143	1178	17.5
143	1640	17.5
143	1809	17.5
143	1819	17.5
143	2165	17.5
143	75	17.5
143	1138	17.375
143	1174	17.375
143	1285	17.375
143	1775	17.375
143	1816	17.375
143	2033	17.375
143	671	17.375
143	972	17.375
143	1125	17.25
143	155	17.25
143	2030	17.25
143	547	17.25
143	958	17.25
143	1284	17.125
143	1287	17.125
143	1292	17.125
143	150	17.125
143	169	17.125
143	1824	17.125
143	1844	17.125
143	215	17.125
143	1001	17
143	1130	17
143	1151	17
143	116	17
143	130	17
143	1401	17
143	1402	17
143	1482	17
143	1582	17
143	1827	17
143	2047	17
143	2150	17
143	2253	17
143	343	17
143	687	17
143	1210	16.875
143	148	16.875
143	1761	16.875
143	1810	16.875
143	1871	16.875
143	1962	16.875
143	647	16.875
143	733	16.875
143	934	16.875
143	1143	16.75
143	1294	16.75
143	1732	16.75
143	1828	16.75
143	1918	16.75
143	387	16.75
144	1848	24.25
144	1840	23.625
144	1845	23.5
144	1841	23
144	1831	22.875
144	1838	22
144	1799	21.625
144	1847	21.375
144	1800	20.625
144	1844	20.5
144	1830	20.125
144	1823	19.75
144	1836	19.75
144	1797	19.625
144	222	19.5
144	1798	19.375
144	1810	19.375
144	1794	19.25
144	2290	19.25
144	1801	19.125
144	2150	19.125
144	1761	18.875
144	1837	18.875
144	1930	18.875
144	382	18.875
144	1813	18.75
144	1849	18.75
144	1001	18.625
144	1842	18.5
144	671	18.5
144	1000	18.375
144	1208	18.375
144	1843	18.375
144	676	18.375
144	674	18.25
144	1283	18.125
144	1931	18.125
144	2151	18.125
144	228	18.125
144	75	18.125
144	1201	18
144	1824	18
144	2163	18
144	244	18
144	387	18
144	680	18
144	1129	17.875
144	389	17.875
144	669	17.875
144	1138	17.75
144	1815	17.75
144	383	17.75
144	385	17.75
144	400	17.75
144	663	17.75
144	1174	17.625
144	1762	17.625
144	1928	17.625
144	1963	17.625
144	1992	17.625
144	2202	17.625
144	252	17.625
144	1175	17.5
144	1779	17.5
144	1781	17.5
144	1819	17.5
144	1852	17.5
144	1991	17.5
144	326	17.5
144	457	17.5
144	527	17.5
144	633	17.5
144	808	17.5
144	938	17.5
144	1079	17.375
144	1166	17.375
144	1919	17.375
144	256	17.375
144	442	17.375
144	556	17.375
144	583	17.375
144	92	17.375
144	1279	17.25
144	155	17.25
144	1758	17.25
144	1777	17.25
144	1809	17.25
144	1811	17.25
144	2148	17.25
144	550	17.25
144	573	17.25
144	695	17.25
144	1190	17.125
144	1280	17.125
144	169	17.125
144	1817	17.125
144	1839	17.125
144	1846	17.125
144	1925	17.125
144	312	17.125
145	674	13.3125
145	679	13
145	676	12.8125
145	668	12.25
145	681	12.0625
145	682	11.8125
145	658	11.25
145	656	11
145	673	10.9375
145	680	10.875
145	662	10.8125
145	678	10.6875
145	672	10.5625
145	547	10.5
145	659	10.5
145	665	10.5
145	2047	10.4375
145	585	10.4375
145	661	10.375
145	671	10.3125
145	1466	10.25
145	423	10.25
145	496	10.25
145	131	10.1875
145	1611	10.1875
145	489	10.125
145	670	10.125
145	1454	10.0625
145	1608	10.0625
145	1279	10
145	333	10
145	1663	9.9375
145	677	9.9375
145	1423	9.875
145	1618	9.875
145	325	9.875
145	336	9.875
145	501	9.875
145	516	9.875
145	1602	9.8125
145	344	9.8125
145	521	9.8125
145	468	9.75
145	479	9.75
145	669	9.75
145	1340	9.6875
145	1577	9.6875
145	1613	9.6875
145	2151	9.6875
145	495	9.6875
145	555	9.6875
145	667	9.6875
145	1358	9.625
145	1401	9.625
145	1404	9.625
145	1627	9.625
145	1685	9.625
145	2036	9.625
145	332	9.625
145	383	9.625
145	392	9.625
145	552	9.625
145	1016	9.5625
145	1620	9.5625
145	2032	9.5625
145	494	9.5625
145	1398	9.5
145	1574	9.5
145	1609	9.5
145	1656	9.5
145	1787	9.5
145	324	9.5
145	337	9.5
145	397	9.5
145	399	9.5
145	453	9.5
145	1260	9.4375
145	1468	9.4375
145	1488	9.4375
145	1761	9.4375
145	316	9.4375
145	421	9.4375
145	551	9.4375
145	641	9.4375
145	1153	9.375
145	1168	9.375
145	1373	9.375
145	1405	9.375
145	1422	9.375
145	1455	9.375
145	1565	9.375
145	1567	9.375
145	1572	9.375
145	1981	9.375
145	2048	9.375
145	286	9.375
145	354	9.375
145	442	9.375
145	525	9.375
145	529	9.375
146	2012	20.25
146	63	20
146	987	20
146	54	19.875
146	1053	19.625
146	2200	19.625
146	2096	19.5
146	1984	19.375
146	2192	19.375
146	233	19.375
146	59	19.375
146	985	19.25
146	1082	19.125
146	1974	19.125
146	2181	19.125
146	826	19.125
146	838	19.125
146	1098	19
146	2173	19
146	2197	19
146	820	19
146	1185	18.875
146	1221	18.875
146	2098	18.875
146	1046	18.75
146	1067	18.75
146	1971	18.75
146	2004	18.75
146	2061	18.75
146	2199	18.75
146	62	18.75
146	825	18.75
146	1045	18.625
146	1973	18.625
146	2015	18.625
146	2097	18.625
146	817	18.625
146	2198	18.5
146	979	18.5
146	994	18.5
146	996	18.5
146	2011	18.375
146	823	18.375
146	829	18.375
146	1187	18.25
146	1979	18.25
146	822	18.25
146	824	18.25
146	88	18.25
146	974	18.25
146	12	18.125
146	1995	18.125
146	1998	18.125
146	2059	18.125
146	2069	18.125
146	1094	18
146	2007	18
146	2172	18
146	986	18
146	993	18
146	1222	17.875
146	1972	17.875
146	2060	17.875
146	2184	17.875
146	837	17.875
146	983	17.875
146	1	17.75
146	1688	17.75
146	1981	17.75
146	2005	17.75
146	2050	17.75
146	2070	17.75
146	819	17.75
146	976	17.75
146	1975	17.625
146	1978	17.625
146	821	17.625
146	836	17.625
146	980	17.625
146	1044	17.5
146	1081	17.5
146	1970	17.5
146	2058	17.5
146	2180	17.5
146	232	17.5
146	835	17.5
146	995	17.5
146	1048	17.375
146	1058	17.375
146	1099	17.375
146	1183	17.375
146	1752	17.375
146	1937	17.375
146	1983	17.375
146	2000	17.375
146	2073	17.375
146	2175	17.375
146	828	17.375
146	984	17.375
146	1042	17.25
147	1170	25.625
147	141	25.5
147	1172	25.375
147	1148	25.25
147	941	25.25
147	731	24.75
147	1168	24.625
147	724	24.5
147	712	24.375
147	715	24.375
147	2007	24.125
147	2191	24
147	1174	23.875
147	1292	23.75
147	140	23.75
147	142	23.75
147	703	23.75
147	725	23.75
147	1207	23.625
147	683	23.625
147	1154	23.5
147	2090	23.5
147	705	23.5
147	722	23.5
147	2004	23.375
147	704	23.375
147	1091	23.25
147	1146	23.25
147	1160	23.25
147	134	23.25
147	572	23.25
147	700	23.25
147	714	23.25
147	925	23.25
147	1164	23.125
147	1295	23.125
147	549	23.125
147	709	23.125
147	1135	23
147	1152	23
147	1173	23
147	160	23
147	2087	23
147	574	23
147	695	23
147	1175	22.875
147	547	22.875
147	586	22.875
147	708	22.875
147	1153	22.75
147	1155	22.75
147	1953	22.75
147	349	22.75
147	558	22.75
147	632	22.75
147	710	22.75
147	233	22.625
147	656	22.625
147	720	22.625
147	723	22.625
147	1198	22.5
147	1126	22.375
147	1144	22.375
147	1150	22.375
147	1775	22.375
147	188	22.375
147	565	22.375
147	668	22.375
147	1922	22.25
147	1954	22.25
147	1963	22.25
147	336	22.25
147	548	22.25
147	559	22.25
147	570	22.25
147	169	22.125
147	1776	22.125
147	1867	22.125
147	1941	22.125
147	577	22.125
147	579	22.125
147	1180	22
147	1192	22
147	1958	22
147	2115	22
147	225	22
147	552	22
147	659	22
147	729	22
147	1010	21.875
147	1123	21.875
147	1151	21.875
147	1186	21.875
147	1933	21.875
147	2112	21.875
147	2163	21.875
147	245	21.875
147	427	21.875
147	545	21.875
147	546	21.875
148	983	22.125
148	837	21.75
148	2192	21
148	63	20.75
148	980	20.625
148	1982	20.5
148	2007	20.5
148	2096	20.5
148	2173	20.5
148	2200	20.5
148	59	20.5
148	829	20.5
148	1092	20.375
148	1979	20.375
148	1998	20.375
148	2015	20.375
148	2079	20.375
148	1185	20.25
148	1971	20.25
148	2103	20.25
148	2197	20.25
148	233	20.25
148	1	20.125
148	1098	20.125
148	2004	20.125
148	1907	20
148	836	20
148	88	20
148	985	20
148	1053	19.875
148	1775	19.875
148	1975	19.875
148	1981	19.875
148	1047	19.75
148	1073	19.75
148	1187	19.75
148	1977	19.75
148	2172	19.75
148	996	19.75
148	1096	19.625
148	2061	19.625
148	2174	19.625
148	820	19.625
148	827	19.625
148	828	19.625
148	994	19.625
148	1067	19.5
148	1972	19.5
148	1974	19.5
148	2006	19.5
148	824	19.5
148	826	19.5
148	832	19.5
148	1046	19.375
148	1070	19.375
148	1995	19.375
148	2072	19.375
148	2199	19.375
148	2232	19.375
148	232	19.375
148	34	19.375
148	36	19.375
148	819	19.375
148	823	19.375
148	1069	19.25
148	1184	19.25
148	1970	19.25
148	2067	19.25
148	2097	19.25
148	62	19.25
148	993	19.25
148	1044	19.125
148	1976	19.125
148	2012	19.125
148	2068	19.125
148	2098	19.125
148	984	19.125
148	987	19.125
148	995	19.125
148	1045	19
148	1094	19
148	12	19
148	1954	19
148	1973	19
148	2050	19
148	2198	19
148	2248	19
148	31	19
148	40	19
148	821	19
148	835	19
148	978	19
148	1014	18.875
148	1048	18.875
148	1198	18.875
148	1594	18.875
148	1938	18.875
148	1984	18.875
148	2000	18.875
148	2005	18.875
149	2276	21.625
149	1223	21.25
149	2220	21
149	2085	20.375
149	2305	19.5
149	1617	19.375
149	2213	19.375
149	796	19.375
149	1228	19.125
149	2225	19.125
149	1606	18.75
149	1608	18.625
149	2311	18.625
149	1209	18.375
149	2275	18.125
149	1567	18
149	727	18
149	1706	17.875
149	2304	17.875
149	1328	17.75
149	1576	17.75
149	1585	17.75
149	1695	17.75
149	1718	17.75
149	2236	17.75
149	1226	17.625
149	1743	17.625
149	215	17.625
149	2309	17.625
149	416	17.625
149	542	17.625
149	1480	17.5
149	1611	17.5
149	2233	17.5
149	393	17.5
149	401	17.5
149	1201	17.375
149	1703	17.375
149	1710	17.375
149	1712	17.375
149	1581	17.25
149	1582	17.25
149	1628	17.25
149	1701	17.25
149	2223	17.25
149	24	17.25
149	511	17.25
149	856	17.25
149	1605	17.125
149	1728	17.125
149	1768	17.125
149	2229	17.125
149	2308	17.125
149	642	17.125
149	1210	17
149	1327	17
149	1430	17
149	1566	17
149	1709	17
149	1711	17
149	1722	17
149	1734	17
149	1740	17
149	2219	17
149	75	17
149	107	16.875
149	1152	16.875
149	1561	16.875
149	1651	16.875
149	1720	16.875
149	1726	16.875
149	2214	16.875
149	2222	16.875
149	512	16.875
149	548	16.875
149	70	16.875
149	767	16.875
149	1103	16.75
149	1274	16.75
149	1383	16.75
149	1583	16.75
149	1708	16.75
149	1719	16.75
149	1721	16.75
149	2007	16.75
149	2253	16.75
149	2255	16.75
149	1102	16.625
149	1198	16.625
149	1572	16.625
149	1595	16.625
149	1607	16.625
149	1609	16.625
149	1644	16.625
149	1714	16.625
149	1725	16.625
149	1729	16.625
149	1942	16.625
149	2088	16.625
149	2228	16.625
150	484	14.125
150	1946	14
150	1497	13.875
150	240	13.8125
150	1818	13.625
150	1010	13.4375
150	116	13.375
150	1794	13.25
150	1824	13.1875
150	115	13.125
150	1738	13.125
150	931	13.125
150	2046	13.0625
150	2128	13.0625
150	755	13.0625
150	1137	12.9375
150	473	12.9375
150	1209	12.875
150	148	12.875
150	156	12.875
150	1826	12.875
150	2045	12.875
150	793	12.875
150	1803	12.8125
150	117	12.75
150	1510	12.75
150	1797	12.75
150	1809	12.75
150	1923	12.75
150	1954	12.75
150	1962	12.75
150	2062	12.75
150	261	12.75
150	719	12.75
150	788	12.75
150	926	12.75
150	1844	12.6875
150	671	12.6875
150	1501	12.625
150	18	12.625
150	2305	12.625
150	882	12.625
150	114	12.5625
150	1758	12.5625
150	2122	12.5625
150	429	12.5625
150	1059	12.5
150	1316	12.5
150	1810	12.5
150	2271	12.5
150	383	12.5
150	465	12.5
150	583	12.5
150	904	12.5
150	962	12.5
150	998	12.5
150	141	12.4375
150	163	12.4375
150	2006	12.4375
150	2009	12.4375
150	2307	12.4375
150	24	12.4375
150	385	12.4375
150	688	12.4375
150	770	12.4375
150	144	12.375
150	1502	12.375
150	1775	12.375
150	1812	12.375
150	2126	12.375
150	228	12.375
150	262	12.375
150	783	12.375
150	917	12.375
150	1040	12.3125
150	124	12.3125
150	1482	12.3125
150	2223	12.3125
150	439	12.3125
150	765	12.3125
150	112	12.25
150	1248	12.25
150	1656	12.25
150	208	12.25
150	280	12.25
150	320	12.25
150	518	12.25
150	893	12.25
150	1135	12.1875
150	1471	12.1875
150	682	12.1875
150	741	12.1875
150	748	12.1875
150	1260	12.125
150	206	12.125
150	2216	12.125
150	666	12.125
150	686	12.125
150	919	12.125
150	1165	12.0625
151	1861	22
151	1870	21.875
151	1873	21
151	1874	20.5
151	1872	19.875
151	1865	19
151	1908	19
151	1866	18.75
151	1888	18.75
151	1856	18.625
151	1860	18.5
151	1909	18.5
151	1337	18.125
151	1869	18
151	1198	17.875
151	1871	17.875
151	1279	17.75
151	1868	17.75
151	561	17.75
151	749	17.75
151	2038	17.625
151	700	17.625
151	751	17.625
151	1864	17.5
151	1910	17.5
151	229	17.5
151	526	17.5
151	745	17.5
151	752	17.5
151	1013	17.375
151	1942	17.375
151	2246	17.375
151	2292	17.375
151	750	17.375
151	1185	17.25
151	1611	17.25
151	170	17.25
151	1876	17.25
151	1981	17.25
151	2065	17.25
151	338	17.25
151	836	17.25
151	983	17.25
151	1170	17.125
151	1784	17.125
151	1963	17.125
151	2308	17.125
151	837	17.125
151	1103	17
151	17	17
151	1711	17
151	1859	17
151	2167	17
151	2203	17
151	336	17
151	515	17
151	547	17
151	684	17
151	762	17
151	814	17
151	929	17
151	1184	16.875
151	1207	16.875
151	1712	16.875
151	1787	16.875
151	18	16.875
151	1878	16.875
151	1933	16.875
151	2037	16.875
151	2090	16.875
151	2151	16.875
151	2228	16.875
151	25	16.875
151	528	16.875
151	548	16.875
151	744	16.875
151	796	16.875
151	816	16.875
151	1060	16.75
151	1121	16.75
151	1710	16.75
151	1761	16.75
151	1879	16.75
151	196	16.75
151	668	16.75
151	677	16.75
151	759	16.75
151	805	16.75
151	1104	16.625
151	1199	16.625
151	1292	16.625
151	1579	16.625
151	1680	16.625
151	1709	16.625
151	173	16.625
151	175	16.625
151	1905	16.625
151	2036	16.625
151	2054	16.625
151	243	16.625
152	771	17.5
152	758	17.25
152	747	17.125
152	769	17.125
152	735	16.75
152	768	16.625
152	780	16.5
152	227	16.375
152	789	16.25
152	1946	16.125
152	744	16.125
152	763	16.125
152	796	16.125
152	751	16
152	764	16
152	810	16
152	746	15.9375
152	774	15.875
152	782	15.875
152	802	15.875
152	756	15.8125
152	745	15.6875
152	226	15.625
152	233	15.625
152	736	15.625
152	752	15.625
152	775	15.625
152	816	15.625
152	738	15.5625
152	791	15.5625
152	794	15.5625
152	749	15.5
152	757	15.5
152	795	15.5
152	759	15.4375
152	770	15.4375
152	808	15.4375
152	753	15.375
152	762	15.375
152	814	15.375
152	750	15.3125
152	805	15.3125
152	748	15.25
152	806	15.25
152	761	15.1875
152	765	15.1875
152	1925	15.125
152	754	15.125
152	1195	15.0625
152	755	15.0625
152	760	15.0625
152	809	15.0625
152	1268	14.9375
152	773	14.9375
152	832	14.9375
152	811	14.875
152	1184	14.8125
152	1905	14.8125
152	2059	14.8125
152	2067	14.8125
152	62	14.8125
152	740	14.8125
152	1046	14.75
152	2061	14.75
152	2069	14.75
152	2194	14.75
152	2269	14.75
152	766	14.75
152	1067	14.6875
152	1187	14.6875
152	1977	14.6875
152	2199	14.6875
152	37	14.6875
152	831	14.6875
152	979	14.6875
152	0	14.5625
152	1031	14.5625
152	2098	14.5625
152	1183	14.5
152	1075	14.4375
152	1776	14.4375
152	1931	14.4375
152	2001	14.4375
152	2073	14.4375
152	2179	14.4375
152	801	14.4375
152	1088	14.375
152	2187	14.375
152	2200	14.375
152	1052	14.3125
152	1998	14.3125
152	2089	14.3125
152	767	14.3125
152	978	14.3125
152	1060	14.25
152	1265	14.25
152	1266	14.25
152	1778	14.25
152	1981	14.25
152	2137	14.25
153	2082	19.875
153	1199	19.25
153	2086	19.25
153	1230	19.125
153	2277	19.125
153	1271	18.875
153	1033	18.75
153	1091	18.75
153	2191	18.625
153	2189	18.5
153	2279	18.5
153	199	18.375
153	2186	18.375
153	2188	18.375
153	1088	18.25
153	1276	18.25
153	197	18.25
153	2187	18.25
153	196	18.125
153	1087	18
153	1089	18
153	1090	17.875
153	2192	17.875
153	2260	17.875
153	192	17.75
153	2087	17.75
153	2190	17.75
153	2252	17.75
153	2269	17.75
153	1013	17.625
153	1184	17.5
153	1759	17.5
153	1942	17.5
153	195	17.5
153	1036	17.375
153	1763	17.375
153	190	17.375
153	241	17.375
153	1002	17.25
153	1870	17.25
153	2219	17.25
153	1010	17.125
153	1274	17.125
153	1784	17.125
153	1866	17.125
153	1027	17
153	1215	17
153	1242	17
153	1273	17
153	1035	16.875
153	1233	16.875
153	1287	16.875
153	1949	16.875
153	2167	16.875
153	2238	16.875
153	243	16.875
153	515	16.875
153	1217	16.75
153	1234	16.75
153	1267	16.75
153	169	16.75
153	1706	16.75
153	1709	16.75
153	1876	16.75
153	198	16.75
153	2248	16.75
153	2250	16.75
153	2280	16.75
153	816	16.75
153	1085	16.625
153	1192	16.625
153	1719	16.625
153	175	16.625
153	177	16.625
153	188	16.625
153	2115	16.625
153	2152	16.625
153	2185	16.625
153	715	16.625
153	1103	16.5
153	1205	16.5
153	1313	16.5
153	1929	16.5
153	2085	16.5
153	2089	16.5
153	2091	16.5
153	2107	16.5
153	222	16.5
153	2266	16.5
153	997	16.5
153	1037	16.375
153	1204	16.375
153	1225	16.375
153	1268	16.375
153	173	16.375
153	1874	16.375
153	2223	16.375
153	2228	16.375
153	2240	16.375
153	1108	16.25
154	2205	20.875
154	2207	20
154	2293	20
154	1206	19.625
154	2206	19.625
154	2291	19.5
154	2037	19.25
154	2202	19.25
154	2203	19.25
154	344	19.25
154	2292	19
154	2294	18.875
154	1227	18.375
154	2025	18.375
154	2038	18.375
154	2046	18.375
154	336	18.375
154	345	18.375
154	805	18.375
154	2201	18.25
154	2290	18.25
154	922	18.125
154	2039	18
154	2040	18
154	335	17.875
154	383	17.875
154	917	17.875
154	2035	17.75
154	337	17.75
154	420	17.75
154	1010	17.625
154	2036	17.625
154	578	17.625
154	2166	17.5
154	72	17.375
154	1198	17.25
154	1777	17.25
154	2047	17.25
154	334	17.25
154	2022	17.125
154	2204	17.125
154	341	17.125
154	2287	17
154	338	17
154	380	17
154	423	17
154	539	17
154	2266	16.875
154	2295	16.875
154	358	16.875
154	572	16.875
154	1609	16.75
154	1873	16.75
154	342	16.75
154	1277	16.625
154	1351	16.625
154	1585	16.625
154	1650	16.625
154	2289	16.625
154	1454	16.5
154	1691	16.5
154	2030	16.5
154	2045	16.5
154	2301	16.5
154	554	16.5
154	1165	16.375
154	1394	16.375
154	188	16.375
154	720	16.375
154	952	16.375
154	100	16.25
154	1653	16.25
154	1687	16.25
154	2029	16.25
154	382	16.25
154	537	16.25
154	980	16.25
154	101	16.125
154	1250	16.125
154	1942	16.125
154	1949	16.125
154	1978	16.125
154	2027	16.125
154	211	16.125
154	544	16.125
154	893	16.125
154	1254	16
154	2044	16
154	2048	16
154	2116	16
154	2265	16
154	2302	16
154	323	16
154	541	16
154	834	16
154	1092	15.9375
154	1652	15.9375
154	1660	15.9375
154	1982	15.9375
154	2034	15.9375
155	888	24.5
155	800	20.375
155	796	20.25
155	1617	20.125
155	1580	19.875
155	1628	19.875
155	1578	19.625
155	1710	19.625
155	1582	19.5
155	1328	19.375
155	1718	19.375
155	1743	19.25
155	1946	19.25
155	1574	19.125
155	1708	19.125
155	1209	19
155	1226	19
155	1317	19
155	1581	19
155	1724	19
155	898	19
155	1320	18.875
155	1567	18.875
155	1576	18.875
155	1606	18.875
155	1721	18.875
155	2213	18.875
155	2214	18.875
155	2311	18.875
155	1036	18.75
155	1129	18.75
155	1217	18.75
155	1566	18.75
155	1575	18.75
155	1605	18.75
155	1695	18.75
155	1714	18.75
155	2228	18.75
155	1006	18.625
155	1383	18.625
155	1716	18.625
155	1720	18.625
155	2209	18.625
155	2225	18.625
155	2308	18.625
155	776	18.625
155	1274	18.5
155	1608	18.5
155	1660	18.5
155	215	18.5
155	769	18.5
155	900	18.5
155	1198	18.375
155	1572	18.375
155	1719	18.375
155	1734	18.375
155	70	18.375
155	1321	18.25
155	1440	18.25
155	1712	18.25
155	2010	18.25
155	2236	18.25
155	226	18.25
155	24	18.25
155	795	18.25
155	905	18.25
155	1231	18.125
155	1331	18.125
155	138	18.125
155	1428	18.125
155	1522	18.125
155	1551	18.125
155	1568	18.125
155	1577	18.125
155	1595	18.125
155	1707	18.125
155	1740	18.125
155	1756	18.125
155	1962	18.125
155	442	18.125
155	858	18.125
155	1014	18
155	1228	18
155	1315	18
155	1361	18
155	1393	18
155	1480	18
155	1571	18
155	1579	18
155	1585	18
155	1615	18
155	1640	18
155	1651	18
155	1703	18
155	1706	18
155	1713	18
155	767	18
155	860	18
155	1037	17.875
155	1330	17.875
156	2278	19.125
156	1215	18.75
156	1231	18.75
156	1230	18.25
156	2277	18
156	248	17.875
156	2086	17.5
156	253	17.375
156	1192	17.125
156	2115	17.125
156	264	17.125
156	279	17.125
156	2258	17
156	2266	17
156	216	16.875
156	1913	16.75
156	242	16.75
156	1882	16.625
156	249	16.625
156	273	16.625
156	274	16.625
156	206	16.5
156	2259	16.5
156	241	16.5
156	1040	16.375
156	215	16.375
156	251	16.375
156	1260	16.25
156	255	16.25
156	1027	16.125
156	1276	16.125
156	208	16.125
156	2260	16.125
156	2275	16.125
156	276	16.125
156	1204	16
156	1866	16
156	2082	16
156	2191	16
156	275	16
156	1268	15.9375
156	1775	15.9375
156	1819	15.9375
156	2112	15.9375
156	214	15.9375
156	204	15.875
156	1056	15.8125
156	198	15.8125
156	2087	15.75
156	1177	15.6875
156	1205	15.6875
156	1957	15.6875
156	1199	15.625
156	1916	15.625
156	199	15.625
156	75	15.625
156	82	15.625
156	106	15.5625
156	1182	15.5625
156	1925	15.5625
156	1932	15.5625
156	416	15.5625
156	796	15.5625
156	1813	15.5
156	1934	15.5
156	1946	15.5
156	203	15.5
156	2308	15.5
156	258	15.5
156	710	15.5
156	195	15.4375
156	210	15.4375
156	282	15.4375
156	1034	15.375
156	1881	15.375
156	1941	15.375
156	2310	15.375
156	42	15.375
156	813	15.375
156	1088	15.3125
156	1776	15.3125
156	1914	15.3125
156	2187	15.3125
156	860	15.3125
156	109	15.25
156	1165	15.25
156	1193	15.25
156	1272	15.25
156	1285	15.25
156	1903	15.25
156	1933	15.25
156	207	15.25
156	217	15.25
156	3	15.25
156	1802	15.1875
156	2020	15.1875
156	2219	15.1875
156	226	15.1875
156	2261	15.1875
156	245	15.1875
157	1759	24.25
157	2167	24.25
157	2252	24.25
157	2163	24.125
157	336	24
157	1609	23.875
157	1958	23.75
157	557	23.625
157	703	23.5
157	1010	23.375
157	1942	23.25
157	2152	23.25
157	1151	23.125
157	1198	23.125
157	1929	23.125
157	1959	23.125
157	2154	23.125
157	335	23.125
157	72	23.125
157	1013	23
157	1786	23
157	516	23
157	834	23
157	1217	22.75
157	2007	22.75
157	2107	22.75
157	412	22.75
157	427	22.75
157	577	22.75
157	64	22.75
157	1611	22.625
157	2147	22.625
157	2165	22.625
157	1015	22.5
157	1150	22.5
157	1153	22.5
157	1225	22.5
157	1784	22.5
157	192	22.5
157	2168	22.5
157	2186	22.5
157	416	22.5
157	1087	22.375
157	1170	22.375
157	1775	22.375
157	2189	22.375
157	533	22.375
157	549	22.375
157	73	22.375
157	925	22.375
157	1172	22.25
157	1175	22.25
157	1656	22.25
157	2086	22.25
157	2104	22.25
157	2191	22.25
157	2219	22.25
157	1020	22.125
157	1023	22.125
157	1239	22.125
157	1391	22.125
157	1938	22.125
157	1954	22.125
157	1980	22.125
157	2008	22.125
157	2203	22.125
157	2292	22.125
157	100	22
157	1091	22
157	1676	22
157	1911	22
157	1953	22
157	2170	22
157	539	22
157	552	22
157	559	22
157	111	21.875
157	1253	21.875
157	1948	21.875
157	353	21.875
157	735	21.875
157	817	21.875
157	1184	21.75
157	1204	21.75
157	1233	21.75
157	1763	21.75
157	1765	21.75
157	1975	21.75
157	208	21.75
157	225	21.75
157	2250	21.75
157	386	21.75
157	638	21.75
157	708	21.75
157	827	21.75
157	1002	21.625
157	1154	21.625
157	1237	21.625
157	1393	21.625
157	417	21.625
158	1226	18.5
158	2240	18.25
158	2089	17.625
158	2238	17.5
158	2237	17.375
158	2245	17.375
158	1013	16.875
158	1020	16.875
158	1949	16.5
158	1965	16.25
158	2227	16.25
158	1768	16.125
158	1958	16.125
158	2231	16.125
158	2308	16.125
158	1225	16
158	2230	16
158	1215	15.9375
158	1942	15.875
158	2219	15.75
158	1154	15.6875
158	1784	15.6875
158	2138	15.6875
158	2229	15.6875
158	2255	15.6875
158	715	15.625
158	1006	15.5
158	2311	15.5
158	2116	15.4375
158	2241	15.4375
158	789	15.4375
158	1950	15.375
158	2082	15.375
158	2107	15.375
158	1158	15.25
158	1165	15.25
158	1233	15.25
158	2084	15.25
158	2253	15.25
158	2309	15.25
158	1010	15.1875
158	1214	15.1875
158	2167	15.125
158	2223	15.125
158	1959	15.0625
158	71	15.0625
158	2156	15
158	2157	15
158	1176	14.9375
158	1966	14.9375
158	695	14.9375
158	2086	14.875
158	2165	14.875
158	1770	14.8125
158	1786	14.8125
158	2291	14.8125
158	914	14.8125
158	939	14.8125
158	1204	14.75
158	150	14.75
158	1772	14.75
158	2201	14.75
158	2252	14.75
158	1021	14.6875
158	1172	14.6875
158	1217	14.6875
158	1236	14.6875
158	2202	14.6875
158	1012	14.625
158	416	14.625
158	1015	14.5625
158	1199	14.5625
158	1234	14.5625
158	2091	14.5625
158	2168	14.5625
158	1993	14.5
158	1019	14.4375
158	1203	14.4375
158	2158	14.4375
158	1091	14.375
158	1184	14.375
158	1669	14.375
158	1758	14.375
158	1780	14.375
158	679	14.375
158	995	14.375
158	1198	14.3125
158	2152	14.3125
158	2191	14.3125
158	944	14.3125
158	1002	14.25
158	1007	14.25
158	1017	14.25
158	1188	14.25
158	974	14.25
158	1710	14.1875
158	2236	14.1875
158	441	14.1875
158	747	14.1875
158	769	14.1875
159	668	19.5
159	677	16.75
159	674	16.625
159	656	16.5
159	676	16.5
159	1107	16.375
159	659	16.25
159	670	16.25
159	669	16.125
159	1219	15.625
159	138	15.625
159	1991	15.625
159	1152	15.5
159	730	15.5
159	334	15.4375
159	2080	15.375
159	814	15.375
159	938	15.375
159	1145	15.3125
159	1153	15.3125
159	1659	15.3125
159	2090	15.3125
159	724	15.3125
159	665	15.25
159	121	15.1875
159	1074	15.125
159	671	15.125
159	673	15.0625
159	1014	15
159	1862	15
159	1975	15
159	2087	15
159	680	15
159	547	14.9375
159	574	14.9375
159	742	14.9375
159	803	14.9375
159	1142	14.875
159	2038	14.875
159	1103	14.8125
159	1874	14.8125
159	1904	14.8125
159	749	14.8125
159	1905	14.75
159	805	14.75
159	1097	14.6875
159	2032	14.6875
159	233	14.6875
159	827	14.6875
159	1353	14.625
159	1910	14.625
159	549	14.625
159	585	14.625
159	807	14.625
159	1190	14.5625
159	1663	14.5625
159	1864	14.5625
159	2195	14.5625
159	2209	14.5625
159	566	14.5625
159	1564	14.5
159	1656	14.5
159	1933	14.5
159	2167	14.5
159	349	14.5
159	649	14.5
159	1784	14.4375
159	1075	14.375
159	1863	14.375
159	1870	14.375
159	2048	14.375
159	2194	14.375
159	516	14.375
159	745	14.375
159	1058	14.3125
159	1180	14.3125
159	2299	14.3125
159	337	14.3125
159	580	14.3125
159	750	14.3125
159	929	14.3125
159	1034	14.25
159	1048	14.25
159	1122	14.25
159	1150	14.25
159	1932	14.25
159	2175	14.25
159	527	14.25
159	598	14.25
159	705	14.25
159	990	14.25
159	1013	14.1875
159	1035	14.1875
159	1037	14.1875
159	1333	14.1875
159	2004	14.1875
159	2007	14.1875
159	539	14.1875
159	552	14.1875
159	666	14.1875
160	2248	26.625
160	2229	26.125
160	2153	25.75
160	516	25.75
160	1764	25.5
160	1609	25.375
160	1003	25.25
160	1013	25
160	1225	25
160	1198	24.75
160	2236	24.75
160	1784	24.625
160	2090	24.625
160	2151	24.625
160	2255	24.625
160	336	24.625
160	510	24.625
160	1954	24.5
160	1210	24.375
160	2251	24.25
160	188	24
160	1611	23.875
160	515	23.875
160	1010	23.625
160	1957	23.625
160	2219	23.625
160	598	23.625
160	2231	23.5
160	511	23.5
160	538	23.5
160	1480	23.375
160	2183	23.375
160	2245	23.375
160	1084	23.25
160	1349	23.25
160	2008	23.25
160	337	23.25
160	552	23.25
160	100	23.125
160	1205	23.125
160	1337	23.125
160	138	23.125
160	1775	23.125
160	2150	23.125
160	2252	23.125
160	526	23.125
160	1657	23
160	2213	23
160	2230	23
160	513	23
160	539	23
160	1382	22.875
160	1656	22.875
160	1948	22.875
160	1991	22.875
160	416	22.875
160	541	22.875
160	1223	22.75
160	1394	22.75
160	1661	22.75
160	1716	22.75
160	2163	22.75
160	2220	22.75
160	2223	22.75
160	2276	22.75
160	837	22.75
160	1	22.625
160	1152	22.625
160	1254	22.625
160	1316	22.625
160	1526	22.625
160	1643	22.625
160	1769	22.625
160	2089	22.625
160	335	22.625
160	345	22.625
160	401	22.625
160	496	22.625
160	941	22.625
160	1391	22.5
160	331	22.5
160	344	22.5
160	51	22.5
160	601	22.5
160	1112	22.375
160	1343	22.375
160	1508	22.375
160	1651	22.375
160	1713	22.375
160	1726	22.375
160	1761	22.375
160	1934	22.375
160	2087	22.375
160	579	22.375
160	1014	22.25
160	1325	22.25
160	1464	22.25
160	1561	22.25
160	1719	22.25
160	1778	22.25
161	1551	18.875
161	541	18.875
161	1760	18.625
161	1986	18.125
161	2017	18.125
161	1784	18
161	2021	17.875
161	990	17.875
161	1428	17.75
161	1767	17.75
161	1853	17.75
161	2019	17.75
161	840	17.75
161	1005	17.625
161	2239	17.625
161	516	17.625
161	1585	17.5
161	2090	17.5
161	2149	17.5
161	2155	17.5
161	365	17.5
161	48	17.5
161	1562	17.375
161	1789	17.375
161	2010	17.375
161	514	17.375
161	56	17.375
161	1330	17.25
161	515	17.25
161	523	17.25
161	1308	17.125
161	1721	17.125
161	1992	17.125
161	539	17.125
161	1266	17
161	1750	17
161	1988	17
161	2008	17
161	2093	17
161	353	17
161	844	17
161	1010	16.875
161	1014	16.875
161	1407	16.875
161	1583	16.875
161	1609	16.875
161	1835	16.875
161	236	16.875
161	328	16.875
161	470	16.875
161	567	16.875
161	654	16.875
161	999	16.875
161	1086	16.75
161	1512	16.75
161	1773	16.75
161	1785	16.75
161	1937	16.75
161	2196	16.75
161	2236	16.75
161	510	16.75
161	511	16.75
161	513	16.75
161	519	16.75
161	805	16.75
161	1013	16.625
161	1017	16.625
161	1361	16.625
161	1701	16.625
161	1703	16.625
161	1765	16.625
161	1769	16.625
161	2074	16.625
161	2168	16.625
161	2170	16.625
161	538	16.625
161	542	16.625
161	582	16.625
161	1480	16.5
161	1532	16.5
161	1761	16.5
161	2016	16.5
161	2171	16.5
161	2210	16.5
161	2269	16.5
161	400	16.5
161	43	16.5
161	525	16.5
161	563	16.5
161	614	16.5
161	1015	16.375
161	1344	16.375
161	1385	16.375
161	1489	16.375
161	1565	16.375
161	1762	16.375
161	1788	16.375
161	320	16.375
161	630	16.375
161	1048	16.25
162	1120	27.125
162	184	27
162	1119	26.375
162	185	24.875
162	1109	24.75
162	180	24.75
162	170	24.625
162	1114	24.5
162	1121	24.125
162	179	24.125
162	1122	24
162	1198	23.875
162	1250	23.875
162	176	23.875
162	1104	23.75
162	186	23.75
162	172	23.625
162	1942	23.625
162	177	23.5
162	2088	23.375
162	1254	23.25
162	178	23.25
162	2037	23.25
162	1106	23.125
162	173	23.125
162	731	23.125
162	1108	23
162	1118	23
162	1246	23
162	1111	22.875
162	1248	22.875
162	1866	22.875
162	188	22.875
162	334	22.875
162	1247	22.75
162	1872	22.75
162	574	22.75
162	1113	22.625
162	1245	22.625
162	2209	22.625
162	561	22.625
162	1239	22.5
162	1242	22.5
162	2108	22.5
162	563	22.5
162	938	22.5
162	106	22.375
162	109	22.375
162	1876	22.375
162	1934	22.375
162	245	22.375
162	391	22.375
162	73	22.375
162	756	22.375
162	98	22.375
162	1010	22.25
162	17	22.25
162	190	22.25
162	394	22.25
162	710	22.25
162	1775	22.125
162	1879	22.125
162	1953	22.125
162	207	22.125
162	2261	22.125
162	2292	22.125
162	620	22.125
162	724	22.125
162	805	22.125
162	837	22.125
162	87	22.125
162	1014	22
162	107	22
162	1105	22
162	18	22
162	2007	22
162	2270	22
162	2281	22
162	547	22
162	707	22
162	72	22
162	2038	21.875
162	206	21.875
162	2201	21.875
162	2222	21.875
162	2298	21.875
162	382	21.875
162	427	21.875
162	795	21.875
162	813	21.875
162	96	21.875
162	983	21.875
162	1103	21.75
162	1117	21.75
162	1168	21.75
162	1195	21.75
162	135	21.75
162	167	21.75
162	1905	21.75
162	203	21.75
163	1123	9.4375
163	330	9.4375
163	41	9.375
163	1229	9.3125
163	159	9.3125
163	2268	9.3125
163	1926	9.25
163	721	9.25
163	813	9.25
163	903	9.25
163	1	9.1875
163	1009	9.1875
163	111	9.1875
163	113	9.1875
163	1154	9.1875
163	1255	9.1875
163	1289	9.1875
163	157	9.1875
163	161	9.1875
163	1786	9.1875
163	1823	9.1875
163	1893	9.1875
163	1938	9.1875
163	1994	9.1875
163	2013	9.1875
163	2144	9.1875
163	2249	9.1875
163	2256	9.1875
163	398	9.1875
163	524	9.1875
163	656	9.1875
163	736	9.1875
163	773	9.1875
163	818	9.1875
163	878	9.1875
163	887	9.1875
163	92	9.1875
163	951	9.1875
163	960	9.1875
163	975	9.1875
163	102	9.125
163	1020	9.125
163	1023	9.125
163	1025	9.125
163	1061	9.125
163	1066	9.125
163	1070	9.125
163	1085	9.125
163	1095	9.125
163	112	9.125
163	1124	9.125
163	1125	9.125
163	1133	9.125
163	1141	9.125
163	1142	9.125
163	1144	9.125
163	1146	9.125
163	1147	9.125
163	115	9.125
163	1151	9.125
163	1155	9.125
163	1167	9.125
163	1188	9.125
163	1197	9.125
163	12	9.125
163	1200	9.125
163	1212	9.125
163	122	9.125
163	1235	9.125
163	124	9.125
163	1257	9.125
163	1258	9.125
163	126	9.125
163	1267	9.125
163	1277	9.125
163	1278	9.125
163	1296	9.125
163	1302	9.125
163	1363	9.125
163	144	9.125
163	146	9.125
163	147	9.125
163	152	9.125
163	153	9.125
163	1666	9.125
163	1667	9.125
163	1762	9.125
163	177	9.125
163	1770	9.125
163	1771	9.125
163	1774	9.125
163	1793	9.125
163	1794	9.125
163	1795	9.125
163	1796	9.125
163	1822	9.125
163	1825	9.125
163	1826	9.125
163	183	9.125
163	1830	9.125
164	2001	12.3125
164	225	11.9375
164	979	11.9375
164	981	11.9375
164	226	11.75
164	233	11.625
164	828	11.4375
164	995	11.375
164	1932	11.3125
164	1931	11.1875
164	1933	11.125
164	1187	10.8125
164	1992	10.8125
164	1218	10.75
164	1041	10.625
164	1949	10.625
164	2049	10.625
164	1941	10.5625
164	2172	10.5625
164	1935	10.4375
164	224	10.4375
164	707	10.375
164	715	10.375
164	827	10.375
164	2251	10.3125
164	974	10.25
164	1967	10.1875
164	2008	10.1875
164	2265	10.1875
164	2289	10.1875
164	817	10.1875
164	221	10.125
164	141	10.0625
164	1772	10.0625
164	1928	10.0625
164	2085	10.0625
164	2205	10.0625
164	2230	10.0625
164	1950	10
164	1317	9.9375
164	1925	9.9375
164	1929	9.9375
164	1951	9.9375
164	1993	9.9375
164	2112	9.9375
164	222	9.9375
164	94	9.9375
164	1158	9.875
164	1324	9.875
164	188	9.875
164	1930	9.875
164	2002	9.875
164	2098	9.875
164	2229	9.875
164	2238	9.8125
164	2266	9.8125
164	2291	9.8125
164	685	9.8125
164	996	9.8125
164	1240	9.75
164	2202	9.75
164	2276	9.75
164	706	9.75
164	782	9.75
164	835	9.75
164	984	9.75
164	1068	9.6875
164	1757	9.6875
164	1923	9.6875
164	1946	9.6875
164	958	9.6875
164	997	9.6875
164	1126	9.625
164	1157	9.625
164	1160	9.625
164	1172	9.625
164	1173	9.625
164	2010	9.625
164	2147	9.625
164	2234	9.625
164	52	9.625
164	699	9.625
164	711	9.625
164	716	9.625
164	720	9.625
164	1168	9.5625
164	1316	9.5625
164	719	9.5625
164	821	9.5625
164	982	9.5625
164	1006	9.5
164	1072	9.5
164	1223	9.5
164	142	9.5
164	189	9.5
164	1974	9.5
164	1983	9.5
164	2075	9.5
164	2201	9.5
164	2233	9.5
165	1013	23.75
165	2231	23.625
165	1014	23.375
165	2255	23.125
165	2229	22.875
165	2230	22.75
165	2236	22.75
165	1784	22.25
165	1225	22
165	1209	21.625
165	1778	21.625
165	2248	21.25
165	1219	20.625
165	2237	20.5
165	383	20.5
165	2242	20.25
165	1142	20.125
165	138	20.125
165	2090	20.125
165	1210	20
165	1785	20
165	2246	20
165	1480	19.875
165	2167	19.875
165	2228	19.875
165	1786	19.75
165	2165	19.75
165	1198	19.625
165	929	19.625
165	1226	19.375
165	2151	19.375
165	2244	19.375
165	2240	19.25
165	2252	19.25
165	730	19.25
165	1015	19.125
165	1180	19.125
165	1337	19.125
165	2046	19.125
165	2213	19.125
165	2047	19
165	2168	19
165	2308	19
165	1012	18.875
165	121	18.875
165	1761	18.875
165	2039	18.875
165	511	18.875
165	1132	18.75
165	513	18.75
165	541	18.75
165	1000	18.625
165	155	18.625
165	2245	18.625
165	2249	18.625
165	2251	18.625
165	51	18.625
165	2008	18.5
165	767	18.5
165	1609	18.375
165	174	18.375
165	2150	18.375
165	317	18.375
165	1001	18.25
165	1353	18.25
165	1563	18.25
165	2072	18.25
165	2209	18.25
165	229	18.25
165	598	18.25
165	1762	18.125
165	1780	18.125
165	75	18.125
165	1148	18
165	1421	18
165	2089	18
165	2136	18
165	2210	18
165	2239	18
165	233	18
165	515	18
165	538	18
165	539	18
165	930	18
165	1070	17.875
165	1253	17.875
165	1721	17.875
165	1942	17.875
165	2112	17.875
165	416	17.875
165	1126	17.75
165	1275	17.75
165	1315	17.75
165	1338	17.75
165	1349	17.75
165	1383	17.75
165	1407	17.75
165	1415	17.75
165	1565	17.75
165	1722	17.75
166	2093	27.5
166	56	27.25
166	1086	27.125
166	2196	27.125
166	1937	26.5
166	1986	26.125
166	48	26.125
166	840	26.125
166	2017	26
166	990	26
166	1220	25.75
166	2059	24.375
166	2069	24.375
166	2019	24
166	231	23.75
166	45	22.75
166	843	22.75
166	833	22.5
166	2074	22.375
166	2186	22
166	88	22
166	1087	21.875
166	2195	21.875
166	1097	21.625
166	1075	21.5
166	2194	21.375
166	1314	21.25
166	1415	21.25
166	1991	21.125
166	1992	21.125
166	1429	21
166	2079	21
166	89	21
166	2018	20.875
166	1328	20.75
166	1366	20.75
166	1987	20.75
166	25	20.75
166	842	20.75
166	1013	20.625
166	1462	20.625
166	1472	20.625
166	2020	20.625
166	2184	20.625
166	2189	20.625
166	2197	20.625
166	2280	20.625
166	34	20.625
166	58	20.625
166	828	20.625
166	991	20.625
166	1938	20.5
166	2007	20.5
166	2182	20.5
166	1014	20.375
166	1073	20.375
166	1083	20.375
166	1184	20.375
166	1517	20.375
166	1059	20.25
166	1190	20.25
166	192	20.25
166	1981	20.25
166	2176	20.25
166	836	20.25
166	1050	20.125
166	1225	20.125
166	1765	20.125
166	2016	20.125
166	2073	20.125
166	2279	20.125
166	1027	20
166	1048	20
166	1058	20
166	1082	20
166	1440	20
166	1468	20
166	1498	20
166	1975	20
166	2010	20
166	2012	20
166	2060	20
166	2175	20
166	2192	20
166	68	20
166	805	20
166	822	20
166	827	20
166	1094	19.875
166	1098	19.875
166	1180	19.875
166	1195	19.875
166	1337	19.875
166	1488	19.875
166	1997	19.875
166	2015	19.875
166	2181	19.875
166	232	19.875
166	233	19.875
166	361	19.875
167	217	14.9375
167	1917	14.6875
167	207	14.625
167	206	14.3125
167	1921	13.875
167	218	13.875
167	1924	13.8125
167	1916	13.6875
167	203	13.5
167	1925	13.3125
167	1922	13.1875
167	209	13.1875
167	1920	13.0625
167	216	12.8125
167	2207	12.75
167	2293	12.75
167	1903	12.625
167	214	12.625
167	215	12.625
167	2200	12.5625
167	208	12.5
167	1196	12.4375
167	63	12.4375
167	210	12.375
167	219	12.375
167	204	12.25
167	1829	12.125
167	224	12.125
167	1022	12.0625
167	1086	12.0625
167	1179	12.0625
167	1915	12.0625
167	202	12.0625
167	2196	12.0625
167	250	12.0625
167	1882	12
167	1935	12
167	1757	11.875
167	281	11.875
167	1800	11.8125
167	1978	11.8125
167	919	11.8125
167	1059	11.75
167	1115	11.75
167	1259	11.75
167	1843	11.75
167	1897	11.75
167	1997	11.75
167	2147	11.75
167	245	11.75
167	247	11.75
167	248	11.75
167	259	11.75
167	737	11.75
167	75	11.75
167	918	11.75
167	156	11.6875
167	1010	11.625
167	188	11.625
167	2104	11.625
167	735	11.625
167	837	11.625
167	961	11.625
167	969	11.625
167	997	11.625
167	1039	11.5625
167	1181	11.5625
167	1258	11.5625
167	1763	11.5625
167	1844	11.5625
167	1918	11.5625
167	91	11.5625
167	1006	11.5
167	1175	11.5
167	1176	11.5
167	140	11.5
167	167	11.5
167	1826	11.5
167	1860	11.5
167	1949	11.5
167	2290	11.5
167	69	11.5
167	848	11.5
167	983	11.5
167	1166	11.4375
167	144	11.4375
167	1772	11.4375
167	2307	11.4375
167	246	11.4375
167	782	11.4375
167	996	11.4375
167	1018	11.375
167	1157	11.375
167	1211	11.375
167	1225	11.375
167	1255	11.375
167	1759	11.375
167	1802	11.375
167	1840	11.375
167	1865	11.375
168	1350	11.9375
168	1368	11.75
168	1658	11.75
168	1348	11.6875
168	1040	11.625
168	1337	11.5625
168	1676	11.5625
168	1347	11.375
168	1654	11.375
168	1659	11.375
168	1375	11.3125
168	1260	11.25
168	1349	11.25
168	1882	11.25
168	1366	11.1875
168	1480	11.1875
168	1356	11.125
168	1657	11.125
168	1560	11.0625
168	1613	11.0625
168	1361	11
168	1751	11
168	1487	10.9375
168	1735	10.9375
168	1652	10.875
168	1660	10.875
168	1750	10.875
168	2272	10.875
168	2269	10.8125
168	88	10.8125
168	1336	10.75
168	1370	10.75
168	1495	10.75
168	1532	10.75
168	1583	10.75
168	1312	10.6875
168	1313	10.6875
168	1316	10.6875
168	1326	10.6875
168	1359	10.6875
168	1376	10.6875
168	1561	10.6875
168	1563	10.6875
168	1656	10.6875
168	1343	10.625
168	1360	10.625
168	1429	10.625
168	1473	10.625
168	1507	10.625
168	1524	10.625
168	1516	10.5625
168	1526	10.5625
168	1624	10.5625
168	1299	10.5
168	1352	10.5
168	1508	10.5
168	1616	10.5
168	1677	10.5
168	1311	10.4375
168	1328	10.4375
168	1333	10.4375
168	1338	10.4375
168	1479	10.4375
168	1525	10.4375
168	1557	10.4375
168	1670	10.4375
168	1753	10.4375
168	1315	10.375
168	1329	10.375
168	1334	10.375
168	1341	10.375
168	1543	10.375
168	1675	10.375
168	1754	10.375
168	1353	10.3125
168	1354	10.3125
168	1440	10.3125
168	1519	10.3125
168	1622	10.3125
168	1854	10.3125
168	187	10.3125
168	1952	10.3125
168	665	10.3125
168	1102	10.25
168	1339	10.25
168	1377	10.25
168	1418	10.25
168	1484	10.25
168	1556	10.25
168	1567	10.25
168	1593	10.25
168	1625	10.25
168	1653	10.25
168	1861	10.25
168	1309	10.1875
168	1330	10.1875
168	1342	10.1875
168	1369	10.1875
168	1415	10.1875
168	1468	10.1875
169	1869	18.5
169	1868	17.875
169	1909	17.375
169	2087	16.5
169	1876	16.375
169	1881	16.375
169	1867	16.25
169	1888	16.25
169	1866	16
169	1878	15.875
169	1865	15.6875
169	1882	15.6875
169	449	15.375
169	1870	15
169	1875	14.8125
169	1898	14.5625
169	1883	14.375
169	469	14.25
169	475	14.1875
169	448	14
169	467	13.9375
169	477	13.9375
169	1233	13.875
169	1879	13.875
169	1201	13.8125
169	1752	13.8125
169	1950	13.8125
169	478	13.8125
169	940	13.8125
169	344	13.75
169	468	13.75
169	1021	13.6875
169	1303	13.625
169	1777	13.625
169	313	13.625
169	447	13.625
169	961	13.625
169	1263	13.5625
169	1655	13.5625
169	464	13.5625
169	1753	13.4375
169	337	13.4375
169	472	13.4375
169	452	13.375
169	479	13.375
169	1029	13.3125
169	1234	13.3125
169	286	13.3125
169	466	13.3125
169	918	13.3125
169	1208	13.25
169	1751	13.25
169	474	13.1875
169	480	13.1875
169	585	13.1875
169	1634	13.125
169	454	13.125
169	465	13.125
169	530	13.125
169	1325	13.0625
169	1686	13.0625
169	495	13.0625
169	538	13.0625
169	601	13.0625
169	1030	13
169	1664	13
169	405	13
169	459	13
169	952	13
169	1408	12.9375
169	325	12.9375
169	329	12.9375
169	332	12.9375
169	456	12.9375
169	607	12.9375
169	935	12.9375
169	1351	12.875
169	158	12.875
169	1671	12.875
169	287	12.875
169	487	12.875
169	534	12.875
169	541	12.875
169	549	12.875
169	561	12.875
169	1158	12.8125
169	1260	12.8125
169	139	12.8125
169	1477	12.8125
169	1658	12.8125
169	1750	12.8125
169	1901	12.8125
169	450	12.8125
169	460	12.8125
169	481	12.8125
169	596	12.8125
169	626	12.8125
169	816	12.8125
169	1660	12.75
169	471	12.75
170	858	18.625
170	2046	18.5
170	869	18.5
170	855	17.875
170	877	17.875
170	854	17.25
170	2246	17.125
170	876	17.125
170	2047	17
170	70	17
170	898	17
170	865	16.875
170	893	16.875
170	1582	16.75
170	1209	16.625
170	862	16.5
170	900	16.5
170	2230	16.375
170	875	16.375
170	885	16.375
170	897	16.375
170	1522	16.25
170	1566	16.25
170	1962	16.25
170	24	16.25
170	853	16.25
170	2236	16
170	2247	16
170	861	16
170	880	16
170	904	16
170	905	16
170	1576	15.9375
170	1605	15.9375
170	1574	15.875
170	236	15.875
170	796	15.875
170	1567	15.8125
170	1655	15.8125
170	2311	15.8125
170	1572	15.75
170	1210	15.6875
170	1608	15.6875
170	1628	15.6875
170	1832	15.6875
170	2025	15.6875
170	767	15.6875
170	1389	15.625
170	2032	15.625
170	1133	15.5625
170	1321	15.5625
170	1617	15.5625
170	1797	15.5625
170	902	15.5625
170	1359	15.5
170	1577	15.5
170	1606	15.5
170	1736	15.5
170	1570	15.4375
170	2044	15.4375
170	2054	15.4375
170	2100	15.4375
170	2223	15.4375
170	2228	15.4375
170	678	15.4375
170	857	15.4375
170	863	15.4375
170	1565	15.375
170	1695	15.375
170	1816	15.375
170	1965	15.375
170	1326	15.3125
170	1328	15.3125
170	1353	15.3125
170	1480	15.3125
170	2045	15.3125
170	881	15.3125
170	1423	15.25
170	1663	15.25
170	1716	15.25
170	856	15.25
170	1129	15.1875
170	1316	15.1875
170	1383	15.1875
170	1571	15.1875
170	1579	15.1875
170	1581	15.1875
170	2126	15.1875
170	2213	15.1875
170	2276	15.1875
170	2308	15.1875
170	852	15.1875
170	1153	15.125
170	1204	15.125
170	1416	15.125
170	1619	15.125
170	1732	15.125
170	2034	15.125
170	2127	15.125
170	79	15.125
171	2219	22.75
171	2086	22.5
171	2091	22.25
171	2082	22.125
171	1233	21.875
171	71	21.875
171	1184	21.625
171	2311	21.5
171	1234	21.375
171	2240	21.375
171	1226	21.25
171	2089	21.25
171	1217	21.125
171	715	21.125
171	1949	21
171	2223	21
171	2238	21
171	1013	20.875
171	2201	20.875
171	974	20.875
171	1154	20.75
171	1230	20.75
171	817	20.75
171	2084	20.625
171	1010	20.5
171	1158	20.5
171	1199	20.5
171	2252	20.5
171	2277	20.5
171	914	20.5
171	995	20.5
171	1100	20.375
171	1165	20.375
171	2191	20.375
171	1033	20.25
171	1091	20.25
171	1942	20.25
171	1966	20.25
171	1112	20.125
171	2167	20.125
171	695	20.125
171	1020	20
171	1021	20
171	1172	20
171	1215	20
171	2237	20
171	2245	20
171	769	20
171	789	20
171	150	19.875
171	1784	19.875
171	1993	19.875
171	2147	19.875
171	2152	19.875
171	2291	19.875
171	52	19.875
171	997	19.875
171	1019	19.75
171	1225	19.75
171	1271	19.75
171	1763	19.75
171	1772	19.75
171	2202	19.75
171	2253	19.75
171	939	19.75
171	1236	19.625
171	1757	19.625
171	1759	19.625
171	1958	19.625
171	2165	19.625
171	2227	19.625
171	2270	19.625
171	2308	19.625
171	735	19.625
171	747	19.625
171	1002	19.5
171	1012	19.5
171	1188	19.5
171	1214	19.5
171	167	19.5
171	188	19.5
171	2085	19.5
171	2107	19.5
171	2231	19.5
171	64	19.5
171	1204	19.375
171	1221	19.375
171	2116	19.375
171	2119	19.375
171	1111	19.25
171	1959	19.25
171	2306	19.25
171	801	19.25
171	1018	19.125
171	1758	19.125
171	1770	19.125
171	1786	19.125
171	1950	19.125
171	1972	19.125
171	672	19.125
172	323	14.5
172	315	14.0625
172	304	13.875
172	302	13.6875
172	319	13.5625
172	326	13.5625
172	300	13.5
172	301	13.5
172	330	13.5
172	327	13.375
172	316	13.3125
172	317	13.3125
172	299	13.25
172	328	13.25
172	308	13.1875
172	321	13.125
172	322	13.125
172	306	13.0625
172	320	13
172	303	12.9375
172	324	12.9375
172	325	12.875
172	305	12.6875
172	313	12.625
172	312	12.4375
172	310	11.6875
172	601	10.8125
172	309	10.6875
172	314	10.625
172	1413	10.4375
172	856	10.4375
172	1718	10.375
172	1418	10.3125
172	1588	10.3125
172	1565	10.1875
172	437	10.0625
172	515	10.0625
172	1489	9.9375
172	1536	9.9375
172	858	9.9375
172	336	9.8125
172	857	9.8125
172	851	9.75
172	623	9.6875
172	938	9.6875
172	2103	9.625
172	2228	9.625
172	1343	9.5625
172	1689	9.5
172	1741	9.5
172	2006	9.5
172	1314	9.4375
172	1334	9.4375
172	1721	9.4375
172	2031	9.4375
172	2100	9.4375
172	337	9.4375
172	1559	9.375
172	573	9.375
172	663	9.375
172	1326	9.3125
172	680	9.3125
172	419	9.25
172	1784	9.1875
172	1585	9.125
172	1710	9.125
172	491	9.125
172	138	9.0625
172	172	9.0625
172	1328	9
172	1430	9
172	1601	9
172	1703	9
172	541	9
172	705	9
172	1226	8.9375
172	1312	8.9375
172	1361	8.9375
172	1407	8.9375
172	1545	8.9375
172	800	8.9375
172	1224	8.875
172	1330	8.875
172	1333	8.875
172	1353	8.875
172	1402	8.875
172	1428	8.875
172	1429	8.875
172	1562	8.875
172	1723	8.875
172	1946	8.875
172	578	8.875
172	776	8.875
172	1152	8.8125
172	1219	8.8125
172	1321	8.8125
172	1602	8.8125
172	1607	8.8125
172	1731	8.8125
172	1744	8.8125
173	2046	21.5
173	2025	19.875
173	2044	19.5
173	2290	19.125
173	2295	19
173	2035	18.875
173	2045	18.875
173	2298	18.625
173	2300	18.625
173	2202	18.5
173	547	17.875
173	2203	17.625
173	2302	17.625
173	2038	17.5
173	2039	17.5
173	2285	17.5
173	2292	17.5
173	336	17.5
173	2037	17.375
173	338	17.375
173	2293	17.25
173	552	17.25
173	2291	17.125
173	2301	17.125
173	2303	17.125
173	557	17.125
173	1209	17
173	2028	17
173	2040	17
173	2043	17
173	2207	17
173	75	17
173	2150	16.875
173	2213	16.875
173	420	16.875
173	1000	16.75
173	527	16.75
173	571	16.75
173	2151	16.625
173	2206	16.625
173	2214	16.625
173	2236	16.625
173	548	16.625
173	805	16.625
173	1198	16.5
173	1276	16.5
173	1761	16.5
173	2030	16.5
173	2090	16.5
173	2204	16.5
173	335	16.5
173	541	16.5
173	567	16.5
173	1013	16.375
173	1014	16.375
173	1207	16.375
173	1784	16.375
173	1785	16.375
173	2036	16.375
173	2233	16.375
173	2252	16.375
173	345	16.375
173	515	16.375
173	539	16.375
173	558	16.375
173	563	16.375
173	585	16.375
173	621	16.375
173	902	16.375
173	1201	16.25
173	1227	16.25
173	215	16.25
173	532	16.25
173	1942	16.125
173	2047	16.125
173	286	16.125
173	313	16.125
173	344	16.125
173	380	16.125
173	554	16.125
173	574	16.125
173	598	16.125
173	632	16.125
173	678	16.125
173	1165	16
173	1206	16
173	155	16
173	2048	16
173	2165	16
173	2299	16
173	243	16
173	537	16
173	570	16
173	578	16
173	586	16
173	898	16
173	217	15.9375
173	2288	15.9375
173	337	15.9375
173	437	15.9375
174	1719	25
174	1747	24.125
174	1653	22.5
174	1710	22.375
174	1644	22.25
174	1668	22.25
174	1718	22.25
174	513	22.25
174	1414	22
174	1723	22
174	1033	21.875
174	1666	21.75
174	2020	21.75
174	1478	21.625
174	1711	21.625
174	192	21.625
174	1415	21.5
174	1720	21.5
174	1464	21.375
174	1562	21.375
174	1703	21.375
174	1707	21.375
174	1748	21.375
174	2189	21.375
174	1335	21.25
174	1396	21.25
174	1636	21.25
174	1756	21.25
174	1339	21.125
174	1669	21.125
174	1727	21.125
174	1750	21.125
174	1485	21
174	1650	21
174	1708	21
174	1741	21
174	1330	20.875
174	1341	20.875
174	1667	20.875
174	1675	20.875
174	1706	20.875
174	653	20.875
174	1480	20.75
174	1617	20.75
174	1634	20.75
174	1637	20.75
174	1647	20.75
174	1722	20.75
174	1742	20.75
174	511	20.75
174	1087	20.625
174	1309	20.625
174	1317	20.625
174	1366	20.625
174	1558	20.625
174	1638	20.625
174	1721	20.625
174	2186	20.625
174	1430	20.5
174	1474	20.5
174	1643	20.5
174	1274	20.375
174	1481	20.375
174	1680	20.375
174	1704	20.375
174	1738	20.375
174	2279	20.375
174	297	20.375
174	369	20.375
174	1036	20.25
174	1327	20.25
174	1337	20.25
174	1492	20.25
174	1642	20.25
174	1715	20.25
174	1743	20.25
174	322	20.25
174	847	20.25
174	1463	20.125
174	1465	20.125
174	1583	20.125
174	1709	20.125
174	1714	20.125
174	1344	20
174	1391	20
174	1394	20
174	1514	20
174	1740	20
174	419	20
174	456	20
174	544	20
174	1075	19.875
174	1308	19.875
174	1313	19.875
174	1409	19.875
174	1461	19.875
174	1645	19.875
174	1648	19.875
174	1671	19.875
174	1732	19.875
175	1010	25.875
175	2162	25.125
175	2165	25.125
175	2166	25.125
175	1198	25
175	1774	24.625
175	1949	24.625
175	1959	24.375
175	1236	24.125
175	2159	24.125
175	1009	24
175	1922	24
175	1769	23.875
175	1780	23.875
175	1966	23.875
175	1012	23.75
175	1763	23.75
175	2170	23.75
175	1002	23.625
175	155	23.5
175	2152	23.5
175	2163	23.5
175	1160	23.125
175	1200	23.125
175	1017	23
175	2160	23
175	2161	23
175	1000	22.75
175	2151	22.75
175	944	22.75
175	1158	22.625
175	1008	22.375
175	2150	22.375
175	1001	22.25
175	1762	22.25
175	1773	22.25
175	955	22.25
175	1789	22.125
175	1950	22.125
175	150	21.875
175	1953	21.875
175	2279	21.875
175	1233	21.75
175	1761	21.75
175	2277	21.75
175	2265	21.5
175	1766	21.375
175	2270	21.375
175	715	21.375
175	2291	21.25
175	1021	21.125
175	1963	21.125
175	2155	21.125
175	1234	20.625
175	1271	20.625
175	2116	20.625
175	2269	20.625
175	1020	20.5
175	1091	20.5
175	1123	20.5
175	1172	20.5
175	2089	20.5
175	834	20.5
175	1203	20.375
175	1207	20.375
175	2260	20.375
175	789	20.375
175	1164	20.25
175	1199	20.25
175	1266	20.25
175	134	20.25
175	2219	20.25
175	735	20.25
175	758	20.25
175	1019	20.125
175	1151	20.125
175	1154	20.125
175	1165	20.125
175	2202	20.125
175	2256	20.125
175	1005	20
175	111	20
175	1144	20
175	1168	20
175	1184	20
175	135	20
175	142	20
175	2201	20
175	2278	20
175	932	20
175	1023	19.875
175	1211	19.875
175	1255	19.875
175	1259	19.875
175	1265	19.875
175	141	19.875
175	154	19.875
175	1767	19.875
175	2191	19.875
175	2257	19.875
176	97	22
176	1553	21
176	1367	20.875
176	1355	20.75
176	412	20.75
176	1543	20.625
176	1383	20.5
176	1454	20.5
176	323	20.5
176	1377	20.375
176	314	20.375
176	1372	20.25
176	1623	20.25
176	1371	20.125
176	1376	20.125
176	1507	20.125
176	414	20.125
176	1368	20
176	415	20
176	434	20
176	1374	19.875
176	1375	19.875
176	1393	19.875
176	1433	19.875
176	1496	19.875
176	315	19.875
176	538	19.875
176	1369	19.75
176	1942	19.75
176	207	19.75
176	324	19.75
176	325	19.75
176	406	19.75
176	99	19.75
176	1323	19.625
176	1363	19.625
176	1378	19.625
176	1407	19.625
176	1557	19.625
176	1576	19.625
176	1599	19.625
176	336	19.625
176	383	19.625
176	409	19.625
176	1466	19.5
176	1554	19.5
176	1609	19.5
176	1685	19.5
176	1687	19.5
176	1713	19.5
176	417	19.5
176	1351	19.375
176	1394	19.375
176	1622	19.375
176	1671	19.375
176	328	19.375
176	401	19.375
176	510	19.375
176	1340	19.25
176	1511	19.25
176	1675	19.25
176	2203	19.25
176	2301	19.25
176	319	19.25
176	423	19.25
176	428	19.25
176	922	19.25
176	1248	19.125
176	1348	19.125
176	1365	19.125
176	1472	19.125
176	1497	19.125
176	1530	19.125
176	1552	19.125
176	1724	19.125
176	1731	19.125
176	1740	19.125
176	386	19.125
176	416	19.125
176	1329	19
176	1518	19
176	1521	19
176	1549	19
176	1735	19
176	1742	19
176	2201	19
176	2292	19
176	338	19
176	393	19
176	411	19
176	419	19
176	427	19
176	439	19
176	441	19
176	443	19
176	444	19
176	516	19
176	620	19
176	70	19
176	72	19
177	1046	26
177	1067	26
177	1221	26
177	2061	26
177	2199	26
177	62	26
177	978	26
177	2015	25.875
177	2097	25.875
177	2198	25.875
177	1973	25.625
177	2098	25.625
177	1045	25.375
177	2000	25.375
177	63	25.375
177	996	25.375
177	824	25.25
177	1053	25.125
177	1185	25.125
177	1998	25.125
177	2200	25.125
177	825	25.125
177	826	25.125
177	994	25.125
177	2079	25
177	829	25
177	1098	24.875
177	1974	24.875
177	1979	24.875
177	2197	24.875
177	59	24.875
177	1073	24.75
177	2096	24.75
177	1047	24.625
177	820	24.625
177	828	24.625
177	980	24.625
177	983	24.625
177	985	24.625
177	1042	24.5
177	1094	24.5
177	1184	24.5
177	1971	24.5
177	1982	24.5
177	2003	24.5
177	2173	24.5
177	2174	24.5
177	37	24.5
177	817	24.5
177	827	24.5
177	1092	24.375
177	2002	24.375
177	832	24.375
177	837	24.375
177	1096	24.25
177	233	24.25
177	1082	24.125
177	1975	24.125
177	1977	24.125
177	1997	24.125
177	995	24.125
177	1064	24
177	1081	24
177	2004	24
177	2181	24
177	1099	23.875
177	2005	23.875
177	2103	23.875
177	835	23.875
177	838	23.875
177	982	23.875
177	2195	23.75
177	25	23.75
177	1044	23.625
177	1097	23.625
177	1951	23.625
177	1970	23.625
177	1984	23.625
177	2001	23.625
177	51	23.625
177	54	23.625
177	987	23.625
177	1187	23.5
177	1938	23.5
177	2012	23.5
177	2099	23.5
177	2175	23.5
177	43	23.5
177	819	23.5
177	822	23.5
177	823	23.5
177	1048	23.375
177	1058	23.375
177	1976	23.375
177	1991	23.375
177	46	23.375
177	6	23.375
177	1070	23.25
177	1990	23.25
177	2010	23.25
178	1630	21.5
178	1623	21.25
178	1378	21
178	1374	20.625
178	1340	20.5
178	1642	20.5
178	1632	20.125
178	1367	20
178	1369	20
178	1512	20
178	1371	19.875
178	1622	19.875
178	1631	19.875
178	1671	19.75
178	1625	19.625
178	1683	19.625
178	1348	19.5
178	1549	19.5
178	1621	19.5
178	1690	19.5
178	1602	19.375
178	1365	19.25
178	1373	19.25
178	1454	19.25
178	1516	19.25
178	1522	19.25
178	1601	19.25
178	1724	19.25
178	1511	19.125
178	1524	19.125
178	1677	19.125
178	1332	19
178	1350	19
178	1624	19
178	1735	19
178	1368	18.875
178	1370	18.875
178	1492	18.875
178	1742	18.875
178	1377	18.75
178	1486	18.75
178	1496	18.75
178	1689	18.75
178	1363	18.625
178	1372	18.625
178	1521	18.625
178	1633	18.625
178	1672	18.625
178	1675	18.625
178	1754	18.625
178	1376	18.5
178	1432	18.5
178	1514	18.5
178	1542	18.5
178	1543	18.5
178	1665	18.5
178	1473	18.375
178	1477	18.375
178	1487	18.375
178	1635	18.375
178	1668	18.375
178	1418	18.25
178	1678	18.25
178	1682	18.25
178	1329	18.125
178	1474	18.125
178	1502	18.125
178	1685	18.125
178	1406	18
178	1494	18
178	1507	18
178	1513	18
178	1523	18
178	1556	18
178	1562	18
178	1629	18
178	1652	18
178	1680	18
178	1691	18
178	1755	18
178	1351	17.875
178	1375	17.875
178	1558	17.875
178	1596	17.875
178	1641	17.875
178	1688	17.875
178	1427	17.75
178	1500	17.75
178	1515	17.75
178	1532	17.75
178	1540	17.75
178	1548	17.75
178	1561	17.75
178	1613	17.75
178	1646	17.75
178	1647	17.75
178	1660	17.75
178	1681	17.75
178	1752	17.75
178	1311	17.625
179	2206	12.625
179	2294	12.5
179	1227	12.25
179	337	11.9375
179	2046	11.875
179	336	11.875
179	2038	11.75
179	2039	11.75
179	2047	11.75
179	544	11.75
179	2207	11.625
179	1326	11.5
179	1317	11.4375
179	1325	11.4375
179	383	11.4375
179	2037	11.375
179	1506	11.3125
179	2202	11.3125
179	2035	11.25
179	2203	11.25
179	1655	11.1875
179	1577	11.125
179	2025	11.125
179	2045	11.125
179	2292	11.125
179	2293	11.125
179	382	11.125
179	1206	11.0625
179	1324	11.0625
179	2040	11.0625
179	334	11
179	512	11
179	1327	10.9375
179	1351	10.9375
179	354	10.9375
179	1519	10.875
179	1527	10.875
179	344	10.875
179	1724	10.8125
179	1350	10.75
179	922	10.75
179	1376	10.6875
179	1529	10.6875
179	420	10.6875
179	1532	10.625
179	1615	10.625
179	1657	10.625
179	1663	10.625
179	1320	10.5625
179	1563	10.5625
179	1737	10.5625
179	1329	10.5
179	1338	10.5
179	1567	10.5
179	1661	10.5
179	1683	10.5
179	2036	10.5
179	2290	10.5
179	2301	10.5
179	345	10.5
179	917	10.5
179	1458	10.4375
179	1533	10.4375
179	1691	10.4375
179	1525	10.375
179	1576	10.375
179	1672	10.375
179	2247	10.375
179	341	10.375
179	1431	10.3125
179	1526	10.3125
179	1679	10.3125
179	1736	10.3125
179	316	10.3125
179	335	10.3125
179	385	10.3125
179	1342	10.25
179	2205	10.25
179	1355	10.1875
179	1370	10.1875
179	1681	10.1875
179	1687	10.1875
179	1722	10.1875
179	893	10.1875
179	1321	10.125
179	1556	10.125
179	1584	10.125
179	1754	10.125
179	2030	10.125
179	2044	10.125
179	2285	10.125
179	2291	10.125
179	423	10.125
179	554	10.125
179	1359	10.0625
179	1471	10.0625
179	1565	10.0625
179	1572	10.0625
179	1585	10.0625
179	1685	10.0625
180	2287	25.375
180	2038	25.25
180	2037	25.125
180	2203	24.25
180	2036	24.125
180	2292	24.125
180	2035	24
180	2039	24
180	2288	24
180	334	24
180	2040	23.625
180	2046	23.625
180	2027	23.5
180	2045	23.5
180	2301	23.5
180	2029	23.25
180	2285	23.25
180	229	23.25
180	337	23.25
180	2207	22.875
180	2044	22.5
180	2047	22.5
180	2293	22.5
180	547	22.375
180	1227	22.25
180	2030	22.25
180	2202	22.25
180	2286	22.25
180	2291	22
180	2298	22
180	2302	22
180	336	22
180	383	22
180	1206	21.875
180	2048	21.875
180	2204	21.875
180	2206	21.875
180	2300	21.75
180	2303	21.625
180	344	21.625
180	335	21.5
180	2290	21.375
180	1878	21.25
180	2025	21.25
180	358	21.125
180	2028	21
180	2043	21
180	2294	21
180	805	21
180	810	21
180	2295	20.875
180	354	20.875
180	420	20.875
180	539	20.75
180	2299	20.5
180	338	20.5
180	345	20.5
180	738	20.5
180	1421	20.375
180	2090	20.375
180	2205	20.375
180	315	20.375
180	342	20.375
180	2150	20.25
180	769	20.25
180	1525	20.125
180	174	20.125
180	314	20.125
180	316	20.125
180	554	20.125
180	1198	20
180	19	20
180	2034	20
180	303	20
180	382	20
180	423	20
180	1013	19.875
180	1563	19.875
180	1913	19.875
180	525	19.875
180	549	19.875
180	571	19.875
180	578	19.875
180	1010	19.75
180	2270	19.75
180	93	19.75
180	1195	19.625
180	1945	19.625
180	2151	19.625
180	306	19.625
180	341	19.625
180	544	19.625
180	1109	19.5
180	2201	19.5
180	2269	19.5
180	333	19.5
180	350	19.5
180	352	19.5
180	380	19.5
180	492	19.5
181	1	8.6875
181	2061	8.625
181	1067	8.5625
181	2199	8.5625
181	40	8.5625
181	62	8.5625
181	1973	8.5
181	2098	8.5
181	825	8.5
181	1046	8.4375
181	1045	8.375
181	2097	8.375
181	2198	8.375
181	59	8.375
181	1053	8.3125
181	12	8.3125
181	1951	8.3125
181	1959	8.25
181	1979	8.25
181	2096	8.25
181	43	8.25
181	1042	8.1875
181	1098	8.1875
181	1221	8.1875
181	1971	8.1875
181	2197	8.1875
181	512	8.1875
181	820	8.1875
181	829	8.1875
181	995	8.1875
181	1082	8.125
181	1094	8.125
181	1187	8.125
181	1226	8.125
181	1477	8.125
181	1675	8.125
181	1948	8.125
181	2181	8.125
181	2192	8.125
181	985	8.125
181	1549	8.0625
181	1695	8.0625
181	1978	8.0625
181	1984	8.0625
181	2200	8.0625
181	514	8.0625
181	822	8.0625
181	1611	8
181	1972	8
181	34	8
181	63	8
181	978	8
181	1329	7.96875
181	1476	7.96875
181	1974	7.96875
181	54	7.96875
181	1609	7.9375
181	50	7.9375
181	641	7.9375
181	824	7.9375
181	826	7.9375
181	838	7.9375
181	996	7.9375
181	1341	7.90625
181	1473	7.90625
181	1644	7.90625
181	2050	7.90625
181	2059	7.90625
181	2073	7.90625
181	2241	7.90625
181	979	7.90625
181	1096	7.875
181	1227	7.875
181	1454	7.875
181	1507	7.875
181	1540	7.875
181	1653	7.875
181	1726	7.875
181	2069	7.875
181	2074	7.875
181	1041	7.84375
181	1222	7.84375
181	1223	7.84375
181	1391	7.84375
181	1489	7.84375
181	1606	7.84375
181	1663	7.84375
181	1707	7.84375
181	1713	7.84375
181	1718	7.84375
181	1958	7.84375
181	2001	7.84375
181	2174	7.84375
181	2190	7.84375
181	2195	7.84375
181	994	7.84375
181	1044	7.8125
181	1047	7.8125
181	1051	7.8125
181	1097	7.8125
182	2274	18.25
182	2273	17.625
182	1260	17.125
182	1265	17
182	2106	16.875
182	2275	16.5
182	1262	16.25
182	2118	16.125
182	2108	16
182	2270	15.875
182	1909	15.8125
182	1255	15.75
182	2269	15.625
182	1028	15.5
182	2263	15.5
182	1867	15.375
182	2107	15.375
182	1040	15.3125
182	1261	15.25
182	1030	15.125
182	1213	15.125
182	1869	15
182	2272	14.6875
182	1883	14.625
182	2114	14.625
182	1038	14.5
182	1950	14.5
182	2109	14.4375
182	2271	14.3125
182	1866	14.25
182	1283	14.1875
182	2281	14.1875
182	1868	14.125
182	369	14.125
182	2116	14
182	1903	13.9375
182	1242	13.875
182	1259	13.8125
182	1285	13.8125
182	420	13.8125
182	1108	13.75
182	1931	13.75
182	1263	13.6875
182	2088	13.625
182	497	13.625
182	617	13.625
182	2311	13.5625
182	368	13.5625
182	2266	13.5
182	422	13.5
182	791	13.5
182	795	13.5
182	1039	13.4375
182	2264	13.4375
182	44	13.4375
182	538	13.4375
182	1294	13.375
182	1649	13.375
182	357	13.375
182	2265	13.25
182	496	13.25
182	926	13.25
182	1056	13.1875
182	175	13.1875
182	1888	13.1875
182	2260	13.1875
182	2262	13.1875
182	2278	13.1875
182	393	13.1875
182	793	13.1875
182	1276	13.125
182	1290	13.125
182	443	13.125
182	577	13.125
182	1256	13.0625
182	1258	13.0625
182	1513	13.0625
182	2210	13.0625
182	2261	13.0625
182	558	13.0625
182	575	13.0625
182	622	13.0625
182	649	13.0625
182	801	13.0625
182	804	13.0625
182	1020	13
182	1131	13
182	1268	13
182	1830	13
182	373	13
182	565	13
182	1103	12.9375
182	275	12.9375
182	338	12.9375
182	456	12.9375
182	508	12.9375
182	652	12.9375
182	701	12.9375
182	1026	12.875
182	1062	12.875
183	469	17.75
183	477	16.5
183	450	16
183	478	16
183	479	15.8125
183	466	15.75
183	468	15.75
183	456	15.625
183	483	15.625
183	452	15.5
183	447	15.4375
183	449	15.4375
183	420	15.375
183	454	15.25
183	464	15.25
183	475	15.25
183	448	15.125
183	446	15
183	453	15
183	455	15
183	474	15
183	472	14.875
183	471	14.8125
183	480	14.8125
183	538	14.8125
183	459	14.75
183	476	14.75
183	614	14.75
183	427	14.6875
183	457	14.6875
183	563	14.6875
183	608	14.6875
183	623	14.6875
183	481	14.625
183	470	14.5625
183	484	14.5625
183	552	14.5625
183	357	14.5
183	458	14.5
183	521	14.5
183	369	14.4375
183	349	14.375
183	545	14.375
183	558	14.375
183	358	14.3125
183	441	14.25
183	374	14.1875
183	461	14.1875
183	556	14.1875
183	610	14.1875
183	309	14.125
183	437	14.125
183	569	14.0625
183	605	14.0625
183	606	14.0625
183	561	14
183	578	14
183	586	14
183	467	13.875
183	523	13.875
183	331	13.8125
183	348	13.8125
183	363	13.8125
183	463	13.8125
183	603	13.8125
183	370	13.75
183	579	13.75
183	581	13.75
183	630	13.75
183	1525	13.6875
183	339	13.6875
183	378	13.6875
183	381	13.6875
183	549	13.6875
183	568	13.6875
183	380	13.625
183	465	13.625
183	482	13.625
183	491	13.625
183	565	13.625
183	585	13.625
183	332	13.5625
183	352	13.5625
183	356	13.5625
183	567	13.5625
183	587	13.5625
183	604	13.5625
183	609	13.5625
183	324	13.5
183	360	13.5
183	495	13.5
183	547	13.5
183	576	13.5
183	601	13.5
183	607	13.5
183	615	13.5
183	335	13.4375
183	426	13.4375
183	443	13.4375
183	444	13.4375
184	229	16.875
184	741	15.9375
184	1814	15.5625
184	1158	15
184	1021	14.9375
184	1972	14.8125
184	150	14.6875
184	822	14.625
184	1259	14.5625
184	1813	14.5625
184	2281	14.5
184	1022	14.375
184	1078	14.375
184	2256	14.375
184	676	14.375
184	1861	14.3125
184	1995	14.3125
184	23	14.3125
184	1273	14.25
184	1276	14.25
184	2001	14.25
184	830	14.25
184	1066	14.1875
184	1105	14.1875
184	1263	14.1875
184	836	14.1875
184	1257	14.125
184	1261	14.125
184	2015	14.125
184	2276	14.125
184	2277	14.125
184	2295	14.125
184	684	14.125
184	983	14.125
184	1164	14.0625
184	2002	14.0625
184	210	14.0625
184	672	14.0625
184	996	14.0625
184	1020	14
184	1057	14
184	1256	14
184	1265	14
184	1981	14
184	2129	14
184	2244	14
184	2260	14
184	2269	14
184	2298	14
184	233	14
184	715	14
184	980	14
184	100	13.9375
184	1111	13.9375
184	1255	13.9375
184	1262	13.9375
184	1270	13.9375
184	182	13.9375
184	2257	13.9375
184	2261	13.9375
184	2274	13.9375
184	954	13.9375
184	984	13.9375
184	1023	13.875
184	1024	13.875
184	1269	13.875
184	1774	13.875
184	1982	13.875
184	2012	13.875
184	2066	13.875
184	2074	13.875
184	2126	13.875
184	2266	13.875
184	2268	13.875
184	2278	13.875
184	3	13.875
184	701	13.875
184	703	13.875
184	837	13.875
184	979	13.875
184	1056	13.8125
184	1264	13.8125
184	1268	13.8125
184	168	13.8125
184	1860	13.8125
184	1939	13.8125
184	2005	13.8125
184	2055	13.8125
184	2262	13.8125
184	2272	13.8125
184	2273	13.8125
184	702	13.8125
184	835	13.8125
184	1019	13.75
184	1053	13.75
184	1266	13.75
184	1267	13.75
184	155	13.75
184	2124	13.75
184	2271	13.75
185	680	11.375
185	672	11.125
185	665	10.6875
185	300	10.4375
185	330	10.4375
185	679	10.4375
185	663	10.3125
185	1558	10.25
185	306	10.25
185	1703	10.1875
185	326	10.1875
185	1153	10.125
185	670	10.125
185	327	10.0625
185	659	10.0625
185	1553	10
185	322	10
185	1428	9.9375
185	299	9.9375
185	317	9.875
185	382	9.875
185	1413	9.8125
185	1599	9.8125
185	320	9.8125
185	666	9.8125
185	1107	9.75
185	1665	9.75
185	302	9.75
185	308	9.75
185	1013	9.6875
185	1784	9.6875
185	303	9.6875
185	315	9.6875
185	316	9.6875
185	573	9.6875
185	1195	9.625
185	304	9.625
185	323	9.625
185	1305	9.5625
185	1700	9.5625
185	1731	9.5625
185	1838	9.5625
185	1841	9.5625
185	2044	9.5625
185	2048	9.5625
185	301	9.5625
185	305	9.5625
185	319	9.5625
185	328	9.5625
185	769	9.5625
185	2007	9.5
185	321	9.5
185	43	9.5
185	1721	9.4375
185	1728	9.4375
185	1742	9.4375
185	2210	9.4375
185	1308	9.375
185	1314	9.375
185	1343	9.375
185	1430	9.375
185	1546	9.375
185	1743	9.375
185	2093	9.375
185	677	9.375
185	738	9.375
185	765	9.375
185	1326	9.3125
185	1345	9.3125
185	1562	9.3125
185	1616	9.3125
185	1911	9.3125
185	739	9.3125
185	1330	9.25
185	1472	9.25
185	1511	9.25
185	1555	9.25
185	1585	9.25
185	1667	9.25
185	1718	9.25
185	1736	9.25
185	314	9.25
185	324	9.25
185	325	9.25
185	437	9.25
185	601	9.25
185	735	9.25
185	1000	9.1875
185	1001	9.1875
185	1010	9.1875
185	1334	9.1875
185	1554	9.1875
185	1557	9.1875
185	310	9.1875
185	813	9.1875
185	857	9.1875
185	1102	9.125
185	1327	9.125
185	1406	9.125
185	1512	9.125
186	1111	25
186	1113	24.5
186	2209	22.75
186	1204	22.25
186	1102	21.875
186	2312	21.875
186	1106	21.75
186	1104	21.5
186	175	21.375
186	174	21.25
186	170	21.125
186	187	21.125
186	1122	21
186	1242	21
186	1118	20.875
186	1244	20.875
186	173	20.875
186	1198	20.625
186	1108	20.5
186	176	20.5
186	2306	20.25
186	1243	20.125
186	1180	20
186	1381	20
186	1103	19.875
186	1217	19.875
186	1232	19.875
186	1383	19.875
186	795	19.875
186	1107	19.75
186	1392	19.75
186	1393	19.75
186	1394	19.75
186	1942	19.75
186	1188	19.625
186	1239	19.625
186	1241	19.625
186	184	19.625
186	1252	19.5
186	138	19.5
186	179	19.5
186	2228	19.5
186	2260	19.5
186	2281	19.5
186	1770	19.375
186	416	19.375
186	678	19.375
186	75	19.375
186	756	19.375
186	769	19.375
186	995	19.375
186	1168	19.25
186	1389	19.25
186	1683	19.25
186	742	19.25
186	796	19.25
186	1109	19.125
186	1179	19.125
186	1710	19.125
186	178	19.125
186	188	19.125
186	513	19.125
186	74	19.125
186	744	19.125
186	754	19.125
186	1121	19
186	1209	19
186	1226	19
186	1254	19
186	1382	19
186	1585	19
186	1954	19
186	2192	19
186	2269	19
186	679	19
186	737	19
186	1105	18.875
186	1114	18.875
186	1228	18.875
186	1246	18.875
186	1380	18.875
186	1612	18.875
186	1731	18.875
186	2086	18.875
186	2115	18.875
186	2210	18.875
186	415	18.875
186	514	18.875
186	755	18.875
186	100	18.75
186	1010	18.75
186	1340	18.75
186	1687	18.75
186	2036	18.75
186	2046	18.75
186	2089	18.75
186	2305	18.75
186	515	18.75
186	677	18.75
186	745	18.75
187	2060	15.375
187	2059	15.1875
187	2069	15.125
187	2073	15.125
187	2058	15.0625
187	2050	14.6875
187	2074	14.6875
187	2070	14.5
187	100	14.1875
187	2071	14
187	255	13.625
187	2295	13.3125
187	979	13.3125
187	99	13.1875
187	1021	13.125
187	1972	13.0625
187	2288	13.0625
187	900	13.0625
187	1187	13
187	880	13
187	96	13
187	207	12.9375
187	2111	12.875
187	860	12.875
187	878	12.875
187	1956	12.8125
187	2054	12.8125
187	2075	12.8125
187	1916	12.75
187	2005	12.6875
187	923	12.6875
187	1051	12.625
187	1145	12.625
187	142	12.625
187	1932	12.625
187	2001	12.625
187	2004	12.625
187	2007	12.625
187	205	12.625
187	2117	12.625
187	2286	12.625
187	253	12.625
187	75	12.625
187	94	12.625
187	1828	12.5625
187	2012	12.5625
187	2067	12.5625
187	2178	12.5625
187	822	12.5625
187	848	12.5625
187	1053	12.5
187	1140	12.5
187	1172	12.5
187	1184	12.5
187	1221	12.5
187	1302	12.5
187	1933	12.5
187	1995	12.5
187	233	12.5
187	987	12.5
187	1841	12.4375
187	190	12.4375
187	204	12.4375
187	2097	12.4375
187	2185	12.4375
187	2260	12.4375
187	272	12.4375
187	561	12.4375
187	715	12.4375
187	994	12.4375
187	1085	12.375
187	1160	12.375
187	1813	12.375
187	1982	12.375
187	203	12.375
187	2061	12.375
187	2200	12.375
187	245	12.375
187	821	12.375
187	879	12.375
187	1777	12.3125
187	1802	12.3125
187	1836	12.3125
187	1946	12.3125
187	1983	12.3125
187	2002	12.3125
187	2065	12.3125
187	2068	12.3125
187	2112	12.3125
187	2292	12.3125
187	252	12.3125
187	273	12.3125
187	62	12.3125
187	673	12.3125
187	705	12.3125
187	721	12.3125
187	1031	12.25
187	1824	12.25
187	1937	12.25
187	2030	12.25
188	714	18.875
188	1295	18.75
188	656	18.5
188	683	18.375
188	1148	18.25
188	695	18.25
188	712	18.125
188	1123	18
188	720	18
188	925	18
188	141	17.75
188	941	17.75
188	1292	17.625
188	2109	17.625
188	111	17.5
188	1172	17.5
188	715	17.5
188	1170	17.375
188	1822	17.25
188	2147	17.25
188	997	17.25
188	1112	17
188	1135	17
188	1757	17
188	2112	16.875
188	241	16.875
188	1775	16.75
188	1995	16.75
188	2004	16.75
188	674	16.75
188	167	16.625
188	2007	16.625
188	2111	16.625
188	709	16.625
188	738	16.625
188	1105	16.375
188	1116	16.375
188	1168	16.375
188	1821	16.375
188	2049	16.375
188	708	16.375
188	808	16.375
188	91	16.375
188	0	16.25
188	1091	16.25
188	1155	16.25
188	1791	16.25
188	42	16.25
188	63	16.25
188	704	16.25
188	1251	16.125
188	140	16.125
188	1777	16.125
188	1778	16.125
188	188	16.125
188	200	16.125
188	2238	16.125
188	1088	16
188	1146	16
188	1867	16
188	2141	16
188	2187	16
188	2191	16
188	233	16
188	729	16
188	816	16
188	1144	15.9375
188	1174	15.9375
188	1911	15.9375
188	2114	15.9375
188	2115	15.9375
188	1153	15.875
188	1201	15.875
188	2119	15.875
188	725	15.875
188	1164	15.8125
188	195	15.8125
188	2087	15.8125
188	710	15.8125
188	1150	15.75
188	1154	15.75
188	134	15.75
188	705	15.75
188	1173	15.6875
188	142	15.6875
188	2108	15.6875
188	735	15.6875
188	1145	15.625
188	1938	15.625
188	228	15.625
188	64	15.625
188	676	15.625
188	1207	15.5625
188	552	15.5625
188	72	15.5625
188	731	15.5625
188	758	15.5625
188	703	15.5
188	721	15.5
188	938	15.5
189	724	20.125
189	722	19.875
189	1148	19.75
189	1153	19.75
189	731	19.625
189	1172	19.375
189	2090	19.375
189	1170	19.25
189	141	19.25
189	710	19.25
189	547	19.125
189	725	19.125
189	1154	19
189	1150	18.875
189	1295	18.875
189	2004	18.875
189	2007	18.875
189	656	18.875
189	703	18.875
189	712	18.875
189	715	18.875
189	941	18.875
189	140	18.75
189	2087	18.75
189	709	18.75
189	552	18.625
189	695	18.625
189	708	18.625
189	1164	18.5
189	548	18.5
189	704	18.5
189	714	18.5
189	723	18.5
189	729	18.5
189	1168	18.375
189	1186	18.375
189	1207	18.375
189	1292	18.375
189	558	18.375
189	572	18.375
189	705	18.375
189	835	18.375
189	925	18.375
189	938	18.375
189	1123	18.25
189	1155	18.25
189	160	18.25
189	632	18.25
189	683	18.25
189	700	18.25
189	720	18.25
189	982	18.25
189	1135	18.125
189	1165	18.125
189	1174	18.125
189	586	18.125
189	1144	18
189	1160	18
189	1180	18
189	1867	18
189	336	18
189	545	18
189	561	18
189	574	18
189	659	18
189	668	18
189	721	18
189	738	18
189	834	18
189	939	18
189	100	17.875
189	1116	17.875
189	1152	17.875
189	577	17.875
189	134	17.75
189	338	17.75
189	555	17.75
189	563	17.75
189	674	17.75
189	85	17.75
189	929	17.75
189	1145	17.625
189	142	17.625
189	169	17.625
189	1942	17.625
189	1963	17.625
189	1980	17.625
189	2006	17.625
189	2112	17.625
189	2154	17.625
189	349	17.625
189	544	17.625
189	546	17.625
189	549	17.625
189	707	17.625
189	1004	17.5
189	1122	17.5
189	121	17.5
189	188	17.5
189	2191	17.5
190	1796	21.75
190	1793	20.375
190	1819	20.25
190	1813	20
190	1852	20
190	930	19.75
190	1830	19.375
190	1795	19.25
190	1846	19.25
190	955	19.25
190	116	19.125
190	1174	19.125
190	944	19.125
190	954	19.125
190	155	18.875
190	1794	18.875
190	2090	18.75
190	2151	18.75
190	1138	18.625
190	1800	18.625
190	1001	18.5
190	159	18.5
190	1802	18.5
190	229	18.5
190	1126	18.375
190	1207	18.375
190	150	18.375
190	154	18.375
190	1824	18.375
190	2030	18.375
190	957	18.375
190	1133	18.25
190	1761	18.25
190	1853	18.25
190	2150	18.25
190	1000	18.125
190	1762	18.125
190	1843	18.125
190	2170	18.125
190	75	18.125
190	1125	18
190	1143	18
190	1822	18
190	1849	18
190	693	18
190	972	18
190	1023	17.875
190	1818	17.875
190	1963	17.875
190	2035	17.875
190	941	17.875
190	1002	17.75
190	114	17.75
190	1158	17.75
190	1161	17.75
190	130	17.75
190	143	17.75
190	1805	17.75
190	215	17.75
190	1175	17.625
190	148	17.625
190	1803	17.625
190	1836	17.625
190	1840	17.625
190	2154	17.625
190	216	17.625
190	950	17.625
190	963	17.625
190	1233	17.5
190	1292	17.5
190	138	17.5
190	1763	17.5
190	1776	17.5
190	204	17.5
190	688	17.5
190	2152	17.375
190	2254	17.375
190	964	17.375
190	1223	17.25
190	165	17.25
190	1765	17.25
190	1779	17.25
190	1858	17.25
190	1978	17.25
190	2161	17.25
190	2290	17.25
190	553	17.25
190	687	17.25
190	772	17.25
190	973	17.25
190	1040	17.125
190	1059	17.125
190	1337	17.125
190	156	17.125
190	1653	17.125
190	166	17.125
190	1841	17.125
190	1845	17.125
190	1848	17.125
190	1916	17.125
191	745	16.375
191	746	15.9375
191	748	15.3125
191	1905	14.1875
191	753	13.625
191	757	13.375
191	1076	13.25
191	744	13.25
191	2051	13.1875
191	756	13.1875
191	737	13
191	749	12.875
191	764	12.8125
191	1996	12.75
191	762	12.75
191	805	12.75
191	751	12.6875
191	2124	12.625
191	761	12.625
191	759	12.5625
191	754	12.5
191	775	12.5
191	1060	12.4375
191	803	12.4375
191	815	12.4375
191	19	12.375
191	2086	12.375
191	796	12.375
191	2120	12.3125
191	2125	12.3125
191	739	12.3125
191	752	12.3125
191	760	12.3125
191	774	12.3125
191	832	12.3125
191	1184	12.25
191	1077	12.1875
191	2007	12.1875
191	2219	12.1875
191	735	12.1875
191	738	12.1875
191	763	12.1875
191	808	12.1875
191	810	12.1875
191	2052	12.125
191	31	12.125
191	2146	12.0625
191	812	12.0625
191	742	12
191	776	12
191	814	12
191	1198	11.9375
191	801	11.9375
191	811	11.9375
191	816	11.9375
191	1813	11.875
191	795	11.875
191	1080	11.8125
191	1164	11.8125
191	2032	11.8125
191	2057	11.8125
191	2269	11.8125
191	36	11.8125
191	771	11.8125
191	1579	11.75
191	1938	11.75
191	831	11.75
191	1177	11.6875
191	1261	11.6875
191	201	11.6875
191	273	11.6875
191	740	11.6875
191	755	11.6875
191	765	11.6875
191	768	11.6875
191	1062	11.625
191	1253	11.625
191	1612	11.625
191	1975	11.625
191	703	11.625
191	804	11.625
191	1679	11.5625
191	1909	11.5625
191	2232	11.5625
191	2246	11.5625
191	33	11.5625
191	741	11.5625
191	747	11.5625
191	750	11.5625
191	1160	11.5
191	1187	11.5
191	1538	11.5
191	17	11.5
191	1941	11.5
191	2004	11.5
191	226	11.5
191	1300	11.4375
191	1360	11.4375
191	1656	11.4375
191	2098	11.4375
192	2255	25.375
192	2229	25
192	1225	23.5
192	2231	23.5
192	2230	23.125
192	1017	22.625
192	1789	22.375
192	1013	21.875
192	1015	21.75
192	2170	21.5
192	944	21.5
192	1002	21.125
192	1763	20.875
192	2165	20.875
192	2167	20.875
192	1786	20.75
192	2152	20.75
192	1771	20.5
192	2252	20.375
192	1010	20.25
192	2237	20.25
192	2151	20.125
192	2166	20.125
192	1000	19.875
192	1784	19.875
192	1154	19.75
192	155	19.75
192	2240	19.75
192	2291	19.75
192	1774	19.625
192	2202	19.625
192	1759	19.5
192	1965	19.5
192	1008	19.375
192	1012	19.375
192	1773	19.375
192	2150	19.375
192	2168	19.375
192	2160	19.25
192	1006	19.125
192	1949	19.125
192	2265	19.125
192	52	19.125
192	150	19
192	1787	19
192	2169	19
192	997	19
192	1003	18.875
192	1016	18.875
192	1214	18.875
192	2158	18.875
192	2163	18.875
192	715	18.875
192	1018	18.75
192	1158	18.75
192	1236	18.75
192	167	18.75
192	1757	18.75
192	188	18.75
192	1993	18.75
192	2116	18.75
192	1001	18.625
192	1761	18.625
192	1762	18.625
192	1609	18.5
192	1766	18.5
192	1950	18.5
192	223	18.5
192	2253	18.5
192	236	18.5
192	974	18.5
192	1184	18.375
192	1772	18.375
192	1917	18.375
192	1991	18.375
192	2147	18.375
192	2223	18.375
192	2306	18.375
192	370	18.375
192	416	18.375
192	1084	18.25
192	1758	18.25
192	1764	18.25
192	1780	18.25
192	1837	18.25
192	1959	18.25
192	2148	18.25
192	2183	18.25
192	549	18.25
192	701	18.25
192	998	18.25
192	1033	18
192	1966	18
192	2153	18
192	2308	18
192	817	18
192	1151	17.875
192	1769	17.875
192	1951	17.875
192	206	17.875
193	779	18.125
193	788	17.75
193	777	17.625
193	778	17.625
193	798	17.625
193	783	17.5
193	776	17.125
193	781	17.125
193	795	16.875
193	800	16.875
193	806	16.875
193	782	16.75
193	789	16.5
193	793	16.5
193	794	16.5
193	780	16.375
193	786	16.375
193	768	16.25
193	787	16.25
193	775	16.125
193	811	16.125
193	814	16.125
193	735	16
193	785	16
193	805	16
193	784	15.875
193	790	15.875
193	803	15.5625
193	796	15.375
193	809	15.375
193	747	15.125
193	792	15
193	791	14.8125
193	1931	14.625
193	754	14.625
193	801	14.625
193	804	14.625
193	808	14.625
193	755	14.5
193	807	14.3125
193	810	14.3125
193	736	14.1875
193	769	14
193	1932	13.875
193	2112	13.8125
193	758	13.75
193	815	13.6875
193	799	13.625
193	226	13.5625
193	767	13.5625
193	772	13.5
193	1946	13.4375
193	1839	13.375
193	221	13.375
193	1580	13.3125
193	1944	13.3125
193	771	13.3125
193	1809	13.1875
193	1840	13.1875
193	707	13.1875
193	1826	13.125
193	2307	13.125
193	233	13.125
193	797	13.125
193	981	13.0625
193	1908	13
193	737	13
193	738	13
193	751	13
193	812	13
193	1918	12.9375
193	1930	12.9375
193	222	12.9375
193	766	12.875
193	1925	12.8125
193	1187	12.75
193	2001	12.75
193	224	12.75
193	262	12.75
193	773	12.75
193	1302	12.6875
193	1933	12.6875
193	204	12.6875
193	225	12.625
193	828	12.625
193	1200	12.5625
193	1905	12.5625
193	1951	12.5625
193	568	12.5625
193	802	12.5625
193	919	12.5625
193	1804	12.5
193	1928	12.5
193	2033	12.5
193	459	12.5
193	1644	12.375
193	1716	12.375
193	1803	12.375
193	1935	12.375
193	2069	12.375
194	1603	19.25
194	1602	18.125
194	1604	17.75
194	316	15.9375
194	1340	15.375
194	1426	15.25
194	1601	15.1875
194	1423	14.9375
194	1619	14.9375
194	1631	14.9375
194	595	14.75
194	1626	14.625
194	326	14.625
194	1319	14.5
194	1355	14.375
194	315	14.375
194	448	14.375
194	313	14.25
194	495	14.25
194	596	14.25
194	622	14.25
194	624	14.25
194	1470	14.1875
194	1611	14.1875
194	1682	14.1875
194	314	14.1875
194	562	14.1875
194	1335	14.125
194	1459	14.125
194	1654	14.125
194	572	14.125
194	1543	14.0625
194	1627	14.0625
194	1696	14.0625
194	1424	14
194	1605	14
194	1671	14
194	1972	14
194	429	14
194	473	14
194	1454	13.9375
194	535	13.9375
194	741	13.9375
194	1320	13.875
194	1397	13.875
194	1404	13.875
194	1486	13.875
194	1511	13.875
194	301	13.875
194	319	13.875
194	411	13.875
194	742	13.875
194	822	13.875
194	1371	13.8125
194	1452	13.8125
194	1494	13.8125
194	1630	13.8125
194	328	13.8125
194	413	13.8125
194	434	13.8125
194	1330	13.75
194	1402	13.75
194	1413	13.75
194	1496	13.75
194	1567	13.75
194	1739	13.75
194	743	13.75
194	1466	13.6875
194	1538	13.6875
194	1554	13.6875
194	2030	13.6875
194	290	13.6875
194	409	13.6875
194	632	13.6875
194	739	13.6875
194	848	13.6875
194	1479	13.625
194	1550	13.625
194	1557	13.625
194	1578	13.625
194	451	13.625
194	462	13.625
194	1422	13.5625
194	1455	13.5625
194	1483	13.5625
194	1582	13.5625
194	1598	13.5625
194	1664	13.5625
194	404	13.5625
194	412	13.5625
194	593	13.5625
194	740	13.5625
194	748	13.5625
194	1354	13.5
194	1401	13.5
194	1403	13.5
194	1439	13.5
194	1589	13.5
194	1623	13.5
194	1681	13.5
195	1388	19.5
195	301	19.125
195	444	19.125
195	1390	18.625
195	1386	18.5
195	1389	18.5
195	323	18.25
195	636	18.125
195	1391	18
195	410	18
195	480	18
195	415	17.875
195	438	17.875
195	1746	17.75
195	1396	17.625
195	414	17.625
195	432	17.625
195	443	17.625
195	573	17.625
195	405	17.5
195	424	17.5
195	436	17.5
195	1394	17.375
195	450	17.375
195	632	17.375
195	319	17.25
195	325	17.25
195	332	17.25
195	546	17.25
195	608	17.25
195	631	17.25
195	637	17.25
195	1387	17.125
195	412	17.125
195	441	17.125
195	455	17.125
195	479	17.125
195	481	17.125
195	614	17.125
195	628	17.125
195	345	17
195	406	17
195	417	17
195	434	17
195	449	17
195	454	17
195	1392	16.875
195	385	16.875
195	407	16.875
195	426	16.875
195	435	16.875
195	505	16.875
195	541	16.875
195	562	16.875
195	581	16.875
195	584	16.875
195	605	16.875
195	321	16.75
195	322	16.75
195	343	16.75
195	344	16.75
195	409	16.75
195	411	16.75
195	423	16.75
195	448	16.75
195	519	16.75
195	579	16.75
195	1385	16.625
195	1699	16.625
195	1777	16.625
195	311	16.625
195	327	16.625
195	328	16.625
195	329	16.625
195	335	16.625
195	416	16.625
195	419	16.625
195	420	16.625
195	433	16.625
195	447	16.625
195	456	16.625
195	463	16.625
195	464	16.625
195	477	16.625
195	586	16.625
195	604	16.625
195	615	16.625
195	627	16.625
195	630	16.625
195	1196	16.5
195	1526	16.5
195	408	16.5
195	437	16.5
195	468	16.5
195	470	16.5
195	583	16.5
195	590	16.5
195	593	16.5
195	606	16.5
195	638	16.5
196	1708	16.25
196	1710	16.125
196	1706	15.8125
196	1709	15.8125
196	1719	15.0625
196	1722	14.9375
196	1716	14.375
196	1711	13.4375
196	1715	13.4375
196	1721	13.25
196	1712	13.125
196	1714	13.125
196	1718	13
196	2186	12.9375
196	1006	12.875
196	1199	12.875
196	1768	12.8125
196	2093	12.8125
196	1327	12.6875
196	1583	12.5
196	1723	12.5
196	1326	12.4375
196	1411	12.4375
196	1087	12.375
196	2020	12.375
196	2219	12.375
196	1012	12.3125
196	1319	12.3125
196	1481	12.3125
196	2189	12.3125
196	1430	12.25
196	1720	12.25
196	1937	12.25
196	192	12.1875
196	1188	12.125
196	1366	12.125
196	1989	12.125
196	56	12.125
196	845	12.125
196	1226	12.0625
196	990	12.0625
196	1033	12
196	1429	12
196	175	12
196	2017	12
196	2086	12
196	2165	12
196	840	12
196	1421	11.9375
196	2279	11.9375
196	308	11.9375
196	1428	11.875
196	914	11.875
196	1107	11.8125
196	1230	11.8125
196	1271	11.8125
196	1414	11.8125
196	1986	11.8125
196	2082	11.8125
196	1308	11.75
196	1671	11.75
196	1815	11.75
196	2223	11.75
196	2245	11.75
196	2269	11.75
196	89	11.75
196	1037	11.6875
196	1317	11.6875
196	1701	11.6875
196	1780	11.6875
196	2156	11.6875
196	2236	11.6875
196	2311	11.6875
196	306	11.6875
196	365	11.6875
196	1313	11.625
196	1343	11.625
196	1562	11.625
196	1784	11.625
196	2209	11.625
196	2277	11.625
196	1018	11.5625
196	1382	11.5625
196	14	11.5625
196	15	11.5625
196	1529	11.5625
196	1717	11.5625
196	366	11.5625
196	71	11.5625
196	1368	11.5
196	2157	11.5
196	275	11.5
196	995	11.5
196	1086	11.4375
196	1108	11.4375
196	1478	11.4375
196	1669	11.4375
196	174	11.4375
196	1817	11.4375
196	2019	11.4375
197	690	23.875
197	1127	22.625
197	165	22.375
197	166	22.375
197	148	22.25
197	163	22.125
197	131	22
197	691	22
197	1132	21.875
197	130	21.875
197	136	21.875
197	156	21.875
197	1897	21.625
197	692	21.625
197	694	21.625
197	936	21.625
197	119	21.5
197	927	21.5
197	143	21.375
197	697	21.375
197	137	21.25
197	972	21.25
197	1774	21.125
197	2113	21.125
197	116	21
197	127	20.875
197	686	20.75
197	114	20.625
197	125	20.5
197	926	20.5
197	1759	20.375
197	1771	20.375
197	1787	20.375
197	935	20.375
197	1259	20.25
197	2170	20.25
197	930	20.25
197	133	20.125
197	155	20.125
197	2165	20.125
197	932	20.125
197	933	20.125
197	118	20
197	1225	20
197	2243	20
197	1763	19.875
197	1789	19.875
197	928	19.875
197	934	19.875
197	973	19.875
197	1764	19.75
197	2020	19.75
197	2221	19.75
197	1008	19.625
197	1017	19.625
197	2158	19.625
197	2252	19.625
197	2292	19.625
197	931	19.625
197	117	19.5
197	144	19.5
197	1765	19.5
197	1773	19.5
197	1923	19.5
197	2249	19.5
197	2250	19.5
197	1135	19.375
197	1931	19.375
197	2203	19.375
197	929	19.375
197	1784	19.25
197	1786	19.25
197	209	19.25
197	2106	19.25
197	2169	19.25
197	1242	19.125
197	164	19.125
197	1788	19.125
197	1920	19.125
197	1942	19.125
197	2160	19.125
197	2189	19.125
197	2234	19.125
197	56	19.125
197	92	19.125
197	944	19.125
197	1038	19
197	139	19
197	1768	19
197	192	19
197	2149	19
197	2167	19
197	2239	19
197	1016	18.875
197	1018	18.875
197	1145	18.875
197	115	18.875
197	1271	18.875
197	1383	18.875
197	2006	18.875
198	1046	19
198	1067	19
198	2061	19
198	2199	18.875
198	1185	18.625
198	2015	18.5
198	1984	18.375
198	838	18.375
198	1053	18.25
198	1979	18.25
198	2003	18.25
198	828	18.25
198	829	18.25
198	1198	18.125
198	835	18.125
198	995	18.125
198	2000	18
198	62	18
198	830	18
198	834	18
198	1980	17.875
198	1982	17.875
198	2098	17.875
198	1045	17.75
198	1973	17.75
198	2198	17.75
198	63	17.75
198	71	17.75
198	825	17.75
198	980	17.75
198	1042	17.625
198	1092	17.625
198	2002	17.625
198	54	17.625
198	978	17.625
198	1221	17.5
198	1785	17.5
198	2097	17.5
198	1013	17.375
198	1014	17.375
198	1222	17.375
198	1784	17.375
198	190	17.375
198	1970	17.375
198	1997	17.375
198	2248	17.375
198	819	17.375
198	837	17.375
198	900	17.375
198	1044	17.25
198	1094	17.25
198	1241	17.25
198	1253	17.25
198	1974	17.25
198	1977	17.25
198	2085	17.25
198	2233	17.25
198	40	17.25
198	51	17.25
198	826	17.25
198	831	17.25
198	832	17.25
198	996	17.25
198	1055	17.125
198	1065	17.125
198	1069	17.125
198	1223	17.125
198	1935	17.125
198	1942	17.125
198	1978	17.125
198	1998	17.125
198	2001	17.125
198	2200	17.125
198	2213	17.125
198	2246	17.125
198	2276	17.125
198	2294	17.125
198	233	17.125
198	1	17
198	100	17
198	1051	17
198	1084	17
198	1187	17
198	168	17
198	2090	17
198	2183	17
198	36	17
198	50	17
198	6	17
198	70	17
198	810	17
198	883	17
198	1048	16.875
198	1064	16.875
198	1098	16.875
198	1099	16.875
198	1184	16.875
198	1191	16.875
198	1219	16.875
198	1226	16.875
199	1944	11.6875
199	2073	11.5625
199	1210	11.5
199	1963	11.4375
199	1189	11.375
199	10	11.3125
199	1579	11.3125
199	187	11.3125
199	2074	11.3125
199	2128	11.3125
199	2242	11.3125
199	582	11.3125
199	585	11.3125
199	795	11.3125
199	796	11.3125
199	1226	11.25
199	1253	11.25
199	2244	11.25
199	805	11.25
199	814	11.25
199	1014	11.1875
199	1153	11.1875
199	2051	11.1875
199	210	11.1875
199	2306	11.1875
199	781	11.1875
199	1076	11.125
199	11	11.125
199	1198	11.125
199	1243	11.125
199	1939	11.125
199	22	11.125
199	3	11.125
199	754	11.125
199	1043	11.0625
199	1055	11.0625
199	1118	11.0625
199	1762	11.0625
199	1768	11.0625
199	1933	11.0625
199	2233	11.0625
199	2253	11.0625
199	226	11.0625
199	233	11.0625
199	856	11.0625
199	866	11.0625
199	1044	11
199	1219	11
199	1580	11
199	1766	11
199	1931	11
199	1934	11
199	1969	11
199	1970	11
199	2000	11
199	201	11
199	2210	11
199	2251	11
199	515	11
199	978	11
199	1051	10.9375
199	1142	10.9375
199	1941	10.9375
199	2136	10.9375
199	2150	10.9375
199	2178	10.9375
199	2234	10.9375
199	2240	10.9375
199	2248	10.9375
199	225	10.9375
199	2309	10.9375
199	25	10.9375
199	587	10.9375
199	6	10.9375
199	669	10.9375
199	7	10.9375
199	724	10.9375
199	780	10.9375
199	800	10.9375
199	847	10.9375
199	1006	10.875
199	1070	10.875
199	1154	10.875
199	1184	10.875
199	1209	10.875
199	1261	10.875
199	1784	10.875
199	1904	10.875
199	1946	10.875
199	2209	10.875
199	2224	10.875
199	2276	10.875
199	31	10.875
199	37	10.875
199	39	10.875
199	51	10.875
199	729	10.875
199	737	10.875
199	776	10.875
199	833	10.875
200	1730	17.125
200	1736	17
200	1728	16.625
200	1731	16.625
200	134	16.25
200	1246	15.6875
200	1168	15.625
200	1732	15.625
200	1953	15.625
200	1433	15.5625
200	739	15.5
200	1315	15.4375
200	2048	15.4375
200	184	15.375
200	1435	15.3125
200	175	15.3125
200	1942	15.3125
200	1248	15.25
200	1454	15.25
200	17	15.25
200	170	15.25
200	2007	15.25
200	1434	15.1875
200	1744	15.1875
200	88	15.1875
200	1091	15.125
200	1453	15.125
200	1738	15.125
200	2188	15.125
200	1089	15.0625
200	1119	15.0625
200	1121	15.0625
200	1187	15.0625
200	1432	15.0625
200	1437	15.0625
200	1450	15.0625
200	1452	15.0625
200	1679	15.0625
200	186	15.0625
200	1934	15.0625
200	196	15.0625
200	2037	15.0625
200	639	15.0625
200	835	15.0625
200	1122	15
200	1164	15
200	1172	15
200	1250	15
200	1317	15
200	1400	15
200	1438	15
200	1443	15
200	1446	15
200	1448	15
200	1739	15
200	422	15
200	1117	14.9375
200	1253	14.9375
200	1404	14.9375
200	1649	14.9375
200	1751	14.9375
200	1866	14.9375
200	1995	14.9375
200	2191	14.9375
200	572	14.9375
200	602	14.9375
200	1184	14.875
200	1740	14.875
200	1907	14.875
200	1956	14.875
200	822	14.875
200	982	14.875
200	1239	14.8125
200	1337	14.8125
200	1439	14.8125
200	1441	14.8125
200	179	14.8125
200	180	14.8125
200	1972	14.8125
200	2012	14.8125
200	425	14.8125
200	72	14.8125
200	1144	14.75
200	1198	14.75
200	1316	14.75
200	1373	14.75
200	1442	14.75
200	1449	14.75
200	173	14.75
200	1861	14.75
200	2038	14.75
200	207	14.75
200	2174	14.75
200	2192	14.75
200	390	14.75
200	813	14.75
200	94	14.75
200	1013	14.6875
200	1070	14.6875
200	1242	14.6875
201	2305	12.0625
201	1228	10.875
201	1233	10.6875
201	2212	10.6875
201	2226	10.6875
201	2311	10.4375
201	2219	10.3125
201	2258	10.3125
201	1234	10.125
201	2217	10.125
201	1111	10
201	1212	10
201	1220	10
201	1752	10
201	438	9.9375
201	2221	9.875
201	727	9.875
201	978	9.875
201	291	9.8125
201	2082	9.75
201	439	9.5625
201	2268	9.5
201	432	9.5
201	536	9.5
201	974	9.5
201	1972	9.4375
201	2087	9.4375
201	642	9.4375
201	822	9.4375
201	979	9.4375
201	817	9.375
201	2086	9.3125
201	544	9.3125
201	977	9.3125
201	368	9.25
201	644	9.25
201	992	9.25
201	1595	9.1875
201	2005	9.1875
201	721	9.1875
201	1490	9.125
201	638	9.125
201	796	9.125
201	1967	9.0625
201	2000	9.0625
201	2275	9.0625
201	512	9
201	641	9
201	511	8.9375
201	337	8.875
201	351	8.875
201	1221	8.8125
201	1476	8.8125
201	1483	8.8125
201	2276	8.8125
201	373	8.8125
201	54	8.8125
201	561	8.8125
201	1984	8.75
201	2015	8.75
201	653	8.75
201	838	8.75
201	987	8.75
201	1053	8.6875
201	1223	8.6875
201	1405	8.6875
201	1608	8.6875
201	1675	8.625
201	2277	8.625
201	843	8.625
201	1487	8.5625
201	1513	8.5625
201	1643	8.5625
201	637	8.5625
201	1183	8.5
201	1187	8.5
201	1300	8.5
201	1685	8.5
201	297	8.5
201	1061	8.4375
201	1769	8.4375
201	2232	8.4375
201	369	8.4375
201	562	8.4375
201	1039	8.375
201	1314	8.375
201	1688	8.375
201	2159	8.375
201	2266	8.375
201	1009	8.3125
201	1271	8.3125
201	1321	8.3125
201	2012	8.3125
201	2225	8.3125
201	825	8.3125
201	1214	8.25
201	1230	8.25
201	1829	8.25
201	1989	8.25
201	2097	8.25
202	2287	21.25
202	2286	21
202	2288	20.625
202	813	19.25
202	229	19.125
202	749	18.75
202	739	18.625
202	257	18.375
202	742	18.375
202	743	18.25
202	744	18.25
202	267	18.125
202	745	18
202	816	18
202	1282	17.875
202	1942	17.875
202	2295	17.875
202	2301	17.875
202	250	17.875
202	281	17.875
202	2037	17.75
202	244	17.75
202	738	17.75
202	2027	17.625
202	2029	17.625
202	2036	17.625
202	258	17.625
202	269	17.625
202	737	17.625
202	741	17.625
202	808	17.625
202	1166	17.5
202	186	17.5
202	201	17.5
202	2028	17.5
202	2038	17.5
202	2043	17.5
202	2045	17.5
202	2048	17.5
202	2051	17.5
202	2285	17.5
202	2292	17.5
202	243	17.5
202	266	17.5
202	752	17.5
202	805	17.5
202	807	17.5
202	810	17.5
202	1076	17.375
202	1121	17.375
202	1260	17.375
202	1905	17.375
202	2044	17.375
202	2302	17.375
202	264	17.375
202	740	17.375
202	750	17.375
202	1070	17.25
202	1118	17.25
202	1242	17.25
202	1279	17.25
202	135	17.25
202	1864	17.25
202	2150	17.25
202	2269	17.25
202	2300	17.25
202	2303	17.25
202	245	17.25
202	247	17.25
202	659	17.25
202	665	17.25
202	746	17.25
202	938	17.25
202	958	17.25
202	1077	17.125
202	1137	17.125
202	1187	17.125
202	174	17.125
202	1930	17.125
202	2031	17.125
202	2046	17.125
202	2052	17.125
202	2072	17.125
202	2080	17.125
202	25	17.125
202	259	17.125
202	278	17.125
202	669	17.125
202	748	17.125
202	751	17.125
202	762	17.125
202	809	17.125
202	814	17.125
202	1074	17
202	1109	17
202	167	17
202	173	17
202	2035	17
202	2039	17
202	2203	17
203	874	17.5
203	869	16.875
203	876	16.125
203	873	15.25
203	898	15
203	877	14.8125
203	857	14.75
203	878	14.6875
203	870	14.5625
203	1088	14.4375
203	2187	14.4375
203	860	14.375
203	863	14.25
203	886	14.25
203	894	14.1875
203	895	14.1875
203	892	14.125
203	885	13.6875
203	1036	13.375
203	2190	13.3125
203	195	13.1875
203	197	13.1875
203	2086	13.1875
203	2280	13.1875
203	1087	13.125
203	2186	13.125
203	872	13.125
203	192	13.0625
203	2277	13.0625
203	1230	12.9375
203	1089	12.875
203	2189	12.875
203	1090	12.8125
203	1267	12.75
203	2188	12.75
203	70	12.6875
203	836	12.6875
203	1033	12.625
203	1274	12.625
203	1981	12.625
203	1035	12.5625
203	2191	12.5625
203	2278	12.5625
203	189	12.5
203	196	12.5
203	199	12.5
203	2065	12.5
203	2192	12.5
203	2202	12.5
203	875	12.5
203	1271	12.375
203	1276	12.375
203	193	12.375
203	1270	12.3125
203	1484	12.3125
203	1948	12.3125
203	2279	12.3125
203	2074	12.25
203	796	12.25
203	1091	12.1875
203	1273	12.1875
203	1	12.125
203	1037	12.125
203	1870	12.125
203	1957	12.125
203	2182	12.125
203	855	12.125
203	1027	12
203	1083	12
203	1205	12
203	1275	12
203	190	12
203	906	12
203	1006	11.9375
203	2066	11.9375
203	963	11.9375
203	1231	11.875
203	14	11.875
203	1414	11.875
203	1709	11.875
203	228	11.875
203	632	11.875
203	997	11.875
203	1768	11.8125
203	75	11.8125
203	889	11.8125
203	1578	11.75
203	1683	11.75
203	1757	11.75
203	1815	11.75
203	499	11.75
203	1363	11.6875
203	2221	11.6875
203	2258	11.6875
203	670	11.6875
203	920	11.6875
203	1199	11.625
203	194	11.625
203	2112	11.625
203	2184	11.625
204	2037	17.125
204	2035	16.875
204	2038	16.625
204	2202	16.125
204	2039	15.9375
204	2040	15.8125
204	2045	15.75
204	2036	15.6875
204	335	15.6875
204	1206	15.625
204	2292	15.625
204	2290	15.5625
204	2046	15.5
204	337	15.5
204	420	15.5
204	2044	15.4375
204	2293	15.375
204	2301	15.375
204	423	15.375
204	2203	15.3125
204	2207	15.3125
204	2291	15.25
204	334	15.25
204	2030	15.125
204	2047	15.125
204	2287	15.125
204	336	15.125
204	2302	15.0625
204	344	15.0625
204	383	15
204	342	14.875
204	2048	14.8125
204	2288	14.75
204	345	14.75
204	354	14.75
204	333	14.6875
204	2206	14.625
204	2027	14.5625
204	358	14.5625
204	2029	14.5
204	2285	14.3125
204	2025	14.25
204	611	14.25
204	2041	14.1875
204	2296	14.1875
204	430	14.1875
204	2300	14.125
204	539	14.0625
204	609	14.0625
204	2205	14
204	2204	13.8125
204	605	13.8125
204	607	13.8125
204	1227	13.75
204	2208	13.75
204	341	13.75
204	380	13.75
204	521	13.75
204	547	13.75
204	578	13.75
204	1468	13.6875
204	352	13.6875
204	2294	13.625
204	453	13.625
204	571	13.625
204	922	13.5625
204	385	13.5
204	338	13.4375
204	353	13.4375
204	553	13.4375
204	554	13.4375
204	602	13.4375
204	615	13.4375
204	2298	13.375
204	350	13.375
204	382	13.375
204	492	13.375
204	523	13.375
204	604	13.375
204	613	13.375
204	614	13.375
204	229	13.3125
204	386	13.3125
204	517	13.3125
204	532	13.3125
204	545	13.3125
204	608	13.3125
204	610	13.3125
204	1525	13.25
204	1878	13.25
204	471	13.25
204	495	13.25
204	531	13.25
204	598	13.25
204	803	13.25
204	917	13.25
204	1010	13.1875
204	2028	13.1875
204	2043	13.1875
204	397	13.1875
205	941	23.375
205	1148	22.375
205	1152	22.125
205	141	22.125
205	1172	21.625
205	2090	21.625
205	715	21.625
205	1153	21.5
205	1154	21.5
205	1174	21.5
205	1133	21.375
205	1135	21.25
205	1150	21.25
205	2007	21.25
205	1170	21.125
205	674	21.125
205	712	21.125
205	1145	21
205	1164	21
205	1168	21
205	135	21
205	680	20.875
205	1144	20.75
205	572	20.75
205	724	20.625
205	598	20.5
205	925	20.5
205	939	20.5
205	656	20.375
205	676	20.375
205	1155	20.25
205	140	20.25
205	2004	20.25
205	345	20.25
205	526	20.25
205	541	20.25
205	661	20.25
205	714	20.25
205	834	20.25
205	111	20.125
205	1123	20.125
205	337	20.125
205	579	20.125
205	725	20.125
205	1151	20
205	1254	20
205	157	20
205	336	20
205	539	20
205	545	20
205	552	20
205	632	20
205	954	20
205	1002	19.875
205	1763	19.875
205	1954	19.875
205	344	19.875
205	527	19.875
205	682	19.875
205	699	19.875
205	709	19.875
205	1013	19.75
205	1149	19.75
205	188	19.75
205	2006	19.75
205	2151	19.75
205	401	19.75
205	425	19.75
205	51	19.75
205	544	19.75
205	548	19.75
205	582	19.75
205	708	19.75
205	729	19.75
205	731	19.75
205	138	19.625
205	139	19.625
205	2087	19.625
205	2152	19.625
205	2219	19.625
205	229	19.625
205	516	19.625
205	574	19.625
205	586	19.625
205	703	19.625
205	100	19.5
205	1146	19.5
205	1659	19.5
205	2154	19.5
205	386	19.5
205	515	19.5
205	547	19.5
205	558	19.5
205	585	19.5
205	700	19.5
205	704	19.5
205	935	19.5
205	1004	19.375
205	1207	19.375
205	142	19.375
206	1003	20.25
206	1000	19.75
206	1764	19.625
206	2151	19.375
206	1001	19.125
206	1013	19.125
206	1761	19
206	2153	18.875
206	1762	18.625
206	2150	18.625
206	2252	18.375
206	1014	18.25
206	1784	17.875
206	1787	17.875
206	1004	17.5
206	1198	17.5
206	1292	17.5
206	1766	17.5
206	1017	17.25
206	1972	17.25
206	2229	17.25
206	2255	17.25
206	1002	17.125
206	1143	17.125
206	1789	17.125
206	188	17.125
206	2165	17.125
206	2174	17.125
206	2242	17.125
206	728	17.125
206	729	17.125
206	802	17.125
206	822	17.125
206	944	17.125
206	1016	17
206	1253	17
206	2090	17
206	2169	17
206	2170	17
206	1012	16.875
206	1207	16.875
206	1254	16.875
206	1302	16.875
206	1765	16.875
206	2244	16.875
206	233	16.875
206	1209	16.75
206	1780	16.75
206	51	16.75
206	1184	16.625
206	1186	16.625
206	1219	16.625
206	1759	16.625
206	2167	16.625
206	2249	16.625
206	730	16.625
206	929	16.625
206	954	16.625
206	1047	16.5
206	1148	16.5
206	1180	16.5
206	121	16.5
206	122	16.5
206	155	16.5
206	1763	16.5
206	187	16.5
206	2154	16.5
206	2206	16.5
206	2294	16.5
206	2306	16.5
206	833	16.5
206	928	16.5
206	1134	16.375
206	1135	16.375
206	1288	16.375
206	174	16.375
206	1771	16.375
206	1942	16.375
206	2112	16.375
206	2152	16.375
206	2200	16.375
206	557	16.375
206	62	16.375
206	837	16.375
206	1225	16.25
206	1876	16.25
206	2237	16.25
206	2248	16.25
206	75	16.25
206	826	16.25
206	942	16.25
206	1142	16.125
206	1785	16.125
206	1866	16.125
206	1946	16.125
206	691	16.125
206	983	16.125
206	119	16
206	1872	16
206	1973	16
207	1015	25.875
207	944	25.25
207	1017	25.125
207	1225	24.75
207	2170	24.5
207	2237	24.5
207	1759	24.375
207	1771	24.375
207	1789	24.375
207	1013	24
207	2167	23.75
207	1018	23.625
207	1786	23.625
207	2168	23.5
207	2255	23.5
207	2165	23.375
207	192	23.25
207	2229	23.25
207	2231	23
207	2250	23
207	1087	22.875
207	2186	22.875
207	1008	22.625
207	1010	22.5
207	155	22.5
207	1787	22.5
207	2189	22.5
207	1016	22.375
207	1773	22.375
207	2160	22.375
207	2230	22.375
207	2252	22.375
207	236	22.375
207	1033	22.25
207	1774	22.25
207	2169	22
207	370	21.875
207	1002	21.75
207	1012	21.75
207	118	21.75
207	2158	21.75
207	2279	21.75
207	1763	21.625
207	1784	21.625
207	1992	21.625
207	932	21.5
207	1761	21.25
207	2151	21.25
207	2171	21.25
207	1000	21.125
207	1271	21.125
207	1760	21.125
207	1772	21.125
207	928	21.125
207	999	21.125
207	1001	21
207	1780	20.875
207	2152	20.875
207	969	20.875
207	143	20.75
207	156	20.75
207	1762	20.75
207	2239	20.75
207	119	20.625
207	1766	20.625
207	2243	20.625
207	697	20.625
207	115	20.5
207	117	20.5
207	1184	20.5
207	1190	20.5
207	1853	20.5
207	1991	20.5
207	2106	20.5
207	222	20.5
207	240	20.5
207	2150	20.375
207	371	20.375
207	950	20.375
207	1134	20.25
207	1234	20.25
207	164	20.25
207	369	20.25
207	541	20.125
207	571	20.125
207	1005	20
207	133	20
207	1931	20
207	2021	20
207	2149	20
207	538	20
207	586	20
207	931	20
207	947	20
207	1143	19.875
207	1175	19.875
207	1923	19.875
207	2155	19.875
207	223	19.875
207	2253	19.875
208	944	20.25
208	1017	20.125
208	1786	20.125
208	1015	19.5
208	1789	19.5
208	1771	19.125
208	1929	19.125
208	2167	19.125
208	2170	19.125
208	2168	18.875
208	155	18.75
208	1759	18.625
208	1151	18.5
208	1175	18.375
208	1911	18.375
208	2165	18.375
208	1773	18.25
208	2237	18.25
208	1837	18.125
208	2147	18.125
208	2231	18
208	2152	17.875
208	1018	17.75
208	2160	17.75
208	2229	17.625
208	2230	17.625
208	1008	17.5
208	116	17.5
208	1225	17.5
208	1928	17.5
208	1012	17.375
208	2255	17.375
208	1013	17.25
208	1016	17.25
208	1993	17.25
208	1010	17.125
208	1143	17.125
208	2151	17.125
208	2169	17.125
208	1763	17
208	1774	17
208	1787	17
208	2107	17
208	192	16.875
208	2279	16.875
208	1002	16.75
208	1784	16.75
208	1947	16.75
208	236	16.75
208	491	16.75
208	914	16.75
208	974	16.75
208	1019	16.625
208	1131	16.625
208	130	16.625
208	1917	16.625
208	2150	16.625
208	228	16.625
208	297	16.625
208	370	16.625
208	550	16.625
208	127	16.5
208	150	16.5
208	1833	16.5
208	2155	16.5
208	1033	16.375
208	1176	16.375
208	1233	16.375
208	143	16.375
208	1758	16.375
208	1780	16.375
208	1930	16.375
208	2240	16.375
208	431	16.375
208	64	16.375
208	956	16.375
208	1087	16.25
208	1123	16.25
208	117	16.25
208	124	16.25
208	1271	16.25
208	1757	16.25
208	200	16.25
208	2148	16.25
208	2156	16.25
208	2186	16.25
208	148	16.125
208	1766	16.125
208	1768	16.125
208	1790	16.125
208	2021	16.125
208	2157	16.125
208	997	16.125
208	998	16.125
208	1000	16
208	118	16
208	1760	16
208	1770	16
208	1835	16
208	223	16
209	806	20.125
209	811	20
209	768	19.125
209	783	19
209	775	18.875
209	735	18.75
209	787	18.75
209	789	18.75
209	805	18.625
209	794	18.5
209	795	18.5
209	782	18.25
209	801	18.25
209	754	17.875
209	755	17.875
209	809	17.875
209	810	17.875
209	814	17.875
209	1946	17.75
209	792	17.75
209	791	17.625
209	780	17.5
209	796	17.5
209	808	17.5
209	771	17.375
209	1931	17.25
209	767	17.25
209	736	17.125
209	747	17.125
209	769	17
209	778	16.875
209	776	16.75
209	777	16.625
209	779	16.625
209	240	16.5
209	798	16.5
209	836	16.5
209	1981	16.375
209	781	16.375
209	800	16.375
209	1943	16.25
209	1932	16.125
209	788	16.125
209	1839	16
209	2307	15.9375
209	774	15.9375
209	759	15.875
209	772	15.875
209	793	15.875
209	1187	15.8125
209	1903	15.8125
209	213	15.8125
209	222	15.8125
209	3	15.8125
209	1166	15.75
209	1844	15.75
209	1923	15.75
209	737	15.75
209	1010	15.6875
209	1286	15.6875
209	18	15.6875
209	1840	15.6875
209	1939	15.6875
209	224	15.6875
209	919	15.6875
209	2010	15.625
209	961	15.625
209	2001	15.5625
209	2240	15.5625
209	226	15.5625
209	828	15.5625
209	1905	15.5
209	1925	15.5
209	766	15.5
209	981	15.5
209	1136	15.4375
209	1804	15.4375
209	1934	15.4375
209	227	15.4375
209	2305	15.4375
209	707	15.4375
209	751	15.4375
209	1826	15.375
209	2008	15.375
209	2069	15.375
209	756	15.375
209	758	15.375
209	763	15.375
209	141	15.3125
209	1809	15.3125
209	1841	15.3125
209	738	15.3125
209	770	15.3125
209	979	15.3125
209	1198	15.25
209	1810	15.25
209	1918	15.25
209	221	15.25
209	225	15.25
209	807	15.25
210	368	16
210	369	14.4375
210	352	13.6875
210	366	13.4375
210	365	13
210	380	12.9375
210	367	12.875
210	354	12.5625
210	355	12.5625
210	359	12.5625
210	361	12.5625
210	350	12.5
210	353	12.3125
210	358	12.25
210	363	12.25
210	364	12.125
210	360	11.8125
210	356	11.625
210	349	11.5625
210	375	11.5625
210	357	11.5
210	347	11.375
210	1187	11.3125
210	1314	11.3125
210	311	11.3125
210	796	11.3125
210	374	11.25
210	524	11.1875
210	411	11.125
210	979	11.125
210	2210	11.0625
210	377	11.0625
210	412	11.0625
210	233	11
210	376	11
210	348	10.9375
210	1412	10.875
210	310	10.875
210	437	10.875
210	432	10.8125
210	1481	10.6875
210	1522	10.6875
210	624	10.6875
210	1232	10.625
210	1726	10.625
210	1951	10.625
210	225	10.625
210	379	10.625
210	525	10.625
210	610	10.625
210	1647	10.5625
210	372	10.5625
210	500	10.5625
210	531	10.5625
210	1373	10.5
210	1409	10.5
210	1495	10.5
210	1675	10.5
210	1684	10.5
210	1739	10.5
210	2224	10.5
210	312	10.5
210	628	10.5
210	1580	10.4375
210	1669	10.4375
210	340	10.4375
210	378	10.4375
210	594	10.4375
210	1312	10.375
210	1337	10.375
210	1367	10.375
210	351	10.375
210	391	10.375
210	611	10.375
210	1334	10.3125
210	1434	10.3125
210	1622	10.3125
210	1932	10.3125
210	226	10.3125
210	333	10.3125
210	444	10.3125
210	978	10.3125
210	1366	10.25
210	1266	10.1875
210	1315	10.1875
210	1578	10.1875
210	1753	10.1875
210	1999	10.1875
210	2281	10.1875
210	384	10.1875
210	431	10.1875
210	1424	10.125
210	1494	10.125
210	1648	10.125
210	1668	10.125
210	1670	10.125
210	1728	10.125
210	1931	10.125
210	2192	10.125
210	427	10.125
211	1268	24.625
211	233	23.875
211	1972	23.75
211	2191	23.75
211	2294	23.75
211	1091	23.5
211	177	23.5
211	1978	23.5
211	2015	23.5
211	1031	23.375
211	1059	23.375
211	1195	23.375
211	199	23.375
211	2192	23.375
211	2206	23.375
211	978	23.375
211	1276	23.25
211	188	23.25
211	2266	23.25
211	2269	23.25
211	805	23.25
211	1014	23.125
211	1088	23.125
211	1239	23.125
211	2174	23.125
211	2187	23.125
211	1094	23
211	1184	23
211	1198	23
211	195	23
211	2260	23
211	2261	23
211	829	23
211	1185	22.875
211	1205	22.875
211	1248	22.875
211	1872	22.875
211	1975	22.875
211	1979	22.875
211	198	22.875
211	1981	22.875
211	2000	22.875
211	801	22.875
211	809	22.875
211	1047	22.75
211	1196	22.75
211	2190	22.75
211	2306	22.75
211	835	22.75
211	836	22.75
211	987	22.75
211	1119	22.625
211	1246	22.625
211	1266	22.625
211	168	22.625
211	190	22.625
211	1903	22.625
211	1942	22.625
211	2012	22.625
211	2072	22.625
211	2088	22.625
211	2089	22.625
211	2173	22.625
211	225	22.625
211	2275	22.625
211	279	22.625
211	72	22.625
211	88	22.625
211	981	22.625
211	1061	22.5
211	1070	22.5
211	1090	22.5
211	1271	22.5
211	169	22.5
211	178	22.5
211	184	22.5
211	1867	22.5
211	1870	22.5
211	1971	22.5
211	1984	22.5
211	2050	22.5
211	2115	22.5
211	2163	22.5
211	2197	22.5
211	2200	22.5
211	2258	22.5
211	515	22.5
211	822	22.5
211	824	22.5
211	828	22.5
211	985	22.5
211	994	22.5
211	107	22.375
211	1186	22.375
211	1192	22.375
211	1199	22.375
211	1207	22.375
211	1245	22.375
211	1254	22.375
211	179	22.375
212	2003	20.5
212	233	20.5
212	835	20.5
212	1977	20.375
212	983	20.375
212	2174	20.25
212	1075	20.125
212	2061	20.125
212	2079	20.125
212	2194	20.125
212	982	20.125
212	1067	20
212	832	20
212	837	20
212	1046	19.875
212	1047	19.875
212	2004	19.875
212	2101	19.875
212	2199	19.875
212	1073	19.75
212	1991	19.75
212	1997	19.75
212	49	19.75
212	1097	19.625
212	1975	19.625
212	2002	19.625
212	2173	19.625
212	62	19.625
212	1986	19.5
212	2179	19.5
212	2195	19.5
212	980	19.5
212	990	19.5
212	1014	19.375
212	1048	19.375
212	1052	19.375
212	1058	19.375
212	1184	19.375
212	1185	19.375
212	1221	19.375
212	2175	19.375
212	840	19.375
212	1069	19.25
212	1096	19.25
212	1187	19.25
212	1982	19.25
212	2005	19.25
212	2098	19.25
212	2192	19.25
212	37	19.25
212	824	19.25
212	828	19.25
212	923	19.25
212	985	19.25
212	1092	19.125
212	1951	19.125
212	2015	19.125
212	2017	19.125
212	2099	19.125
212	43	19.125
212	50	19.125
212	820	19.125
212	827	19.125
212	829	19.125
212	1180	19
212	1938	19
212	1979	19
212	2068	19
212	2103	19
212	46	19
212	833	19
212	1065	18.875
212	1070	18.875
212	1082	18.875
212	1086	18.875
212	1094	18.875
212	1981	18.875
212	1998	18.875
212	2000	18.875
212	2001	18.875
212	2072	18.875
212	2097	18.875
212	2196	18.875
212	25	18.875
212	803	18.875
212	819	18.875
212	836	18.875
212	1044	18.75
212	1970	18.75
212	2011	18.75
212	2060	18.75
212	2181	18.75
212	2197	18.75
212	31	18.75
212	978	18.75
212	994	18.75
212	1064	18.625
212	1937	18.625
212	1971	18.625
212	2198	18.625
213	364	21.875
213	365	21.75
213	369	21.75
213	375	21.75
213	353	21.25
213	363	21.25
213	349	21.125
213	352	21.125
213	361	21.125
213	347	21
213	350	21
213	355	21
213	358	21
213	411	21
213	356	20.875
213	360	20.875
213	366	20.875
213	412	20.875
213	354	20.75
213	367	20.625
213	368	20.625
213	417	20.5
213	427	20.5
213	415	20.375
213	434	20.375
213	348	20.25
213	494	20.25
213	357	20.125
213	380	20.125
213	437	20.125
213	514	20.125
213	524	20.125
213	594	20.125
213	374	20
213	385	20
213	1487	19.875
213	312	19.875
213	376	19.875
213	499	19.875
213	574	19.875
213	599	19.875
213	1387	19.75
213	414	19.75
213	554	19.75
213	597	19.75
213	627	19.75
213	1314	19.625
213	1480	19.625
213	286	19.625
213	311	19.625
213	401	19.625
213	538	19.625
213	345	19.5
213	419	19.5
213	420	19.5
213	487	19.5
213	498	19.5
213	610	19.5
213	496	19.375
213	624	19.375
213	1654	19.25
213	372	19.25
213	513	19.25
213	525	19.25
213	598	19.25
213	611	19.25
213	653	19.25
213	1313	19.125
213	1337	19.125
213	1409	19.125
213	1616	19.125
213	1647	19.125
213	2008	19.125
213	310	19.125
213	359	19.125
213	416	19.125
213	425	19.125
213	436	19.125
213	510	19.125
213	519	19.125
213	579	19.125
213	652	19.125
213	1750	19
213	1753	19
213	344	19
213	405	19
213	444	19
213	503	19
213	533	19
213	557	19
213	623	19
213	628	19
213	1390	18.875
213	337	18.875
213	338	18.875
213	423	18.875
213	424	18.875
213	492	18.875
213	500	18.875
213	504	18.875
214	2260	17.375
214	1091	17.125
214	2191	17.125
214	1088	17
214	2187	17
214	2188	16.875
214	190	16.75
214	1276	16.625
214	1036	16.375
214	1274	16.375
214	197	16.375
214	1089	16.25
214	195	16.25
214	196	16.25
214	199	16.25
214	2190	16.25
214	2277	16.25
214	1090	16.125
214	1199	16.125
214	1267	16.125
214	2112	16.125
214	1230	15.875
214	198	15.875
214	2086	15.875
214	2192	15.875
214	1027	15.75
214	2269	15.75
214	537	15.75
214	552	15.75
214	598	15.75
214	1954	15.6875
214	72	15.6875
214	74	15.6875
214	2266	15.625
214	188	15.5625
214	2082	15.5625
214	2189	15.5
214	582	15.5
214	1237	15.4375
214	1273	15.4375
214	189	15.4375
214	2186	15.4375
214	715	15.4375
214	723	15.4375
214	1087	15.375
214	1903	15.375
214	1934	15.375
214	2280	15.375
214	917	15.375
214	1172	15.3125
214	1941	15.3125
214	264	15.3125
214	1205	15.25
214	192	15.25
214	924	15.25
214	1035	15.1875
214	1102	15.1875
214	169	15.1875
214	1874	15.1875
214	1948	15.1875
214	2241	15.1875
214	548	15.1875
214	906	15.1875
214	1271	15.125
214	187	15.125
214	1945	15.125
214	381	15.125
214	401	15.125
214	64	15.125
214	1103	15.0625
214	1192	15.0625
214	211	15.0625
214	2278	15.0625
214	2279	15.0625
214	273	15.0625
214	425	15.0625
214	558	15.0625
214	1112	15
214	1266	15
214	135	15
214	1769	15
214	1775	15
214	1866	15
214	1957	15
214	2087	15
214	338	15
214	514	15
214	539	15
214	554	15
214	1033	14.9375
214	1231	14.9375
214	1241	14.9375
214	1337	14.9375
214	1942	14.9375
214	2183	14.9375
214	234	14.9375
214	241	14.9375
214	911	14.9375
214	1084	14.875
214	1861	14.875
215	133	20.875
215	1125	19.125
215	118	18
215	689	18
215	932	18
215	119	16.625
215	2150	16.5
215	928	16.5
215	120	16.25
215	1209	16.25
215	427	16.125
215	545	16.125
215	691	16.125
215	2252	16
215	154	15.875
215	728	15.875
215	158	15.8125
215	565	15.8125
215	143	15.75
215	1001	15.6875
215	530	15.6875
215	1132	15.625
215	1761	15.625
215	1003	15.5625
215	1762	15.5625
215	563	15.5625
215	564	15.5625
215	930	15.5625
215	1178	15.5
215	1210	15.5
215	1764	15.5
215	556	15.5
215	535	15.4375
215	555	15.375
215	1000	15.3125
215	1288	15.3125
215	1784	15.3125
215	1126	15.25
215	531	15.1875
215	558	15.1875
215	954	15.1875
215	1013	15.125
215	122	15.125
215	2153	15.125
215	458	15.125
215	543	15.125
215	2229	15.0625
215	2230	15.0625
215	2255	15.0625
215	942	15.0625
215	1130	15
215	148	15
215	945	15
215	1180	14.9375
215	1294	14.9375
215	2242	14.9375
215	559	14.9375
215	1017	14.875
215	1179	14.875
215	1219	14.875
215	1290	14.875
215	333	14.875
215	580	14.875
215	332	14.8125
215	340	14.8125
215	459	14.8125
215	547	14.8125
215	940	14.8125
215	1012	14.75
215	1174	14.75
215	174	14.75
215	1780	14.75
215	2151	14.75
215	310	14.75
215	929	14.75
215	1287	14.6875
215	132	14.6875
215	147	14.6875
215	1951	14.6875
215	2112	14.6875
215	490	14.6875
215	566	14.6875
215	802	14.6875
215	935	14.6875
215	1135	14.625
215	1292	14.625
215	51	14.625
215	640	14.625
215	1391	14.5625
215	1789	14.5625
215	338	14.5625
215	522	14.5625
215	577	14.5625
215	1016	14.5
215	1127	14.5
215	1143	14.5
215	130	14.5
215	1609	14.5
215	1785	14.5
215	2035	14.5
216	2019	26.25
216	1986	22.625
216	1937	22.25
216	2017	22.25
216	48	22.25
216	990	22.125
216	840	22
216	2093	21.75
216	56	21.75
216	2074	21.625
216	231	21.125
216	1013	21
216	1086	21
216	2196	21
216	1050	20.75
216	2176	20.75
216	2195	20.75
216	233	20.75
216	88	20.625
216	1220	20.5
216	1992	20.5
216	45	20.5
216	1097	20.375
216	1184	20.375
216	1975	20.375
216	2018	20.375
216	2003	20.25
216	2016	20.25
216	833	20.25
216	985	20.25
216	1750	20.125
216	820	20.125
216	827	20.125
216	837	20.125
216	1058	20
216	1142	20
216	2007	20
216	37	20
216	46	20
216	983	20
216	1035	19.875
216	1075	19.875
216	1997	19.875
216	2015	19.875
216	2175	19.875
216	2225	19.875
216	50	19.875
216	513	19.875
216	89	19.875
216	1048	19.75
216	1059	19.75
216	1180	19.75
216	1253	19.75
216	1273	19.75
216	1971	19.75
216	1991	19.75
216	2010	19.75
216	2059	19.75
216	2069	19.75
216	2079	19.75
216	2194	19.75
216	2210	19.75
216	819	19.75
216	1044	19.625
216	1970	19.625
216	1996	19.625
216	44	19.625
216	991	19.625
216	1014	19.5
216	1061	19.5
216	1316	19.5
216	1416	19.5
216	1749	19.5
216	1987	19.5
216	2075	19.5
216	2197	19.5
216	34	19.5
216	842	19.5
216	994	19.5
216	1069	19.375
216	1073	19.375
216	1082	19.375
216	1187	19.375
216	1993	19.375
216	2066	19.375
216	2073	19.375
216	2174	19.375
216	51	19.375
216	514	19.375
216	805	19.375
216	824	19.375
216	1045	19.25
216	13	19.25
216	1312	19.25
216	1354	19.25
216	1670	19.25
216	1945	19.25
216	2012	19.25
216	2021	19.25
216	2072	19.25
217	1013	17.625
217	1784	17.5
217	2165	17.375
217	155	17
217	2167	16.5
217	1012	16.375
217	1015	16.375
217	2150	16.375
217	1780	16.125
217	1786	16.125
217	2151	16.125
217	1000	16
217	2168	16
217	1001	15.9375
217	1761	15.9375
217	1775	15.75
217	1762	15.625
217	336	15.5625
217	1017	15.5
217	1198	15.5
217	383	15.5
217	2170	15.375
217	2231	15.375
217	578	15.3125
217	397	15.25
217	1200	15.1875
217	1759	15.1875
217	2249	15.1875
217	334	15.1875
217	527	15.1875
217	1766	15.125
217	337	15.125
217	386	15.125
217	516	15.125
217	548	15.125
217	345	15
217	382	15
217	539	15
217	552	15
217	1955	14.9375
217	585	14.9375
217	1148	14.875
217	1769	14.875
217	322	14.875
217	541	14.875
217	582	14.875
217	344	14.8125
217	583	14.8125
217	1014	14.75
217	297	14.6875
217	335	14.6875
217	401	14.6875
217	549	14.6875
217	565	14.6875
217	1778	14.625
217	2245	14.625
217	333	14.625
217	586	14.625
217	598	14.625
217	1009	14.5625
217	1207	14.5625
217	2112	14.5625
217	443	14.5625
217	547	14.5625
217	1777	14.5
217	2159	14.5
217	420	14.5
217	444	14.5
217	579	14.5
217	1609	14.4375
217	419	14.4375
217	513	14.4375
217	556	14.4375
217	1394	14.375
217	1667	14.375
217	400	14.375
217	437	14.375
217	537	14.375
217	538	14.375
217	542	14.375
217	1152	14.3125
217	352	14.3125
217	510	14.3125
217	543	14.3125
217	545	14.3125
217	1328	14.25
217	1407	14.25
217	1687	14.25
217	2152	14.25
217	300	14.25
217	481	14.25
217	512	14.25
217	519	14.25
217	525	14.25
217	544	14.25
217	138	14.1875
217	294	14.1875
217	394	14.1875
217	511	14.1875
217	550	14.1875
218	745	13.75
218	746	13.5625
218	748	13.3125
218	1905	11.75
218	2128	10.0625
218	753	10
218	1855	9.8125
218	1880	9.8125
218	2160	9.8125
218	1900	9.75
218	764	9.75
218	1899	9.6875
218	2219	9.6875
218	757	9.6875
218	1538	9.625
218	2124	9.625
218	2143	9.625
218	2256	9.625
218	1579	9.5625
218	205	9.5625
218	2142	9.5625
218	250	9.5625
218	1164	9.4375
218	1194	9.4375
218	183	9.4375
218	1909	9.4375
218	281	9.4375
218	813	9.4375
218	1008	9.375
218	1062	9.375
218	1773	9.375
218	1774	9.375
218	887	9.375
218	1076	9.3125
218	1578	9.3125
218	182	9.3125
218	214	9.3125
218	2166	9.3125
218	1944	9.25
218	2051	9.25
218	229	9.25
218	273	9.25
218	864	9.25
218	2240	9.1875
218	2244	9.1875
218	760	9.1875
218	761	9.1875
218	2007	9.125
218	2144	9.125
218	296	9.125
218	1852	9.0625
218	2121	9.0625
218	2129	9.0625
218	2297	9.0625
218	1000	9
218	1269	9
218	1569	9
218	1679	9
218	1907	9
218	2120	9
218	759	9
218	1893	8.9375
218	2083	8.9375
218	2295	8.9375
218	269	8.9375
218	405	8.9375
218	529	8.9375
218	728	8.9375
218	1001	8.875
218	1002	8.875
218	1160	8.875
218	1235	8.875
218	1763	8.875
218	2034	8.875
218	2126	8.875
218	2165	8.875
218	254	8.875
218	418	8.875
218	739	8.875
218	955	8.875
218	1170	8.8125
218	1255	8.8125
218	1278	8.8125
218	1813	8.8125
218	2022	8.8125
218	2044	8.8125
218	2077	8.8125
218	2105	8.8125
218	2151	8.8125
218	2152	8.8125
218	255	8.8125
218	737	8.8125
218	744	8.8125
218	762	8.8125
218	944	8.8125
218	1124	8.75
218	1301	8.75
218	1537	8.75
218	155	8.75
218	1769	8.75
219	2230	13
219	2255	12.1875
219	2229	12
219	2251	11.875
219	2231	11.625
219	2151	11.5
219	2090	11.3125
219	941	11.125
219	2236	11.0625
219	1010	11
219	2241	11
219	2150	10.9375
219	1225	10.875
219	2248	10.875
219	1178	10.75
219	1769	10.75
219	704	10.75
219	118	10.6875
219	1766	10.6875
219	2202	10.6875
219	1784	10.625
219	2240	10.625
219	932	10.625
219	1609	10.5625
219	187	10.5625
219	1013	10.5
219	1174	10.5
219	1223	10.5
219	342	10.5
219	913	10.5
219	937	10.4375
219	1001	10.375
219	1761	10.375
219	2242	10.375
219	480	10.375
219	1764	10.3125
219	1948	10.3125
219	2008	10.3125
219	2244	10.3125
219	1000	10.25
219	1762	10.25
219	1009	10.1875
219	2153	10.1875
219	2253	10.1875
219	1323	10.125
219	2159	10.125
219	2276	10.125
219	548	10.125
219	727	10.125
219	957	10.125
219	1003	10.0625
219	1480	10.0625
219	534	10
219	955	10
219	1126	9.9375
219	1337	9.9375
219	1961	9.9375
219	543	9.9375
219	601	9.9375
219	1014	9.875
219	1209	9.875
219	2237	9.875
219	2265	9.875
219	722	9.875
219	833	9.875
219	1226	9.8125
219	2252	9.8125
219	444	9.8125
219	1198	9.75
219	1777	9.75
219	1950	9.75
219	2050	9.75
219	2166	9.75
219	2205	9.75
219	2290	9.75
219	361	9.75
219	1148	9.6875
219	1183	9.6875
219	1210	9.6875
219	1772	9.6875
219	2085	9.6875
219	2238	9.6875
219	513	9.6875
219	541	9.6875
219	552	9.6875
219	708	9.6875
219	715	9.6875
219	981	9.6875
219	1143	9.625
219	1207	9.625
219	1253	9.625
219	1638	9.625
219	1965	9.625
219	2165	9.625
219	2167	9.625
219	490	9.625
219	1102	9.5625
219	1324	9.5625
219	1775	9.5625
219	2004	9.5625
220	1935	20.375
220	2001	18.375
220	979	18.25
220	226	17.25
220	1933	17.125
220	1931	17
220	1653	16.75
220	1652	16.625
220	1775	16.625
220	224	16.625
220	225	16.5
220	233	16.5
220	63	16.5
220	826	16.5
220	836	16.5
220	1932	16.375
220	1974	16.375
220	1981	16.375
220	90	16.375
220	1422	16.25
220	222	16.25
220	827	16.25
220	958	16.25
220	1941	16.125
220	2200	16.125
220	221	16.125
220	995	16.125
220	2112	15.9375
220	1577	15.75
220	828	15.75
220	100	15.6875
220	1567	15.6875
220	1973	15.6875
220	2098	15.6875
220	62	15.6875
220	983	15.6875
220	1187	15.625
220	1388	15.625
220	1709	15.625
220	1383	15.5625
220	1648	15.5625
220	1928	15.5625
220	825	15.5625
220	1067	15.5
220	1582	15.5
220	748	15.5
220	837	15.4375
220	1046	15.375
220	1976	15.375
220	2199	15.375
220	1571	15.3125
220	1574	15.3125
220	2061	15.3125
220	796	15.3125
220	99	15.3125
220	1929	15.25
220	2198	15.25
220	981	15.25
220	1427	15.1875
220	1930	15.1875
220	1568	15.125
220	2097	15.125
220	1381	15.0625
220	700	15.0625
220	774	15.0625
220	1045	15
220	805	15
220	1111	14.9375
220	1946	14.9375
220	2146	14.9375
220	319	14.9375
220	740	14.9375
220	1423	14.875
220	1561	14.875
220	1934	14.875
220	707	14.875
220	745	14.875
220	759	14.875
220	1210	14.8125
220	1221	14.8125
220	1452	14.8125
220	1581	14.8125
220	2123	14.8125
220	1198	14.75
220	1580	14.75
220	1655	14.75
220	2121	14.75
220	858	14.75
220	1485	14.6875
220	2166	14.6875
220	674	14.6875
220	1183	14.625
220	154	14.625
220	1578	14.625
220	158	14.625
220	2030	14.625
220	21	14.625
220	1145	14.5625
220	1511	14.5625
220	1576	14.5625
221	1801	23.875
221	1797	21.125
221	1807	20.375
221	1799	19.25
221	1813	18.625
221	1840	18.5
221	1800	17.875
221	1809	17.875
221	1839	17.625
221	1825	17.5
221	1828	17.5
221	1830	17.5
221	1924	17.5
221	1844	17.25
221	1928	17.25
221	1808	17.125
221	1833	17.125
221	807	17.125
221	1810	17
221	1845	17
221	795	17
221	1820	16.875
221	1826	16.875
221	1831	16.875
221	1836	16.75
221	1838	16.75
221	1824	16.625
221	1843	16.625
221	1931	16.625
221	1798	16.5
221	1841	16.5
221	1846	16.5
221	755	16.5
221	1303	16.375
221	1837	16.375
221	1852	16.25
221	774	16.25
221	779	16.25
221	814	16.25
221	1062	16.125
221	1816	16.125
221	1817	16.125
221	1829	16.125
221	1864	16.125
221	1871	16.125
221	188	16.125
221	267	16.125
221	748	16.125
221	1181	16
221	1790	16
221	1794	16
221	1802	16
221	1823	16
221	1930	16
221	219	16
221	746	16
221	796	16
221	1136	15.9375
221	1827	15.9375
221	2128	15.9375
221	257	15.9375
221	381	15.9375
221	1932	15.875
221	1076	15.8125
221	1922	15.8125
221	201	15.8125
221	2051	15.8125
221	776	15.8125
221	801	15.8125
221	1142	15.75
221	1144	15.75
221	1795	15.75
221	19	15.75
221	380	15.75
221	808	15.75
221	1279	15.6875
221	1796	15.6875
221	1848	15.6875
221	213	15.625
221	246	15.625
221	112	15.5625
221	139	15.5625
221	218	15.5625
221	244	15.5625
221	1131	15.5
221	152	15.5
221	1791	15.5
221	1822	15.5
221	203	15.5
221	276	15.5
221	778	15.5
221	800	15.5
221	1193	15.4375
221	480	15.4375
221	757	15.4375
221	811	15.4375
221	1135	15.375
221	2118	15.375
221	251	15.375
221	506	15.375
222	1925	16.5
222	796	14.0625
222	836	14
222	1981	13.9375
222	795	13.875
222	812	13.8125
222	805	13.6875
222	1827	13.625
222	782	13.4375
222	814	13.4375
222	1687	13.375
222	1047	13.3125
222	929	13.3125
222	815	13.25
222	1195	13.1875
222	2174	13.1875
222	776	13.1875
222	1316	13.125
222	811	13.125
222	800	13.0625
222	1241	13
222	1776	12.9375
222	678	12.9375
222	1837	12.875
222	1941	12.875
222	781	12.875
222	1932	12.8125
222	226	12.8125
222	792	12.8125
222	801	12.8125
222	1198	12.75
222	1839	12.75
222	233	12.75
222	793	12.75
222	905	12.75
222	1640	12.6875
222	2167	12.6875
222	828	12.6875
222	791	12.625
222	810	12.625
222	1933	12.5625
222	737	12.5625
222	1240	12.5
222	1506	12.5
222	1657	12.5
222	710	12.5
222	806	12.4375
222	808	12.4375
222	1344	12.375
222	188	12.375
222	206	12.375
222	221	12.375
222	223	12.375
222	352	12.375
222	768	12.375
222	207	12.3125
222	2112	12.3125
222	2240	12.3125
222	775	12.3125
222	210	12.25
222	2115	12.25
222	804	12.25
222	1928	12.1875
222	2008	12.1875
222	354	12.1875
222	42	12.1875
222	747	12.1875
222	788	12.1875
222	1318	12.125
222	1666	12.125
222	1731	12.125
222	1813	12.125
222	1931	12.125
222	1948	12.125
222	211	12.125
222	735	12.125
222	75	12.125
222	779	12.125
222	783	12.125
222	809	12.125
222	1239	12.0625
222	1325	12.0625
222	1416	12.0625
222	1581	12.0625
222	1675	12.0625
222	168	12.0625
222	1732	12.0625
222	2307	12.0625
222	350	12.0625
222	1608	12
222	1716	12
222	1730	12
222	1752	12
222	1784	12
222	1826	12
222	1829	12
222	1835	12
222	1935	12
222	208	12
222	2221	12
223	365	21.5
223	366	21.25
223	364	19.375
223	367	18.5
223	121	18
223	393	18
223	2224	17.875
223	361	17.875
223	363	17.875
223	1734	17.75
223	358	17.75
223	649	17.75
223	355	17.625
223	730	17.625
223	1720	17.5
223	810	17.5
223	1035	17.375
223	1142	17.375
223	1611	17.375
223	523	17.375
223	1747	17.25
223	352	17.25
223	929	17.25
223	1014	17.125
223	1349	17.125
223	1609	17.125
223	1706	17.125
223	337	17.125
223	354	17.125
223	420	17.125
223	425	17.125
223	513	17.125
223	1429	17
223	1464	17
223	1595	17
223	1721	17
223	1785	17
223	359	17
223	66	17
223	1312	16.875
223	1313	16.875
223	1640	16.875
223	1723	16.875
223	2290	16.875
223	397	16.875
223	549	16.875
223	564	16.875
223	1273	16.75
223	1362	16.75
223	1482	16.75
223	1583	16.75
223	1617	16.75
223	1703	16.75
223	1722	16.75
223	560	16.75
223	1152	16.625
223	1415	16.625
223	1416	16.625
223	1584	16.625
223	2220	16.625
223	360	16.625
223	437	16.625
223	1013	16.5
223	1308	16.5
223	138	16.5
223	1411	16.5
223	1675	16.5
223	1726	16.5
223	2213	16.5
223	380	16.5
223	1315	16.375
223	1333	16.375
223	1352	16.375
223	1460	16.375
223	1562	16.375
223	1563	16.375
223	1567	16.375
223	1610	16.375
223	1651	16.375
223	1705	16.375
223	1709	16.375
223	1743	16.375
223	193	16.375
223	392	16.375
223	541	16.375
223	542	16.375
223	1007	16.25
223	1219	16.25
223	1381	16.25
223	1394	16.25
223	1531	16.25
223	1541	16.25
223	1704	16.25
223	1711	16.25
223	419	16.25
223	492	16.25
223	680	16.25
223	807	16.25
223	1311	16.125
223	1396	16.125
224	1390	19.125
224	1391	18.125
224	312	18.125
224	458	18.125
224	323	18
224	318	17.875
224	440	17.875
224	456	17.875
224	460	17.875
224	631	17.875
224	330	17.75
224	463	17.625
224	519	17.625
224	584	17.625
224	461	17.5
224	485	17.5
224	524	17.5
224	590	17.5
224	1393	17.375
224	387	17.375
224	407	17.375
224	457	17.375
224	478	17.375
224	520	17.375
224	538	17.375
224	573	17.375
224	1394	17.25
224	307	17.25
224	332	17.25
224	384	17.25
224	544	17.25
224	645	17.25
224	389	17.125
224	466	17.125
224	474	17.125
224	482	17.125
224	508	17.125
224	543	17.125
224	637	17.125
224	401	17
224	481	17
224	537	17
224	594	17
224	636	17
224	339	16.875
224	388	16.875
224	443	16.875
224	480	16.875
224	484	16.875
224	632	16.875
224	639	16.875
224	327	16.75
224	344	16.75
224	418	16.75
224	441	16.75
224	459	16.75
224	468	16.75
224	596	16.75
224	601	16.75
224	1949	16.625
224	290	16.625
224	295	16.625
224	296	16.625
224	346	16.625
224	455	16.625
224	472	16.625
224	490	16.625
224	505	16.625
224	526	16.625
224	603	16.625
224	1392	16.5
224	292	16.5
224	345	16.5
224	399	16.5
224	416	16.5
224	464	16.5
224	536	16.5
224	602	16.5
224	633	16.5
224	738	16.5
224	1978	16.375
224	297	16.375
224	362	16.375
224	442	16.375
224	447	16.375
224	462	16.375
224	483	16.375
224	562	16.375
224	629	16.375
224	1386	16.25
224	328	16.25
224	417	16.25
224	437	16.25
224	470	16.25
224	1396	16.125
224	329	16.125
224	450	16.125
224	586	16.125
224	628	16.125
224	630	16.125
225	953	21
225	952	20.625
225	963	20.625
225	718	20.25
225	146	20.125
225	143	20
225	161	20
225	961	19.75
225	965	19.625
225	1236	19.5
225	141	19.5
225	950	19.5
225	150	19.375
225	1151	19.25
225	964	19.25
225	1158	19.125
225	142	19.125
225	916	19.125
225	724	19
225	709	18.875
225	1127	18.75
225	1160	18.75
225	1207	18.75
225	958	18.75
225	1149	18.625
225	135	18.625
225	160	18.625
225	696	18.625
225	954	18.625
225	956	18.625
225	960	18.625
225	967	18.625
225	1143	18.5
225	1168	18.5
225	139	18.5
225	151	18.5
225	1144	18.375
225	1148	18.375
225	1164	18.375
225	149	18.375
225	2116	18.375
225	719	18.375
225	123	18.25
225	145	18.25
225	159	18.25
225	700	18.25
225	111	18.125
225	1159	18.125
225	1161	18.125
225	1162	18.125
225	1208	18.125
225	134	18.125
225	686	18.125
225	937	18.125
225	1123	18
225	1134	18
225	1146	18
225	1198	18
225	1949	18
225	728	18
225	955	18
225	962	18
225	1167	17.875
225	165	17.875
225	721	17.875
225	938	17.875
225	957	17.875
225	1156	17.75
225	1166	17.75
225	128	17.75
225	138	17.75
225	153	17.75
225	156	17.75
225	972	17.75
225	1165	17.625
225	699	17.625
225	942	17.625
225	971	17.625
225	114	17.5
225	152	17.5
225	154	17.5
225	166	17.5
225	939	17.5
225	969	17.5
225	1132	17.375
225	1173	17.375
225	119	17.375
225	127	17.375
225	725	17.375
225	927	17.375
225	1135	17.25
225	1139	17.25
225	1154	17.25
225	118	17.25
225	1194	17.25
225	140	17.25
225	704	17.25
225	925	17.25
225	928	17.25
225	1125	17.125
226	221	26.875
226	222	26.25
226	707	26
226	1931	24.125
226	1929	23
226	738	22.75
226	816	22.75
226	703	22.625
226	1932	22.375
226	741	22.375
226	1279	22.125
226	808	22
226	1184	21.875
226	796	21.875
226	1187	21.75
226	1195	21.75
226	585	21.625
226	1933	21.5
226	549	21.5
226	836	21.5
226	1930	21.375
226	1981	21.375
226	2007	21.375
226	225	21.375
226	2307	21.375
226	705	21.375
226	1946	21.25
226	2260	21.25
226	740	21.25
226	743	21.25
226	739	21.125
226	742	21.125
226	759	21.125
226	2204	21
226	233	21
226	1939	20.875
226	2306	20.875
226	541	20.875
226	737	20.875
226	805	20.875
226	1175	20.75
226	1201	20.75
226	216	20.75
226	2233	20.75
226	427	20.75
226	938	20.75
226	1870	20.625
226	1943	20.625
226	228	20.625
226	561	20.625
226	756	20.625
226	1131	20.375
226	1148	20.375
226	1151	20.375
226	416	20.375
226	481	20.375
226	548	20.375
226	552	20.375
226	765	20.375
226	1010	20.25
226	1286	20.25
226	1879	20.25
226	1980	20.25
226	368	20.25
226	386	20.25
226	700	20.25
226	722	20.25
226	744	20.25
226	1975	20.125
226	206	20.125
226	306	20.125
226	422	20.125
226	557	20.125
226	611	20.125
226	754	20.125
226	827	20.125
226	837	20.125
226	981	20.125
226	1145	20
226	1152	20
226	1254	20
226	1266	20
226	1653	20
226	226	20
226	383	20
226	420	20
226	547	20
226	586	20
226	587	20
226	679	20
226	708	20
226	724	20
226	927	20
226	940	20
226	1082	19.875
226	1865	19.875
226	1934	19.875
226	2269	19.875
226	269	19.875
226	558	19.875
227	2237	34.75
227	1017	29.375
227	2236	29.375
227	1784	29
227	2170	29
227	1013	28.75
227	2231	28.625
227	1015	28.375
227	1789	28.375
227	1786	28
227	1770	27.5
227	1771	27.5
227	2168	27.5
227	2157	27.375
227	1010	27.125
227	1226	27.125
227	944	27.125
227	1768	27
227	2167	27
227	2165	26.75
227	2229	26.75
227	1711	26.25
227	2255	26.125
227	1006	26
227	1327	25.875
227	1710	25.875
227	2223	25.875
227	2230	25.875
227	1762	25.75
227	1000	25.5
227	1018	25.5
227	71	25.5
227	1225	25.375
227	1701	25.375
227	1761	25.375
227	1763	25.375
227	513	25.25
227	1002	25.125
227	1007	25.125
227	1721	25.125
227	1722	25.125
227	1726	25.125
227	1583	25
227	2156	25
227	769	25
227	1703	24.875
227	2253	24.875
227	431	24.875
227	695	24.75
227	969	24.75
227	150	24.625
227	1593	24.625
227	1595	24.625
227	1675	24.625
227	1712	24.625
227	2150	24.625
227	511	24.625
227	1198	24.5
227	1326	24.5
227	2151	24.5
227	2152	24.5
227	2209	24.5
227	1012	24.375
227	1532	24.375
227	1723	24.375
227	1785	24.375
227	2240	24.375
227	2245	24.375
227	679	24.375
227	1780	24.25
227	2091	24.25
227	537	24.25
227	715	24.25
227	1001	24.125
227	1037	24.125
227	1706	24.125
227	1715	24.125
227	1766	24.125
227	538	24.125
227	541	24.125
227	1308	24
227	1640	24
227	1709	24
227	1774	24
227	211	24
227	550	24
227	938	24
227	1421	23.875
227	1754	23.875
227	1837	23.875
227	2210	23.875
227	2252	23.875
227	305	23.875
227	337	23.875
227	352	23.875
227	432	23.875
227	834	23.875
227	1112	23.75
227	1165	23.75
227	1234	23.75
228	1123	9.8125
228	524	9.8125
228	1938	9.75
228	330	9.5625
228	827	9.5625
228	1975	9.5
228	12	9.4375
228	2178	9.4375
228	813	9.4375
228	1	9.375
228	1048	9.375
228	1058	9.375
228	2061	9.375
228	1051	9.3125
228	1067	9.3125
228	1951	9.3125
228	210	9.3125
228	2175	9.3125
228	2199	9.3125
228	398	9.3125
228	805	9.3125
228	1046	9.25
228	1052	9.25
228	1959	9.25
228	1981	9.25
228	2098	9.25
228	2179	9.25
228	736	9.25
228	836	9.25
228	1047	9.1875
228	1184	9.1875
228	2103	9.1875
228	233	9.1875
228	796	9.1875
228	1084	9.125
228	159	9.125
228	2162	9.125
228	2268	9.125
228	273	9.125
228	62	9.125
228	803	9.125
228	1023	9.0625
228	2074	9.0625
228	2174	9.0625
228	757	9.0625
228	837	9.0625
228	1061	9
228	1185	9
228	1289	9
228	1300	9
228	1666	9
228	1786	9
228	1902	9
228	1972	9
228	540	9
228	629	9
228	641	9
228	721	9
228	754	9
228	776	9
228	830	9
228	978	9
228	1070	8.9375
228	1142	8.9375
228	1147	8.9375
228	1777	8.9375
228	1860	8.9375
228	1979	8.9375
228	1997	8.9375
228	2073	8.9375
228	213	8.9375
228	216	8.9375
228	2183	8.9375
228	2256	8.9375
228	323	8.9375
228	762	8.9375
228	773	8.9375
228	828	8.9375
228	1055	8.875
228	1069	8.875
228	1097	8.875
228	1153	8.875
228	1154	8.875
228	1255	8.875
228	1277	8.875
228	1278	8.875
228	1363	8.875
228	1893	8.875
228	1991	8.875
228	2005	8.875
228	2006	8.875
228	2019	8.875
228	2060	8.875
228	2075	8.875
228	2195	8.875
228	232	8.875
228	254	8.875
228	37	8.875
228	390	8.875
228	43	8.875
229	1709	19.875
229	1710	19.125
229	1711	18.875
229	1719	18.875
229	1706	18.75
229	1714	18.125
229	1708	17.5
229	1313	17.25
229	1715	17.125
229	1712	17
229	1716	16.875
229	1366	16.5
229	2093	16.125
229	1317	16
229	1718	15.9375
229	1722	15.9375
229	1723	15.875
229	1707	15.75
229	513	15.5625
229	1199	15.5
229	1327	15.5
229	511	15.5
229	1415	15.4375
229	1429	15.4375
229	1413	15.375
229	1562	15.375
229	2269	15.375
229	514	15.3125
229	990	15.3125
229	1482	15.25
229	1606	15.25
229	2017	15.25
229	544	15.25
229	56	15.25
229	1490	15.1875
229	1558	15.1875
229	1670	15.1875
229	1721	15.1875
229	1750	15.1875
229	840	15.1875
229	1461	15.125
229	1937	15.125
229	1339	15
229	1402	15
229	1669	15
229	1720	15
229	1986	15
229	1391	14.9375
229	1463	14.9375
229	1411	14.875
229	1609	14.875
229	363	14.875
229	1381	14.8125
229	416	14.8125
229	1404	14.75
229	1583	14.75
229	1653	14.75
229	1667	14.75
229	1677	14.75
229	1481	14.6875
229	1666	14.6875
229	2209	14.6875
229	390	14.6875
229	1086	14.625
229	1308	14.625
229	1561	14.625
229	1601	14.625
229	1644	14.625
229	2082	14.625
229	2196	14.625
229	995	14.625
229	1701	14.5625
229	1756	14.5625
229	2186	14.5625
229	365	14.5625
229	1107	14.5
229	1273	14.5
229	1368	14.5
229	1390	14.5
229	1563	14.5
229	1647	14.5
229	1703	14.5
229	1077	14.4375
229	1226	14.4375
229	1326	14.4375
229	1517	14.4375
229	174	14.4375
229	1184	14.375
229	1337	14.375
229	1377	14.375
229	1383	14.375
229	1464	14.375
229	2052	14.375
229	391	14.375
229	805	14.375
229	1478	14.3125
229	1529	14.3125
229	1683	14.3125
229	1014	14.25
229	1341	14.25
230	2231	31.5
230	2229	29.75
230	2255	28.625
230	2230	28.125
230	1013	27.5
230	1015	26.75
230	1225	26.75
230	2237	26.25
230	1784	25.5
230	1786	25.5
230	2167	24.125
230	2252	24.125
230	1771	24
230	2165	24
230	1014	23.875
230	1226	23.875
230	1759	23.75
230	2168	23.75
230	1010	23.625
230	1017	23.5
230	2170	23.5
230	1789	23.25
230	2236	23.25
230	2308	23
230	944	23
230	1002	22.875
230	2239	22.875
230	2240	22.875
230	2250	22.875
230	511	22.875
230	1198	22.75
230	1219	22.75
230	2245	22.75
230	1006	22.625
230	222	22.625
230	2248	22.625
230	1012	22.5
230	1768	22.5
230	1774	22.5
230	2089	22.5
230	2227	22.5
230	2238	22.375
230	2244	22.375
230	1763	22.25
230	538	22.25
230	715	22.25
230	1018	22.125
230	1184	22.125
230	2157	22.125
230	1142	22
230	2152	22
230	1778	21.875
230	2306	21.875
230	359	21.875
230	370	21.875
230	541	21.875
230	1234	21.75
230	1780	21.75
230	1942	21.75
230	2242	21.75
230	71	21.75
230	2090	21.625
230	2156	21.625
230	2160	21.625
230	549	21.625
230	574	21.625
230	695	21.625
230	1209	21.5
230	155	21.5
230	2151	21.5
230	2169	21.5
230	2202	21.5
230	2223	21.5
230	2253	21.5
230	539	21.5
230	557	21.5
230	1000	21.375
230	1008	21.375
230	1722	21.375
230	1761	21.375
230	1770	21.375
230	1773	21.375
230	187	21.375
230	2116	21.375
230	317	21.375
230	353	21.375
230	1154	21.25
230	1172	21.25
230	1758	21.25
230	1837	21.25
230	1992	21.25
230	2148	21.25
230	1001	21.125
230	1016	21.125
230	1091	21.125
230	1158	21.125
230	1430	21.125
230	1666	21.125
230	1951	21.125
230	1991	21.125
231	928	28.5
231	932	28.25
231	118	28.125
231	143	27.375
231	1784	27.25
231	119	26.625
231	155	26.375
231	1766	26.375
231	2167	26.375
231	1759	26.25
231	1761	26.125
231	1015	25.875
231	1225	25.875
231	1762	25.875
231	2165	25.875
231	1174	25.75
231	2170	25.75
231	1787	25.625
231	370	25.625
231	1135	25.375
231	927	25.375
231	1017	25.25
231	133	25.25
231	372	25.25
231	380	25.25
231	1132	25.125
231	127	25.125
231	1763	25.125
231	1764	25.125
231	1765	25.125
231	942	25.125
231	125	25
231	691	25
231	1789	24.875
231	1771	24.75
231	1786	24.75
231	1992	24.5
231	2236	24.375
231	2252	24.375
231	371	24.25
231	1145	24.125
231	121	24.125
231	1991	24.125
231	933	24.125
231	1897	24
231	2168	24
231	1013	23.875
231	2250	23.875
231	730	23.875
231	944	23.875
231	148	23.75
231	2169	23.75
231	930	23.75
231	972	23.75
231	1259	23.625
231	136	23.625
231	139	23.625
231	2090	23.625
231	2150	23.625
231	2151	23.625
231	552	23.625
231	704	23.625
231	1000	23.5
231	1001	23.5
231	358	23.5
231	51	23.5
231	936	23.5
231	116	23.375
231	1198	23.375
231	547	23.375
231	1016	23.25
231	130	23.25
231	156	23.25
231	2171	23.25
231	236	23.25
231	166	23.125
231	2008	23.125
231	2239	23.125
231	1866	23
231	523	23
231	941	23
231	1018	22.875
231	114	22.875
231	1219	22.875
231	1669	22.875
231	2021	22.875
231	2237	22.875
231	2249	22.875
231	516	22.875
231	1142	22.75
231	1143	22.75
231	1148	22.75
231	137	22.75
231	1988	22.75
231	2016	22.75
231	687	22.75
231	697	22.75
231	929	22.75
231	973	22.75
231	1008	22.625
232	1144	25.625
232	1168	25.625
232	950	25.625
232	1146	25.375
232	1127	25.25
232	139	25.25
232	134	25.125
232	111	25
232	157	25
232	1123	24.875
232	123	24.875
232	1149	24.75
232	141	24.75
232	149	24.75
232	1949	24.75
232	937	24.75
232	1164	24.625
232	956	24.625
232	963	24.625
232	159	24.375
232	696	24.375
232	718	24.25
232	142	24.125
232	953	24.125
232	961	24.125
232	971	24.125
232	1143	24
232	161	24
232	686	24
232	700	24
232	1135	23.875
232	135	23.875
232	957	23.875
232	1156	23.75
232	709	23.75
232	945	23.75
232	1134	23.625
232	1162	23.625
232	1166	23.625
232	151	23.625
232	955	23.625
232	958	23.625
232	962	23.625
232	964	23.625
232	1158	23.5
232	1159	23.5
232	146	23.5
232	150	23.5
232	152	23.5
232	954	23.5
232	1140	23.375
232	128	23.375
232	691	23.375
232	719	23.375
232	728	23.375
232	967	23.375
232	143	23.25
232	721	23.25
232	1167	23.125
232	140	23.125
232	145	23.125
232	699	23.125
232	916	23.125
232	941	23.125
232	960	23.125
232	972	23.125
232	1139	23
232	1173	23
232	156	23
232	165	23
232	2116	23
232	925	23
232	952	23
232	969	23
232	1148	22.875
232	154	22.875
232	160	22.875
232	689	22.875
232	913	22.875
232	927	22.875
232	965	22.75
232	1131	22.625
232	114	22.625
232	1236	22.625
232	127	22.625
232	153	22.625
232	928	22.625
232	939	22.625
232	113	22.5
232	692	22.5
232	715	22.5
232	938	22.5
232	973	22.5
232	1125	22.375
232	1151	22.375
232	1174	22.375
232	119	22.375
232	124	22.375
232	951	22.375
232	1132	22.25
233	2037	12.5625
233	2298	12.25
233	420	12.25
233	2035	12.125
233	2203	12.125
233	2040	12.0625
233	2293	12.0625
233	345	12.0625
233	380	12
233	2025	11.9375
233	2202	11.9375
233	2295	11.9375
233	358	11.9375
233	2038	11.875
233	2046	11.8125
233	2288	11.8125
233	2301	11.8125
233	2291	11.75
233	2287	11.6875
233	539	11.6875
233	2290	11.625
233	1206	11.5625
233	2302	11.5625
233	335	11.5625
233	337	11.5625
233	2027	11.5
233	2039	11.5
233	2292	11.5
233	354	11.5
233	922	11.5
233	2029	11.4375
233	2045	11.4375
233	2205	11.375
233	2294	11.375
233	2207	11.3125
233	2289	11.3125
233	423	11.3125
233	805	11.3125
233	1227	11.25
233	2030	11.25
233	2036	11.25
233	2048	11.25
233	2300	11.25
233	2201	11.1875
233	383	11.125
233	554	11.125
233	2041	11.0625
233	2296	11.0625
233	342	11.0625
233	2285	11
233	336	11
233	2047	10.875
233	2206	10.875
233	353	10.875
233	430	10.875
233	615	10.875
233	1585	10.8125
233	1615	10.8125
233	334	10.8125
233	547	10.8125
233	1942	10.75
233	2208	10.75
233	338	10.75
233	571	10.75
233	2044	10.6875
233	578	10.6875
233	613	10.6875
233	620	10.6875
233	813	10.6875
233	1351	10.625
233	306	10.625
233	348	10.625
233	574	10.625
233	1347	10.5625
233	1410	10.5625
233	2022	10.5625
233	605	10.5625
233	611	10.5625
233	327	10.5
233	344	10.5
233	367	10.5
233	425	10.5
233	437	10.5
233	586	10.5
233	917	10.5
233	1602	10.4375
233	303	10.4375
233	607	10.4375
233	630	10.4375
233	1195	10.375
233	1945	10.375
233	2042	10.375
233	325	10.375
233	902	10.375
233	1179	10.3125
233	1198	10.3125
233	1580	10.3125
233	2299	10.3125
233	352	10.3125
233	502	10.3125
234	212	15.8125
234	1184	15.6875
234	1077	14.875
234	201	14.875
234	2052	14.8125
234	2023	14.75
234	772	14.75
234	805	14.625
234	236	14.5625
234	234	14.5
234	801	14.5
234	2053	14.375
234	2054	14.3125
234	33	14.1875
234	237	14.125
234	2246	14.0625
234	749	14.0625
234	1076	14
234	1276	14
234	2051	14
234	832	14
234	806	13.9375
234	18	13.875
234	796	13.875
234	810	13.875
234	1905	13.8125
234	223	13.8125
234	44	13.8125
234	1	13.75
234	755	13.75
234	1078	13.6875
234	736	13.6875
234	1172	13.5625
234	2055	13.5625
234	216	13.5
234	757	13.5
234	1980	13.4375
234	769	13.4375
234	780	13.4375
234	1069	13.375
234	1133	13.375
234	744	13.375
234	752	13.375
234	767	13.375
234	1185	13.3125
234	1957	13.3125
234	2028	13.3125
234	2043	13.3125
234	751	13.3125
234	753	13.3125
234	175	13.25
234	2080	13.25
234	37	13.25
234	1108	13.1875
234	1266	13.1875
234	745	13.1875
234	1074	13.125
234	1166	13.125
234	740	13.125
234	813	13.125
234	834	13.125
234	1810	13.0625
234	1814	13.0625
234	1930	13.0625
234	2011	13.0625
234	795	13.0625
234	170	13
234	1946	13
234	1975	13
234	620	13
234	725	13
234	754	13
234	762	13
234	807	13
234	1295	12.9375
234	171	12.9375
234	1809	12.9375
234	1279	12.875
234	1797	12.875
234	1819	12.875
234	2001	12.875
234	827	12.875
234	1137	12.8125
234	1189	12.8125
234	174	12.8125
234	2209	12.8125
234	1046	12.75
234	1779	12.75
234	1794	12.75
234	247	12.75
234	31	12.75
234	32	12.75
234	774	12.75
234	979	12.75
234	1067	12.6875
234	2061	12.6875
234	2111	12.6875
234	2199	12.6875
234	2302	12.6875
234	62	12.6875
235	1532	15.9375
235	1356	15.875
235	1566	15.875
235	1359	15.6875
235	1582	15.6875
235	1684	15.6875
235	77	15.625
235	1651	15.5625
235	1658	15.5625
235	1577	15.5
235	857	15.5
235	1572	15.4375
235	1575	15.375
235	1663	15.375
235	79	15.375
235	1673	15.25
235	1355	15.1875
235	1565	15.1875
235	1353	15.125
235	1426	15.125
235	1749	15.125
235	1695	15.0625
235	1568	15
235	1591	15
235	1628	15
235	1655	15
235	2038	15
235	2101	15
235	1354	14.9375
235	1357	14.9375
235	1563	14.9375
235	1581	14.9375
235	1734	14.9375
235	1358	14.8125
235	1484	14.8125
235	1448	14.75
235	1454	14.75
235	1519	14.75
235	1570	14.75
235	1593	14.75
235	1963	14.75
235	858	14.75
235	1207	14.6875
235	1360	14.6875
235	1574	14.6875
235	1614	14.6875
235	2309	14.6875
235	310	14.6875
235	1576	14.625
235	1322	14.5625
235	1611	14.5625
235	1717	14.5625
235	422	14.5625
235	1316	14.5
235	1325	14.5
235	1605	14.5
235	678	14.5
235	78	14.5
235	1319	14.4375
235	1352	14.4375
235	1481	14.4375
235	2039	14.4375
235	731	14.4375
235	819	14.4375
235	1334	14.375
235	1516	14.375
235	1524	14.3125
235	2027	14.3125
235	2220	14.3125
235	1044	14.25
235	1377	14.25
235	1508	14.25
235	1567	14.25
235	1653	14.25
235	1970	14.25
235	2222	14.25
235	631	14.25
235	1348	14.1875
235	1452	14.1875
235	1523	14.1875
235	1613	14.1875
235	1657	14.1875
235	900	14.1875
235	1198	14.125
235	1435	14.125
235	1583	14.125
235	1592	14.125
235	1594	14.125
235	1625	14.125
235	1699	14.125
235	1775	14.125
235	2029	14.125
235	325	14.125
235	478	14.125
235	1323	14.0625
235	1361	14.0625
235	1363	14.0625
235	1440	14.0625
235	1571	14.0625
235	1607	14.0625
236	1786	20.75
236	2150	20.625
236	1015	20.125
236	2168	20.125
236	2151	19.875
236	1762	19.25
236	1766	19.125
236	1017	19
236	1761	19
236	1000	18.875
236	1001	18.875
236	2167	18.75
236	1789	18.375
236	2170	18.375
236	1787	18.125
236	2166	18
236	1835	17.875
236	1016	17.75
236	1853	17.75
236	2237	17.625
236	1013	17.5
236	1234	17.5
236	1784	17.5
236	1771	17.375
236	944	17.375
236	2169	17.25
236	2152	17.125
236	17	17
236	1143	16.875
236	1002	16.75
236	1132	16.75
236	118	16.75
236	2171	16.75
236	2231	16.75
236	1018	16.625
236	1763	16.5
236	932	16.375
236	1837	16.25
236	1225	16.125
236	2159	15.875
236	148	15.75
236	223	15.75
236	147	15.6875
236	728	15.6875
236	121	15.625
236	143	15.625
236	1776	15.5625
236	697	15.5625
236	2229	15.5
236	2290	15.4375
236	152	15.375
236	1769	15.375
236	1931	15.375
236	2255	15.375
236	698	15.375
236	905	15.375
236	1009	15.3125
236	1773	15.3125
236	719	15.3125
236	1151	15.25
236	133	15.25
236	138	15.25
236	222	15.25
236	1161	15.1875
236	236	15.1875
236	2230	15.125
236	547	15.125
236	954	15.125
236	155	15.0625
236	427	15.0625
236	813	15.0625
236	1131	15
236	2165	15
236	1010	14.9375
236	1142	14.9375
236	2160	14.9375
236	1164	14.875
236	1827	14.875
236	941	14.875
236	1249	14.8125
236	167	14.8125
236	928	14.8125
236	1158	14.75
236	154	14.75
236	608	14.75
236	688	14.75
236	75	14.75
236	960	14.75
236	1012	14.6875
236	1125	14.6875
236	120	14.6875
236	129	14.6875
236	1918	14.6875
236	666	14.6875
236	961	14.6875
236	1008	14.625
236	119	14.625
236	2210	14.625
236	2244	14.625
236	556	14.625
237	533	11.6875
237	534	11.5625
237	571	11.3125
237	535	11.125
237	526	10.9375
237	530	10.6875
237	586	10.625
237	578	10.5
237	389	10.4375
237	558	10.4375
237	570	10.4375
237	614	10.4375
237	582	10.375
237	494	10.3125
237	316	10.25
237	524	10.25
237	491	10.1875
237	719	10.1875
237	490	10.125
237	581	10.125
237	1956	10
237	527	9.9375
237	596	9.9375
237	118	9.875
237	382	9.8125
237	609	9.8125
237	620	9.8125
237	537	9.75
237	556	9.6875
237	579	9.6875
237	932	9.6875
237	240	9.625
237	392	9.625
237	157	9.5
237	502	9.5
237	420	9.4375
237	1000	9.375
237	1785	9.375
237	1845	9.375
237	583	9.375
237	584	9.375
237	1923	9.3125
237	528	9.25
237	615	9.25
237	691	9.25
237	361	9.1875
237	386	9.1875
237	393	9.1875
237	431	9.1875
237	563	9.1875
237	652	9.1875
237	953	9.1875
237	294	9.125
237	569	9.125
237	632	9.125
237	689	9.125
237	628	9.0625
237	718	9.0625
237	1125	9
237	1755	9
237	427	9
237	46	9
237	607	9
237	640	9
237	10	8.9375
237	1038	8.9375
237	1652	8.9375
237	2268	8.9375
237	244	8.9375
237	269	8.9375
237	384	8.9375
237	396	8.9375
237	342	8.875
237	430	8.875
237	492	8.875
237	553	8.875
237	692	8.875
237	952	8.875
237	1237	8.8125
237	153	8.8125
237	161	8.8125
237	1751	8.8125
237	2271	8.8125
237	373	8.8125
237	380	8.8125
237	385	8.8125
237	400	8.8125
237	410	8.8125
237	422	8.8125
237	425	8.8125
237	568	8.8125
237	587	8.8125
237	608	8.8125
237	610	8.8125
237	11	8.75
237	111	8.75
237	116	8.75
237	1944	8.75
237	259	8.75
237	292	8.75
238	1611	11.4375
238	1644	11.375
238	34	11
238	2050	10.9375
238	1041	10.875
238	1972	10.875
238	845	10.75
238	1989	10.6875
238	1053	10.625
238	1971	10.625
238	1973	10.625
238	825	10.625
238	1532	10.5625
238	820	10.5625
238	1996	10.5
238	62	10.5
238	1097	10.4375
238	1633	10.4375
238	2195	10.375
238	373	10.375
238	1951	10.3125
238	59	10.3125
238	1513	10.25
238	2096	10.25
238	986	10.25
238	822	10.1875
238	1585	10.125
238	1665	10.125
238	1702	10.125
238	1609	10.0625
238	12	10
238	23	10
238	910	10
238	1079	9.9375
238	1562	9.9375
238	1690	9.9375
238	1948	9.9375
238	1668	9.875
238	2098	9.875
238	40	9.875
238	43	9.875
238	1559	9.8125
238	1187	9.75
238	1198	9.75
238	1205	9.75
238	146	9.75
238	1959	9.75
238	1098	9.6875
238	1276	9.6875
238	1480	9.6875
238	2058	9.6875
238	513	9.6875
238	844	9.6875
238	1	9.625
238	1094	9.625
238	1146	9.625
238	1418	9.625
238	1430	9.625
238	1476	9.625
238	1988	9.625
238	368	9.625
238	1683	9.5625
238	1958	9.5625
238	949	9.5625
238	976	9.5625
238	1042	9.5
238	1540	9.5
238	1548	9.5
238	1634	9.5
238	1650	9.5
238	1725	9.5
238	1483	9.4375
238	2024	9.4375
238	512	9.4375
238	641	9.4375
238	1027	9.375
238	1157	9.375
238	1477	9.375
238	1647	9.375
238	1745	9.375
238	1305	9.3125
238	1727	9.3125
238	2097	9.3125
238	2197	9.3125
238	327	9.3125
238	985	9.3125
238	1456	9.25
238	1588	9.25
238	1675	9.25
238	1679	9.25
238	1689	9.25
238	1998	9.25
238	2115	9.25
238	598	9.25
238	710	9.25
238	1102	9.1875
238	1343	9.1875
238	159	9.1875
238	1642	9.1875
238	1687	9.1875
239	133	20.25
239	117	17.5
239	1125	17.25
239	132	17.125
239	689	16.75
239	947	16.375
239	116	16.125
239	142	16.125
239	148	16
239	930	16
239	709	15.875
239	1130	15.8125
239	955	15.8125
239	131	15.75
239	932	15.625
239	118	15.5625
239	115	15.4375
239	1149	15.25
239	1208	15.25
239	159	15.0625
239	935	14.9375
239	163	14.75
239	150	14.6875
239	154	14.6875
239	690	14.6875
239	1127	14.5625
239	158	14.5625
239	130	14.5
239	1219	14.375
239	1158	14.1875
239	1568	14.125
239	442	14.125
239	1847	14.0625
239	1129	14
239	1174	14
239	1292	14
239	310	14
239	596	14
239	1207	13.9375
239	1138	13.875
239	1711	13.875
239	2074	13.875
239	2215	13.875
239	1572	13.8125
239	1697	13.8125
239	290	13.8125
239	1143	13.75
239	1381	13.75
239	1574	13.75
239	563	13.75
239	1126	13.6875
239	1209	13.6875
239	1288	13.6875
239	2233	13.6875
239	323	13.6875
239	967	13.6875
239	1575	13.625
239	1896	13.625
239	743	13.625
239	940	13.625
239	961	13.625
239	1128	13.5625
239	125	13.5625
239	300	13.5625
239	444	13.5625
239	508	13.5625
239	610	13.5625
239	665	13.5625
239	1131	13.5
239	1571	13.5
239	316	13.5
239	571	13.5
239	653	13.5
239	311	13.4375
239	1151	13.375
239	2161	13.375
239	326	13.375
239	1682	13.3125
239	2224	13.3125
239	301	13.3125
239	307	13.3125
239	328	13.3125
239	443	13.3125
239	465	13.3125
239	467	13.3125
239	480	13.3125
239	584	13.3125
239	1133	13.25
239	1137	13.25
239	1844	13.25
239	2300	13.25
239	312	13.25
239	573	13.25
239	785	13.25
239	933	13.25
239	1000	13.1875
239	1343	13.1875
239	1388	13.1875
239	1839	13.1875
239	1840	13.1875
240	1776	19.5
240	1769	18.375
240	1953	18.125
240	1775	18
240	188	18
240	1757	17.75
240	2147	17.75
240	700	17.75
240	997	17.75
240	1168	17.625
240	2163	17.625
240	141	17.5
240	2008	17.5
240	1010	17.375
240	1154	17.375
240	1207	17.375
240	715	17.375
240	1175	17.25
240	134	17.25
240	1766	17.25
240	2166	17.25
240	941	17.25
240	1172	17.125
240	1174	17.125
240	42	17.125
240	688	17.125
240	72	17.125
240	94	17.125
240	1954	17
240	2151	17
240	2167	17
240	687	17
240	722	17
240	1144	16.875
240	1146	16.875
240	1170	16.875
240	142	16.875
240	1949	16.875
240	1018	16.75
240	1059	16.75
240	1158	16.75
240	1198	16.75
240	1784	16.75
240	2090	16.75
240	2149	16.75
240	217	16.75
240	704	16.75
240	725	16.75
240	942	16.75
240	100	16.625
240	1013	16.625
240	1148	16.625
240	140	16.625
240	1761	16.625
240	179	16.625
240	2085	16.625
240	2150	16.625
240	2153	16.625
240	2169	16.625
240	2171	16.625
240	1126	16.5
240	1173	16.5
240	1762	16.5
240	1922	16.5
240	2089	16.5
240	2154	16.5
240	699	16.5
240	1000	16.375
240	1001	16.375
240	1100	16.375
240	1117	16.375
240	1140	16.375
240	1155	16.375
240	160	16.375
240	167	16.375
240	1942	16.375
240	2170	16.375
240	2200	16.375
240	684	16.375
240	709	16.375
240	805	16.375
240	1009	16.25
240	1292	16.25
240	1772	16.25
240	1958	16.25
240	1967	16.25
240	2159	16.25
240	2221	16.25
240	2240	16.25
240	2251	16.25
240	714	16.25
240	724	16.25
240	1160	16.125
240	1236	16.125
240	1245	16.125
240	1250	16.125
240	1935	16.125
240	2116	16.125
240	2152	16.125
240	2172	16.125
241	779	22.75
241	803	20.25
241	775	19.875
241	795	19.75
241	809	19.5
241	785	19.375
241	783	19.125
241	793	19.125
241	784	18.875
241	787	18.875
241	568	18.625
241	782	18.625
241	805	18.625
241	814	18.625
241	796	18.5
241	798	18.5
241	807	18.5
241	815	18.5
241	781	18.375
241	804	18.375
241	366	18.125
241	776	18.125
241	1931	18
241	1932	18
241	778	18
241	806	18
241	808	18
241	786	17.875
241	768	17.75
241	788	17.75
241	800	17.75
241	801	17.75
241	352	17.625
241	735	17.625
241	777	17.625
241	789	17.625
241	1930	17.5
241	480	17.5
241	780	17.5
241	792	17.5
241	794	17.5
241	810	17.5
241	560	17.375
241	790	17.375
241	1131	17.25
241	369	17.25
241	459	17
241	539	17
241	812	17
241	1639	16.875
241	1929	16.875
241	737	16.875
241	310	16.75
241	427	16.75
241	707	16.75
241	791	16.75
241	811	16.75
241	1667	16.625
241	1928	16.625
241	2150	16.625
241	221	16.625
241	225	16.625
241	309	16.625
241	1187	16.5
241	1200	16.5
241	1918	16.5
241	1944	16.5
241	2112	16.5
241	224	16.5
241	353	16.5
241	361	16.5
241	381	16.5
241	482	16.5
241	506	16.5
241	552	16.5
241	590	16.5
241	601	16.5
241	666	16.5
241	667	16.5
241	755	16.5
241	1933	16.375
241	563	16.375
241	585	16.375
241	754	16.375
241	1279	16.25
241	2265	16.25
241	260	16.25
241	312	16.25
241	631	16.25
241	799	16.25
241	1062	16.125
241	1280	16.125
241	2035	16.125
241	2151	16.125
241	222	16.125
241	226	16.125
241	330	16.125
241	458	16.125
241	463	16.125
241	508	16.125
242	370	22.125
242	377	22.125
242	379	22
242	372	21.5
242	456	21
242	468	21
242	420	20.875
242	464	20.875
242	378	20.75
242	470	20.625
242	517	20.625
242	350	20.5
242	448	20.5
242	449	20.5
242	453	20.5
242	455	20.5
242	475	20.5
242	366	20.375
242	427	20.375
242	381	20.25
242	447	20.25
242	467	20.25
242	471	20.25
242	1835	20.125
242	365	20.125
242	437	20
242	480	20
242	309	19.875
242	385	19.875
242	454	19.875
242	360	19.75
242	446	19.75
242	430	19.625
242	469	19.625
242	478	19.625
242	474	19.5
242	349	19.375
242	355	19.375
242	479	19.375
242	368	19.25
242	374	19.25
242	458	19.25
242	466	19.25
242	472	19.25
242	516	19.25
242	521	19.25
242	654	19.25
242	1786	19.125
242	367	19.125
242	380	19.125
242	491	19.125
242	2239	19
242	452	19
242	457	19
242	463	19
242	481	19
242	482	19
242	483	19
242	601	19
242	1015	18.875
242	139	18.875
242	428	18.875
242	613	18.875
242	1017	18.75
242	2170	18.75
242	530	18.75
242	561	18.75
242	569	18.75
242	604	18.75
242	2168	18.625
242	434	18.625
242	317	18.5
242	328	18.5
242	354	18.5
242	358	18.5
242	412	18.5
242	476	18.5
242	587	18.5
242	643	18.5
242	655	18.5
242	1789	18.375
242	345	18.375
242	348	18.375
242	409	18.375
242	495	18.375
242	523	18.375
242	527	18.375
242	555	18.375
242	580	18.375
242	295	18.25
242	352	18.25
242	362	18.25
242	363	18.25
242	371	18.25
242	460	18.25
242	477	18.25
242	567	18.25
242	608	18.25
242	630	18.25
242	646	18.25
243	2054	21.875
243	2050	21.375
243	1068	21.25
243	2056	21.125
243	1977	21
243	1069	20.5
243	832	20.375
243	2076	20.25
243	1078	20.125
243	1079	20.125
243	1071	20
243	2078	19.875
243	1046	19.5
243	1067	19.5
243	1186	19.5
243	2061	19.5
243	2199	19.375
243	1080	19.125
243	1184	19.125
243	1951	19.125
243	2057	19.125
243	51	19.125
243	833	19.125
243	62	19
243	1180	18.75
243	2072	18.75
243	1070	18.625
243	1997	18.625
243	2098	18.375
243	1072	18.125
243	2066	18.125
243	39	18.125
243	2058	18
243	2079	18
243	31	18
243	50	17.75
243	2055	17.625
243	3	17.5
243	1073	17.125
243	1074	17.125
243	1142	17.125
243	2003	17.125
243	22	17
243	6	17
243	10	16.875
243	1066	16.75
243	2080	16.75
243	1946	16.625
243	43	16.625
243	46	16.625
243	1013	16.375
243	1014	16.375
243	827	16.375
243	995	16.375
243	1992	16.25
243	929	16.25
243	1944	16.125
243	983	16.125
243	1056	16
243	1077	16
243	1185	16
243	2052	16
243	7	16
243	913	15.9375
243	837	15.875
243	1075	15.8125
243	1082	15.8125
243	1118	15.8125
243	1048	15.75
243	1275	15.75
243	2181	15.75
243	233	15.75
243	1055	15.6875
243	1058	15.6875
243	1187	15.6875
243	552	15.6875
243	730	15.6875
243	1	15.625
243	138	15.625
243	15	15.625
243	2175	15.625
243	2200	15.625
243	1933	15.5625
243	1938	15.5625
243	1975	15.5625
243	2075	15.5625
243	738	15.5625
243	1064	15.5
243	2010	15.5
243	275	15.5
243	1081	15.4375
243	1099	15.4375
243	1956	15.4375
243	2053	15.4375
243	40	15.4375
243	56	15.4375
243	771	15.4375
243	1059	15.375
243	1939	15.375
243	2194	15.375
244	2258	26.5
244	2311	26.5
244	727	26.125
244	2266	25.75
244	544	25.375
244	561	25.375
244	513	25
244	587	25
244	1228	24.875
244	2213	24.875
244	512	24.875
244	1111	24.75
244	2082	24.5
244	721	24.5
244	1234	24.375
244	2087	24.375
244	1232	24.25
244	2220	24.25
244	2219	24.125
244	2281	24.125
244	1942	24
244	796	24
244	1967	23.875
244	2086	23.875
244	2172	23.875
244	2260	23.875
244	2305	23.875
244	548	23.875
244	1609	23.75
244	2228	23.75
244	2275	23.75
244	2259	23.625
244	2276	23.625
244	637	23.5
244	987	23.5
244	1082	23.375
244	1223	23.375
244	710	23.375
244	72	23.375
244	1490	23.25
244	1984	23.25
244	2181	23.25
244	2248	23.25
244	838	23.25
244	1233	23.125
244	2011	23.125
244	2191	23.125
244	2212	23.125
244	2217	23.125
244	416	23.125
244	511	23.125
244	756	23.125
244	1220	23
244	1230	23
244	2226	23
244	54	23
244	74	23
244	1199	22.875
244	2091	22.875
244	2192	22.875
244	2225	22.875
244	2277	22.875
244	81	22.875
244	1091	22.75
244	1150	22.75
244	1195	22.75
244	1210	22.75
244	1954	22.75
244	2012	22.75
244	2049	22.75
244	2088	22.75
244	514	22.75
244	808	22.75
244	1053	22.625
244	1198	22.625
244	1201	22.625
244	134	22.625
244	1382	22.625
244	2084	22.625
244	2269	22.625
244	443	22.625
244	1023	22.5
244	1036	22.5
244	1041	22.5
244	1126	22.5
244	2173	22.5
244	2190	22.5
244	221	22.5
244	228	22.5
244	574	22.5
244	985	22.5
244	107	22.375
244	1090	22.375
244	1172	22.375
244	1193	22.375
244	189	22.375
244	233	22.375
244	0	22.25
244	100	22.25
244	1103	22.25
245	1775	20.5
245	1953	19.375
245	1776	18.875
245	1769	18.25
245	1942	18.25
245	1215	17.875
245	2236	17.875
245	709	17.875
245	142	17.75
245	687	17.75
245	704	17.75
245	1934	17.5
245	2206	17.5
245	715	17.5
245	72	17.5
245	741	17.5
245	941	17.5
245	1148	17.375
245	1170	17.375
245	1195	17.375
245	1761	17.375
245	1762	17.375
245	688	17.375
245	724	17.375
245	938	17.375
245	1010	17.25
245	1168	17.25
245	1172	17.25
245	1175	17.25
245	1784	17.25
245	100	17.125
245	1173	17.125
245	188	17.125
245	2163	17.125
245	70	17.125
245	1000	17
245	1001	17
245	1198	17
245	1209	17
245	160	17
245	1922	17
245	2151	17
245	2167	17
245	229	17
245	700	17
245	705	17
245	725	17
245	1022	16.875
245	1155	16.875
245	1217	16.875
245	141	16.875
245	1759	16.875
245	179	16.875
245	1946	16.875
245	2154	16.875
245	2245	16.875
245	228	16.875
245	731	16.875
245	805	16.875
245	906	16.875
245	96	16.875
245	1153	16.75
245	1225	16.75
245	1954	16.75
245	2089	16.75
245	2150	16.75
245	2165	16.75
245	557	16.75
245	729	16.75
245	75	16.75
245	814	16.75
245	922	16.75
245	983	16.75
245	1013	16.625
245	1144	16.625
245	1149	16.625
245	1174	16.625
245	1246	16.625
245	134	16.625
245	135	16.625
245	2166	16.625
245	2221	16.625
245	561	16.625
245	677	16.625
245	905	16.625
245	1152	16.5
245	118	16.5
245	173	16.5
245	175	16.5
245	1766	16.5
245	18	16.5
245	1959	16.5
245	2090	16.5
245	215	16.5
245	217	16.5
245	2278	16.5
245	942	16.5
245	997	16.5
245	0	16.375
245	1145	16.375
246	1002	22.125
246	954	22.125
246	1763	22
246	2152	21.75
246	133	21.625
246	945	21.125
246	944	20.875
246	1133	20.625
246	1132	20.25
246	1126	20.125
246	1001	20
246	1135	20
246	955	20
246	1134	19.875
246	930	19.75
246	1000	19.625
246	148	19.625
246	2151	19.625
246	1208	19.5
246	155	19.5
246	1761	19.5
246	950	19.5
246	1143	19.375
246	143	19.375
246	1762	19.375
246	2150	19.25
246	946	19.25
246	1003	19.125
246	943	19.125
246	958	19.125
246	1175	19
246	1779	19
246	719	19
246	947	19
246	957	19
246	154	18.875
246	2166	18.875
246	1009	18.75
246	1764	18.75
246	2159	18.75
246	949	18.75
246	114	18.625
246	116	18.625
246	1248	18.625
246	972	18.625
246	1013	18.5
246	1769	18.5
246	2242	18.5
246	971	18.5
246	1059	18.375
246	1159	18.375
246	1164	18.375
246	141	18.375
246	1772	18.375
246	2153	18.375
246	96	18.375
246	1015	18.25
246	1158	18.25
246	134	18.25
246	1786	18.25
246	188	18.25
246	2252	18.25
246	813	18.25
246	941	18.25
246	1079	18.125
246	1174	18.125
246	2056	18.125
246	2244	18.125
246	2290	18.125
246	742	18.125
246	1148	18
246	1259	18
246	2240	18
246	693	18
246	937	18
246	1131	17.875
246	1136	17.875
246	1784	17.875
246	2158	17.875
246	557	17.875
246	1172	17.75
246	1179	17.75
246	1198	17.75
246	1254	17.75
246	1292	17.75
246	1766	17.75
246	1781	17.75
246	1787	17.75
246	2169	17.75
246	687	17.75
246	697	17.75
246	942	17.75
246	1154	17.625
246	1184	17.625
246	150	17.625
246	153	17.625
246	1771	17.625
246	2090	17.625
246	2165	17.625
246	704	17.625
247	1715	18.5
247	1712	16.875
247	1716	16.875
247	1383	16.75
247	1714	16.75
247	1313	16
247	1709	15.9375
247	1459	15.5
247	1722	15.3125
247	1497	15.25
247	1107	15.0625
247	365	15.0625
247	1412	14.9375
247	1710	14.9375
247	1402	14.875
247	1718	14.875
247	1325	14.8125
247	1721	14.8125
247	1659	14.75
247	304	14.75
247	324	14.75
247	1482	14.6875
247	1569	14.625
247	1717	14.625
247	1719	14.5625
247	1594	14.5
247	1063	14.4375
247	1481	14.375
247	43	14.375
247	1075	14.3125
247	1419	14.3125
247	1720	14.3125
247	299	14.3125
247	1455	14.25
247	1479	14.25
247	1354	14.1875
247	1424	14.1875
247	1565	14.1875
247	1682	14.1875
247	2192	14.1875
247	638	14.1875
247	824	14.1875
247	1307	14.125
247	1670	14.125
247	1706	14.125
247	1337	14.0625
247	1385	14.0625
247	1425	14.0625
247	1460	14.0625
247	1498	14.0625
247	1509	14.0625
247	1512	14.0625
247	1701	14.0625
247	308	14.0625
247	1461	14
247	1571	14
247	1681	14
247	1705	14
247	337	14
247	1458	13.9375
247	210	13.9375
247	317	13.9375
247	1318	13.875
247	1409	13.875
247	1634	13.875
247	1711	13.875
247	1349	13.8125
247	1401	13.8125
247	1707	13.8125
247	1723	13.8125
247	303	13.8125
247	1323	13.75
247	1376	13.75
247	1408	13.75
247	1426	13.75
247	1504	13.75
247	1524	13.75
247	367	13.75
247	978	13.75
247	994	13.75
247	1308	13.6875
247	1582	13.6875
247	1973	13.6875
247	1416	13.625
247	1429	13.625
247	1474	13.625
247	448	13.625
247	539	13.625
247	1356	13.5625
247	1439	13.5625
247	306	13.5625
247	361	13.5625
247	397	13.5625
247	544	13.5625
247	653	13.5625
247	1082	13.5
247	1184	13.5
247	1317	13.5
247	1320	13.5
247	1421	13.5
248	128	20.875
248	145	19.375
248	143	18.75
248	165	18.75
248	166	18.625
248	927	18.375
248	123	18.25
248	149	18.125
248	127	17.75
248	938	17.75
248	956	17.75
248	958	17.75
248	114	17.625
248	1159	17.625
248	150	17.625
248	160	17.625
248	954	17.625
248	1143	17.5
248	1158	17.5
248	1166	17.5
248	135	17.5
248	689	17.5
248	972	17.5
248	1146	17.375
248	1173	17.375
248	963	17.375
248	1134	17.25
248	1151	17.25
248	142	17.25
248	719	17.25
248	937	17.25
248	1138	17.125
248	1174	17.125
248	124	17.125
248	965	17.125
248	973	17.125
248	1125	17
248	1127	17
248	1207	17
248	146	17
248	154	17
248	157	17
248	159	17
248	704	17
248	950	17
248	961	17
248	967	17
248	1144	16.875
248	134	16.875
248	1949	16.875
248	696	16.875
248	1149	16.75
248	1161	16.75
248	1164	16.75
248	141	16.75
248	700	16.75
248	709	16.75
248	718	16.75
248	913	16.75
248	939	16.75
248	955	16.75
248	957	16.75
248	1175	16.625
248	1208	16.625
248	699	16.625
248	75	16.625
248	969	16.625
248	118	16.5
248	932	16.5
248	959	16.5
248	971	16.5
248	139	16.375
248	2116	16.375
248	686	16.375
248	728	16.375
248	964	16.375
248	966	16.375
248	970	16.375
248	1160	16.25
248	1168	16.25
248	948	16.25
248	951	16.25
248	1148	16.125
248	156	16.125
248	158	16.125
248	228	16.125
248	684	16.125
248	721	16.125
248	962	16.125
248	1135	16
248	1156	16
248	1167	16
248	1950	16
248	724	16
248	138	15.9375
248	725	15.9375
248	733	15.9375
248	928	15.875
248	161	15.8125
248	1836	15.8125
249	1213	21.5
249	2266	21.375
249	2263	20.875
249	1214	20.75
249	2264	20.5
249	2265	20.5
249	2261	18.875
249	2262	18.25
249	1262	17.75
249	2116	17.5
249	1266	17.375
249	2106	17.375
249	2108	17.375
249	2282	17.375
249	2109	17.25
249	2111	17.25
249	1028	17.125
249	1254	17.125
249	1165	16.875
249	188	16.875
249	2270	16.875
249	2273	16.875
249	98	16.875
249	1264	16.75
249	2258	16.75
249	1030	16.375
249	1200	16.375
249	1270	16.375
249	1282	16.375
249	2107	16.375
249	1026	16.25
249	2274	16.25
249	2275	16.25
249	75	16.25
249	1034	16.125
249	1775	16.125
249	715	16.125
249	813	16.125
249	1217	16
249	1256	16
249	2089	16
249	2191	16
249	914	16
249	1869	15.9375
249	1038	15.8125
249	2260	15.8125
249	557	15.8125
249	1248	15.75
249	1261	15.75
249	796	15.75
249	1040	15.6875
249	1054	15.6875
249	1103	15.6875
249	1239	15.6875
249	1303	15.6875
249	712	15.6875
249	1290	15.625
249	207	15.625
249	392	15.625
249	756	15.625
249	1246	15.5625
249	1250	15.5625
249	2038	15.5625
249	768	15.5625
249	106	15.5
249	1091	15.5
249	1172	15.5
249	1195	15.5
249	193	15.5
249	198	15.5
249	670	15.5
249	795	15.5
249	1260	15.4375
249	1268	15.4375
249	1276	15.4375
249	1654	15.4375
249	2048	15.4375
249	2086	15.4375
249	2150	15.4375
249	2269	15.4375
249	765	15.4375
249	1102	15.375
249	1283	15.375
249	1304	15.375
249	1652	15.375
249	2203	15.375
249	334	15.375
249	513	15.375
249	96	15.375
249	1272	15.3125
249	1278	15.3125
249	1656	15.3125
249	203	15.3125
249	2259	15.3125
249	253	15.3125
249	703	15.3125
249	1170	15.25
249	1187	15.25
249	1234	15.25
249	1265	15.25
250	386	21.5
250	345	21.25
250	491	21.25
250	1760	21.125
250	492	21.125
250	341	21
250	389	21
250	385	20.875
250	1765	20.75
250	514	20.75
250	388	20.625
250	538	20.625
250	1675	20.5
250	2149	20.5
250	598	20.5
250	1004	20.375
250	335	20.375
250	511	20.375
250	999	20.375
250	2090	20.25
250	337	20.25
250	487	20.25
250	516	20.25
250	517	20.25
250	334	20.125
250	336	19.875
250	617	19.875
250	486	19.75
250	552	19.75
250	1784	19.625
250	331	19.625
250	420	19.625
250	508	19.625
250	510	19.625
250	544	19.625
250	549	19.625
250	550	19.625
250	622	19.625
250	1337	19.5
250	2201	19.5
250	293	19.5
250	301	19.5
250	315	19.5
250	578	19.5
250	611	19.5
250	1611	19.375
250	1991	19.375
250	2154	19.375
250	362	19.375
250	383	19.375
250	505	19.375
250	515	19.375
250	300	19.25
250	302	19.25
250	541	19.25
250	632	19.25
250	100	19.125
250	1013	19.125
250	1609	19.125
250	1689	19.125
250	394	19.125
250	414	19.125
250	448	19.125
250	512	19.125
250	525	19.125
250	620	19.125
250	624	19.125
250	2010	19
250	2222	19
250	426	19
250	1464	18.875
250	1669	18.875
250	1980	18.875
250	2223	18.875
250	393	18.875
250	413	18.875
250	416	18.875
250	419	18.875
250	1038	18.75
250	1526	18.75
250	1553	18.75
250	1687	18.75
250	1701	18.75
250	1750	18.75
250	1992	18.75
250	400	18.75
250	421	18.75
250	437	18.75
250	494	18.75
250	545	18.75
250	572	18.75
250	585	18.75
250	606	18.75
250	607	18.75
250	621	18.75
250	628	18.75
250	1468	18.625
250	1481	18.625
250	401	18.625
250	411	18.625
251	615	17.5
251	453	15.8125
251	614	15
251	643	14.9375
251	297	14.5
251	470	14.3125
251	456	14.25
251	570	14.0625
251	545	13.875
251	631	13.875
251	637	13.875
251	455	13.8125
251	374	13.75
251	457	13.75
251	479	13.75
251	469	13.6875
251	556	13.6875
251	434	13.625
251	450	13.625
251	472	13.625
251	475	13.625
251	607	13.625
251	332	13.5625
251	339	13.5625
251	581	13.5
251	630	13.5
251	295	13.4375
251	454	13.4375
251	571	13.4375
251	362	13.375
251	365	13.375
251	468	13.375
251	603	13.375
251	610	13.375
251	484	13.3125
251	569	13.3125
251	577	13.3125
251	613	13.3125
251	341	13.25
251	360	13.25
251	373	13.25
251	446	13.25
251	452	13.25
251	525	13.25
251	595	13.25
251	601	13.25
251	474	13.1875
251	481	13.1875
251	608	13.1875
251	627	13.1875
251	356	13.125
251	427	13.125
251	447	13.125
251	448	13.125
251	495	13.125
251	539	13.125
251	563	13.125
251	605	13.125
251	285	13.0625
251	367	13.0625
251	449	13.0625
251	458	13.0625
251	503	13.0625
251	530	13.0625
251	602	13.0625
251	604	13.0625
251	622	13.0625
251	286	13
251	312	13
251	342	13
251	348	13
251	350	13
251	372	13
251	521	13
251	352	12.9375
251	381	12.9375
251	517	12.9375
251	335	12.875
251	351	12.875
251	384	12.875
251	430	12.875
251	459	12.875
251	460	12.875
251	466	12.875
251	580	12.875
251	651	12.875
251	358	12.8125
251	437	12.8125
251	412	12.75
251	433	12.75
251	471	12.75
251	552	12.75
251	578	12.75
251	579	12.75
251	370	12.6875
251	467	12.6875
251	483	12.6875
251	538	12.6875
251	1391	12.625
251	290	12.625
252	1412	17.625
252	1422	17.5
252	1414	16.75
252	1484	16.75
252	1424	16.5
252	1427	16.5
252	1420	16.375
252	1419	16.25
252	1425	16.25
252	1426	16.25
252	1411	16
252	1724	16
252	1307	15.875
252	1416	15.75
252	1410	15.6875
252	1428	15.375
252	1689	15.375
252	1341	15.3125
252	1423	15.3125
252	1609	15.3125
252	1601	15.25
252	1680	15.1875
252	1430	15.125
252	1473	15.125
252	1378	15.0625
252	1563	15.0625
252	1311	14.9375
252	1421	14.9375
252	1610	14.9375
252	1613	14.9375
252	1367	14.875
252	1585	14.875
252	1615	14.875
252	1349	14.8125
252	1415	14.8125
252	1531	14.8125
252	1641	14.8125
252	1336	14.75
252	1366	14.75
252	1549	14.75
252	1413	14.6875
252	1529	14.6875
252	1602	14.6875
252	1740	14.6875
252	1753	14.6875
252	1326	14.625
252	1434	14.625
252	1555	14.625
252	1334	14.5625
252	1340	14.5625
252	1373	14.5625
252	1431	14.5625
252	1569	14.5625
252	1608	14.5625
252	1671	14.5625
252	1348	14.5
252	1440	14.5
252	1517	14.5
252	1540	14.5
252	1690	14.5
252	1524	14.4375
252	1588	14.4375
252	1598	14.4375
252	1638	14.4375
252	1652	14.4375
252	1669	14.4375
252	1748	14.4375
252	1328	14.375
252	1492	14.375
252	1332	14.3125
252	1368	14.3125
252	1480	14.3125
252	1500	14.3125
252	1642	14.3125
252	1339	14.25
252	1551	14.25
252	1653	14.25
252	1679	14.25
252	1358	14.1875
252	1490	14.1875
252	1504	14.1875
252	1532	14.1875
252	1558	14.1875
252	1583	14.1875
252	1593	14.1875
252	1644	14.1875
252	1429	14.125
252	1506	14.125
252	1636	14.125
252	1686	14.125
252	1754	14.125
252	1347	14.0625
252	1369	14.0625
252	1461	14.0625
252	1507	14.0625
252	1560	14.0625
252	1616	14.0625
252	1633	14.0625
252	1362	14
252	1370	14
253	370	16.125
253	371	15.6875
253	374	15.6875
253	372	15.0625
253	377	15
253	379	14.75
253	516	14.75
253	369	14.375
253	559	14.375
253	310	14.3125
253	536	14.125
253	1761	14.0625
253	1769	14.0625
253	1766	13.8125
253	416	13.8125
253	443	13.8125
253	389	13.75
253	513	13.75
253	583	13.75
253	700	13.75
253	378	13.625
253	481	13.625
253	490	13.625
253	2244	13.5625
253	335	13.5625
253	538	13.5625
253	312	13.5
253	337	13.5
253	571	13.5
253	638	13.5
253	1990	13.4375
253	245	13.4375
253	348	13.4375
253	567	13.4375
253	1190	13.375
253	1259	13.375
253	129	13.3125
253	336	13.3125
253	347	13.3125
253	539	13.3125
253	1419	13.25
253	345	13.25
253	471	13.25
253	521	13.25
253	525	13.25
253	544	13.25
253	573	13.25
253	1266	13.1875
253	1474	13.1875
253	301	13.1875
253	322	13.1875
253	510	13.1875
253	1225	13.125
253	1760	13.125
253	328	13.125
253	444	13.125
253	515	13.125
253	568	13.125
253	586	13.125
253	604	13.125
253	1762	13.0625
253	297	13.0625
253	495	13.0625
253	527	13.0625
253	557	13.0625
253	846	13.0625
253	1033	13
253	555	13
253	561	13
253	65	13
253	848	13
253	590	12.9375
253	1361	12.875
253	1513	12.875
253	323	12.875
253	354	12.875
253	587	12.875
253	601	12.875
253	1369	12.8125
253	236	12.8125
253	375	12.8125
253	449	12.8125
253	578	12.8125
253	581	12.8125
253	605	12.8125
253	805	12.8125
253	926	12.8125
253	1013	12.75
253	1238	12.75
253	148	12.75
253	1519	12.75
253	326	12.75
253	327	12.75
253	366	12.75
253	397	12.75
253	401	12.75
253	405	12.75
253	475	12.75
253	517	12.75
253	2237	12.6875
254	1123	11.0625
254	1154	10.5625
254	1229	10.5
254	2245	10.5
254	1786	10.3125
254	330	10.3125
254	1790	10.1875
254	1928	10.1875
254	1172	10.125
254	1204	10.125
254	2138	10.125
254	2253	10.125
254	2306	10.125
254	715	10.125
254	813	10.125
254	1019	10.0625
254	1151	10.0625
254	1294	10.0625
254	157	10.0625
254	1774	10.0625
254	1951	10.0625
254	2084	10.0625
254	2089	10.0625
254	2240	10.0625
254	1236	10
254	1833	10
254	1930	10
254	1958	10
254	2081	10
254	2231	10
254	1184	9.9375
254	1188	9.9375
254	1217	9.9375
254	1234	9.9375
254	2082	9.9375
254	2201	9.9375
254	228	9.9375
254	241	9.9375
254	725	9.9375
254	1010	9.875
254	1020	9.875
254	111	9.875
254	1131	9.875
254	1201	9.875
254	159	9.875
254	1757	9.875
254	1771	9.875
254	1772	9.875
254	1820	9.875
254	1965	9.875
254	210	9.875
254	2105	9.875
254	211	9.875
254	2165	9.875
254	2308	9.875
254	695	9.875
254	714	9.875
254	1165	9.8125
254	1211	9.8125
254	1758	9.8125
254	1849	9.8125
254	1950	9.8125
254	2022	9.8125
254	2116	9.8125
254	2148	9.8125
254	2312	9.8125
254	939	9.8125
254	960	9.8125
254	998	9.8125
254	1111	9.75
254	1113	9.75
254	1239	9.75
254	1255	9.75
254	1770	9.75
254	1789	9.75
254	1837	9.75
254	1854	9.75
254	1926	9.75
254	1929	9.75
254	1949	9.75
254	1966	9.75
254	2107	9.75
254	2118	9.75
254	2162	9.75
254	2191	9.75
254	2227	9.75
254	2256	9.75
254	2277	9.75
254	2283	9.75
254	2311	9.75
254	769	9.75
254	789	9.75
254	997	9.75
254	1006	9.6875
254	1007	9.6875
254	1017	9.6875
254	1100	9.6875
254	1158	9.6875
254	1214	9.6875
254	1215	9.6875
255	165	14.3125
255	686	13.625
255	156	13.5625
255	166	13.3125
255	691	13.0625
255	697	13.0625
255	143	12.9375
255	694	12.9375
255	119	12.875
255	972	12.875
255	2113	12.8125
255	1132	12.75
255	2221	12.75
255	932	12.75
255	1127	12.6875
255	136	12.6875
255	137	12.6875
255	1774	12.625
255	936	12.625
255	690	12.5625
255	926	12.5625
255	927	12.5625
255	131	12.5
255	118	12.4375
255	1259	12.4375
255	163	12.375
255	1924	12.375
255	928	12.375
255	125	12.3125
255	148	12.3125
255	1135	12.25
255	129	12.25
255	1174	12.1875
255	130	12.1875
255	930	12.1875
255	933	12.1875
255	969	12.1875
255	114	12.125
255	1059	12.0625
255	112	12.0625
255	133	12.0625
255	139	12.0625
255	1897	12.0625
255	692	12.0625
255	934	12.0625
255	121	12
255	1917	12
255	833	12
255	1128	11.9375
255	1766	11.9375
255	2292	11.9375
255	700	11.9375
255	718	11.9375
255	1145	11.875
255	1784	11.875
255	2006	11.875
255	935	11.875
255	956	11.875
255	1154	11.8125
255	1219	11.8125
255	1242	11.8125
255	1765	11.8125
255	1768	11.8125
255	2000	11.8125
255	2306	11.8125
255	92	11.8125
255	950	11.8125
255	1763	11.75
255	1771	11.75
255	1789	11.75
255	1931	11.75
255	730	11.75
255	731	11.75
255	931	11.75
255	978	11.75
255	1008	11.6875
255	110	11.6875
255	1759	11.6875
255	2291	11.6875
255	240	11.6875
255	1236	11.625
255	1239	11.625
255	127	11.625
255	1975	11.625
255	2114	11.625
255	2203	11.625
255	246	11.625
255	52	11.625
255	796	11.625
255	1922	11.5625
255	1972	11.5625
255	805	11.5625
255	954	11.5625
255	1015	11.5
255	1038	11.5
255	1087	11.5
255	113	11.5
255	1189	11.5
255	1764	11.5
255	1773	11.5
256	1937	27.25
256	840	27.25
256	1986	27.125
256	990	27.125
256	2017	26.875
256	231	25.875
256	2093	25.25
256	48	25.125
256	56	25
256	1086	24.625
256	2196	24.625
256	45	24.5
256	2059	24
256	2069	24
256	843	23
256	2019	22.875
256	2074	22.875
256	2018	22.5
256	88	22.5
256	89	22.5
256	991	22.25
256	1987	22.125
256	842	22.125
256	1220	21.75
256	58	21.75
256	2079	20.75
256	1991	20.625
256	2010	20.5
256	1992	20.25
256	43	20.125
256	833	19.875
256	1013	19.75
256	1073	19.75
256	1075	19.75
256	50	19.75
256	2195	19.625
256	1554	19.5
256	1990	19.5
256	2016	19.5
256	2194	19.5
256	1042	19.375
256	1097	19.25
256	1703	19.25
256	1562	19.125
256	846	19.125
256	1033	19
256	68	19
256	2073	18.875
256	1428	18.75
256	1430	18.75
256	1514	18.75
256	1669	18.75
256	1997	18.75
256	40	18.75
256	1190	18.625
256	1325	18.625
256	1378	18.625
256	1399	18.625
256	1440	18.625
256	1331	18.5
256	1946	18.5
256	1984	18.5
256	2184	18.5
256	233	18.5
256	100	18.375
256	1312	18.375
256	1330	18.375
256	1082	18.25
256	1184	18.25
256	1326	18.25
256	1526	18.25
256	2181	18.25
256	34	18.25
256	1558	18.125
256	1765	18.125
256	1784	18.125
256	2176	18.125
256	2237	18.125
256	2239	18.125
256	1050	18
256	1337	18
256	2070	18
256	2174	18
256	2250	18
256	838	18
256	1081	17.875
256	1481	17.875
256	1513	17.875
256	1647	17.875
256	1923	17.875
256	511	17.875
256	513	17.875
256	835	17.875
256	984	17.875
256	1064	17.75
256	1099	17.75
256	1328	17.75
256	1416	17.75
256	1462	17.75
256	192	17.75
257	1254	16.5
257	188	16.25
257	731	16.125
257	910	16
257	1953	15.875
257	1954	15.875
257	1246	15.8125
257	2312	15.8125
257	160	15.75
257	100	15.6875
257	1103	15.6875
257	74	15.6875
257	82	15.6875
257	1253	15.625
257	187	15.625
257	245	15.625
257	1172	15.5625
257	1239	15.5625
257	1942	15.5625
257	2239	15.5625
257	70	15.5625
257	2248	15.5
257	2261	15.5
257	1102	15.4375
257	1216	15.4375
257	2089	15.4375
257	1005	15.375
257	1170	15.375
257	248	15.375
257	60	15.375
257	703	15.375
257	917	15.375
257	1199	15.3125
257	1204	15.3125
257	1214	15.3125
257	1226	15.3125
257	190	15.3125
257	198	15.3125
257	920	15.3125
257	1121	15.25
257	1198	15.25
257	1276	15.25
257	2090	15.25
257	704	15.25
257	707	15.25
257	749	15.25
257	1118	15.1875
257	1168	15.1875
257	1217	15.1875
257	833	15.1875
257	93	15.1875
257	196	15.125
257	2024	15.125
257	2085	15.125
257	729	15.125
257	835	15.125
257	96	15.125
257	1120	15.0625
257	1153	15.0625
257	1200	15.0625
257	1215	15.0625
257	169	15.0625
257	1765	15.0625
257	1775	15.0625
257	2111	15.0625
257	2191	15.0625
257	2206	15.0625
257	221	15.0625
257	2228	15.0625
257	2269	15.0625
257	243	15.0625
257	678	15.0625
257	715	15.0625
257	756	15.0625
257	85	15.0625
257	921	15.0625
257	922	15.0625
257	982	15.0625
257	1140	15
257	1234	15
257	1303	15
257	1759	15
257	2086	15
257	2154	15
257	2165	15
257	2241	15
257	273	15
257	802	15
257	913	15
257	923	15
257	1034	14.9375
257	1183	14.9375
257	1769	14.9375
257	186	14.9375
257	1876	14.9375
257	2190	14.9375
257	2258	14.9375
257	72	14.9375
257	721	14.9375
257	725	14.9375
258	2076	14.375
258	2050	14.125
258	1071	14.0625
258	1046	14
258	1977	14
258	2061	14
258	2199	14
258	1067	13.9375
258	832	13.875
258	1069	13.75
258	2078	13.6875
258	1951	13.5
258	2058	13.5
258	833	13.5
258	1070	13.4375
258	1184	13.4375
258	1186	13.4375
258	2054	13.4375
258	1068	13.375
258	1072	13.3125
258	51	13.3125
258	2056	13.1875
258	62	13.1875
258	2072	13.125
258	1066	13
258	1180	12.9375
258	2079	12.9375
258	1080	12.875
258	1997	12.875
258	2057	12.875
258	2098	12.875
258	31	12.75
258	1078	12.6875
258	2055	12.5
258	22	12.5
258	6	12.375
258	416	12.3125
258	10	12.25
258	2066	12.25
258	39	12.25
258	1073	12
258	1142	12
258	3	11.875
258	1079	11.8125
258	46	11.75
258	1946	11.5
258	533	11.5
258	1975	11.3125
258	1682	11.25
258	2175	11.25
258	7	11.25
258	1048	11.1875
258	1058	11.1875
258	827	11.1875
258	43	11.125
258	445	11.125
258	50	11.125
258	1992	11.0625
258	1014	11
258	233	11
258	1394	10.9375
258	544	10.9375
258	1051	10.875
258	1454	10.8125
258	585	10.8125
258	1369	10.75
258	1370	10.6875
258	1593	10.6875
258	1667	10.6875
258	1670	10.6875
258	1721	10.6875
258	2178	10.6875
258	537	10.6875
258	1473	10.625
258	330	10.625
258	508	10.625
258	541	10.625
258	1037	10.5625
258	1275	10.5625
258	1547	10.5625
258	1755	10.5625
258	1979	10.5625
258	1981	10.5625
258	2003	10.5625
258	380	10.5625
258	771	10.5625
258	1189	10.5
258	361	10.5
258	369	10.5
258	829	10.5
258	836	10.5
258	1049	10.4375
258	1542	10.4375
258	1687	10.4375
258	1709	10.4375
258	2015	10.4375
258	618	10.4375
258	929	10.4375
258	1329	10.375
258	1331	10.375
259	60	22.625
259	731	22
259	1198	21.875
259	344	21.875
259	1776	21.75
259	938	21.75
259	1106	21.625
259	2146	21.625
259	1775	21.5
259	1178	21.375
259	1200	21.375
259	1113	21.25
259	216	21.25
259	2206	21.25
259	2223	21.25
259	1941	21.125
259	1975	21.125
259	2192	21.125
259	96	21.125
259	1913	21
259	808	21
259	958	21
259	1010	20.875
259	180	20.875
259	904	20.875
259	1654	20.75
259	1934	20.75
259	2132	20.75
259	541	20.75
259	1111	20.625
259	1114	20.625
259	1186	20.625
259	1691	20.625
259	1782	20.625
259	678	20.625
259	980	20.625
259	1183	20.5
259	1208	20.5
259	1246	20.5
259	1681	20.5
259	1751	20.5
259	208	20.5
259	324	20.5
259	826	20.5
259	837	20.5
259	98	20.5
259	1213	20.375
259	1340	20.375
259	168	20.375
259	1881	20.375
259	1882	20.375
259	1974	20.375
259	217	20.375
259	2216	20.375
259	534	20.375
259	961	20.375
259	983	20.375
259	1179	20.25
259	1187	20.25
259	1217	20.25
259	1239	20.25
259	1426	20.25
259	1683	20.25
259	1688	20.25
259	1942	20.25
259	1979	20.25
259	2124	20.25
259	2222	20.25
259	2252	20.25
259	229	20.25
259	514	20.25
259	538	20.25
259	572	20.25
259	829	20.25
259	1058	20.125
259	1148	20.125
259	1329	20.125
259	1351	20.125
259	1524	20.125
259	1531	20.125
259	1540	20.125
259	1641	20.125
259	1652	20.125
259	167	20.125
259	1752	20.125
259	2261	20.125
259	2311	20.125
259	313	20.125
259	401	20.125
259	530	20.125
259	554	20.125
259	631	20.125
259	893	20.125
259	1023	20
259	1075	20
259	1092	20
259	1164	20
259	1391	20
259	1423	20
259	1608	20
260	1629	15.1875
260	1632	15.125
260	1627	14.75
260	1625	14.6875
260	1621	14.5625
260	1630	14.4375
260	1631	14.25
260	1623	14.0625
260	1340	13.9375
260	1626	13.5625
260	1486	13.0625
260	1622	13
260	1487	12.9375
260	1496	12.8125
260	1384	12.75
260	1470	12.75
260	1318	12.5
260	1383	12.4375
260	1466	12.4375
260	314	12.375
260	1477	12.3125
260	1485	12.3125
260	1489	12.25
260	1739	12.25
260	1476	12.125
260	1602	12.0625
260	1694	12
260	1402	11.9375
260	1614	11.9375
260	1393	11.875
260	1538	11.875
260	1372	11.8125
260	1373	11.8125
260	1482	11.8125
260	1492	11.8125
260	1426	11.75
260	1435	11.75
260	1480	11.75
260	1737	11.75
260	1363	11.6875
260	1478	11.6875
260	1575	11.6875
260	1603	11.6875
260	1459	11.5625
260	1539	11.5625
260	1577	11.5625
260	1342	11.5
260	1355	11.5
260	1367	11.5
260	1574	11.5
260	1736	11.5
260	655	11.5
260	1347	11.4375
260	1488	11.4375
260	1596	11.4375
260	1685	11.4375
260	1374	11.375
260	324	11.375
260	632	11.375
260	1375	11.3125
260	423	11.3125
260	1423	11.25
260	1473	11.25
260	1494	11.25
260	1356	11.1875
260	1540	11.1875
260	1571	11.1875
260	160	11.1875
260	1385	11.125
260	1500	11.125
260	1601	11.125
260	1649	11.125
260	1680	11.125
260	1324	11.0625
260	1378	11.0625
260	1401	11.0625
260	1439	11.0625
260	1509	11.0625
260	1510	11.0625
260	1590	11.0625
260	353	11.0625
260	1369	11
260	1440	11
260	1460	11
260	1499	11
260	1523	11
260	1530	11
260	1746	11
260	1307	10.9375
260	1320	10.9375
260	1454	10.9375
260	1493	10.9375
260	1502	10.9375
260	1624	10.9375
260	1731	10.9375
260	1735	10.9375
260	1738	10.9375
260	1752	10.9375
260	1348	10.875
260	1354	10.875
261	1292	23.625
261	704	22.125
261	1148	21.25
261	1145	21.125
261	674	21.125
261	1131	21
261	547	20.875
261	1174	20.75
261	139	20.75
261	941	20.75
261	1172	20.5
261	1127	20.375
261	1295	20.25
261	141	20.25
261	427	20.25
261	687	20.125
261	715	20.125
261	1151	20
261	1173	20
261	1283	20
261	709	20
261	1125	19.875
261	1175	19.875
261	158	19.875
261	222	19.875
261	1135	19.75
261	1143	19.75
261	1294	19.75
261	938	19.75
261	954	19.75
261	143	19.625
261	188	19.625
261	541	19.625
261	688	19.625
261	1279	19.5
261	154	19.5
261	548	19.5
261	559	19.5
261	705	19.5
261	929	19.5
261	932	19.5
261	1144	19.375
261	118	19.375
261	138	19.375
261	526	19.375
261	731	19.375
261	1129	19.25
261	121	19.25
261	1778	19.25
261	381	19.25
261	420	19.25
261	560	19.25
261	577	19.25
261	556	19.125
261	722	19.125
261	727	19.125
261	814	19.125
261	1166	19
261	545	19
261	708	19
261	942	19
261	973	19
261	1160	18.875
261	142	18.875
261	552	18.875
261	576	18.875
261	661	18.875
261	695	18.875
261	741	18.875
261	835	18.875
261	940	18.875
261	1164	18.75
261	1280	18.75
261	361	18.75
261	574	18.75
261	585	18.75
261	75	18.75
261	816	18.75
261	1277	18.625
261	130	18.625
261	228	18.625
261	337	18.625
261	553	18.625
261	569	18.625
261	678	18.625
261	834	18.625
261	964	18.625
261	982	18.625
261	1001	18.5
261	1158	18.5
261	1184	18.5
261	1207	18.5
261	1290	18.5
261	1675	18.5
261	344	18.5
261	345	18.5
261	383	18.5
261	397	18.5
261	550	18.5
261	558	18.5
262	2012	17
262	987	17
262	2001	16.875
262	979	16.75
262	233	16.5
262	2000	16.125
262	2005	16.125
262	822	16.125
262	1972	16
262	978	16
262	980	15.875
262	1979	15.625
262	829	15.5625
262	2015	15.5
262	1184	15.25
262	2002	15.1875
262	2097	15.125
262	1185	15.0625
262	1995	15.0625
262	2075	15.0625
262	2200	15.0625
262	1059	15
262	1085	15
262	1164	15
262	2004	15
262	2173	15
262	1094	14.9375
262	140	14.9375
262	984	14.9375
262	1053	14.875
262	1982	14.875
262	2058	14.875
262	2185	14.875
262	702	14.875
262	837	14.875
262	983	14.875
262	1973	14.8125
262	2174	14.8125
262	828	14.8125
262	1045	14.75
262	1975	14.75
262	2073	14.75
262	2198	14.75
262	232	14.75
262	1047	14.6875
262	1092	14.6875
262	1117	14.6875
262	1121	14.6875
262	2192	14.6875
262	684	14.6875
262	835	14.6875
262	1938	14.625
262	2007	14.625
262	2011	14.625
262	985	14.625
262	1	14.5625
262	1057	14.5625
262	1070	14.5625
262	1981	14.5625
262	2197	14.5625
262	821	14.5625
262	986	14.5625
262	1056	14.5
262	1067	14.5
262	1084	14.5
262	1098	14.5
262	1999	14.5
262	2074	14.5
262	2183	14.5
262	63	14.5
262	836	14.5
262	1042	14.4375
262	1046	14.4375
262	1093	14.4375
262	1220	14.4375
262	1949	14.4375
262	2072	14.4375
262	2077	14.4375
262	2199	14.4375
262	34	14.4375
262	1221	14.375
262	1983	14.375
262	2061	14.375
262	2103	14.375
262	23	14.375
262	826	14.375
262	827	14.375
262	832	14.375
262	996	14.375
262	1051	14.3125
262	1081	14.3125
262	1096	14.3125
262	178	14.3125
262	1971	14.3125
262	2054	14.3125
262	2178	14.3125
262	2179	14.3125
262	701	14.3125
262	820	14.3125
262	823	14.3125
263	2082	14.5
263	2219	14.3125
263	2091	14.25
263	1230	13.8125
263	1234	13.8125
263	1233	13.6875
263	2277	13.6875
263	2086	13.625
263	2311	13.625
263	974	13.3125
263	817	12.9375
263	2237	12.25
263	1780	12.1875
263	1012	12.125
263	71	12.125
263	1184	12.0625
263	1226	12.0625
263	1774	12.0625
263	1019	12
263	1768	12
263	2165	12
263	715	12
263	2105	11.9375
263	1199	11.875
263	1854	11.875
263	1911	11.875
263	1958	11.875
263	789	11.875
263	1225	11.8125
263	1790	11.8125
263	2223	11.8125
263	2227	11.8125
263	1172	11.75
263	1294	11.75
263	200	11.75
263	2089	11.75
263	914	11.75
263	1013	11.6875
263	1018	11.6875
263	1220	11.6875
263	1950	11.6875
263	2084	11.6875
263	2240	11.6875
263	1993	11.625
263	2088	11.625
263	2107	11.625
263	1033	11.5625
263	1759	11.5625
263	1763	11.5625
263	1772	11.5625
263	1833	11.5625
263	1951	11.5625
263	2158	11.5625
263	1002	11.5
263	1154	11.5
263	2167	11.5
263	2201	11.5
263	2250	11.5
263	2279	11.5
263	1758	11.4375
263	2081	11.4375
263	2229	11.4375
263	1015	11.375
263	1211	11.375
263	1228	11.375
263	1236	11.375
263	1271	11.375
263	1770	11.375
263	1786	11.375
263	2152	11.375
263	2168	11.375
263	2238	11.375
263	695	11.375
263	1007	11.3125
263	1111	11.3125
263	2160	11.3125
263	2189	11.3125
263	2252	11.3125
263	2305	11.3125
263	908	11.3125
263	1112	11.25
263	1188	11.25
263	155	11.25
263	1789	11.25
263	2148	11.25
263	2170	11.25
263	2270	11.25
263	52	11.25
263	796	11.25
263	944	11.25
263	998	11.25
263	1017	11.1875
263	1212	11.1875
263	1837	11.1875
263	2213	11.1875
263	2255	11.1875
263	1771	11.125
263	1965	11.125
263	2157	11.125
263	241	11.125
264	1069	19.875
264	832	19.375
264	1977	19.25
264	2050	18.875
264	2054	18.75
264	1068	18.625
264	2076	18.625
264	2056	18.25
264	1071	18.125
264	1078	18
264	1080	17.875
264	2057	17.875
264	2078	17.875
264	1079	17.75
264	1951	17.75
264	833	17.75
264	1046	17.625
264	1067	17.625
264	1180	17.625
264	2061	17.625
264	2199	17.625
264	1186	17.5
264	1184	17.375
264	2072	17.25
264	62	17.25
264	1070	17.125
264	1997	17
264	51	17
264	2079	16.875
264	31	16.75
264	2098	16.5
264	2066	16.375
264	50	16.375
264	1072	16.25
264	1073	16.25
264	1142	16.125
264	39	16.125
264	2058	16
264	1014	15.75
264	2003	15.75
264	929	15.625
264	1013	15.5
264	1185	15.5
264	827	15.5
264	1	15.4375
264	10	15.4375
264	2055	15.4375
264	6	15.4375
264	22	15.25
264	1074	15.1875
264	1956	15.1875
264	3	15.1875
264	730	15.125
264	1187	15.0625
264	1975	15.0625
264	40	15.0625
264	995	15.0625
264	2052	15
264	25	15
264	738	15
264	1049	14.9375
264	1077	14.9375
264	121	14.9375
264	1946	14.9375
264	1992	14.9375
264	760	14.9375
264	983	14.9375
264	1055	14.875
264	2177	14.875
264	275	14.875
264	43	14.875
264	7	14.875
264	837	14.875
264	1082	14.8125
264	15	14.8125
264	2080	14.8125
264	46	14.8125
264	2181	14.75
264	233	14.75
264	1048	14.6875
264	1058	14.6875
264	1066	14.625
264	1904	14.625
264	2075	14.625
264	2195	14.625
264	2214	14.625
264	1050	14.5625
264	1874	14.5625
264	1933	14.5625
264	1939	14.5625
264	2175	14.5625
264	2176	14.5625
264	811	14.5625
264	1221	14.5
264	2010	14.5
264	913	14.5
264	1253	14.4375
264	2174	14.4375
264	1065	14.375
264	1075	14.375
265	130	19.75
265	1127	19.5
265	1132	18.875
265	148	18.75
265	116	18
265	131	17.5
265	935	17.25
265	143	16.75
265	133	16.625
265	158	16.625
265	1131	16.375
265	972	16.25
265	1128	16.125
265	956	16.125
265	690	15.8125
265	1145	15.625
265	1174	15.625
265	1129	15.5
265	132	15.5
265	114	15.4375
265	940	15.375
265	1130	15.25
265	118	15.125
265	139	15.125
265	932	15.125
265	928	15.0625
265	934	15
265	930	14.9375
265	1125	14.75
265	156	14.5625
265	119	14.375
265	129	14.375
265	1931	14.375
265	927	14.375
265	163	14.3125
265	929	14.3125
265	115	14.125
265	144	14.125
265	146	14.125
265	661	14.125
265	1992	14
265	722	14
265	1159	13.9375
265	380	13.9375
265	154	13.8125
265	2165	13.8125
265	1143	13.75
265	1728	13.75
265	1920	13.75
265	931	13.75
265	942	13.75
265	127	13.6875
265	1722	13.6875
265	524	13.6875
265	697	13.6875
265	969	13.6875
265	1208	13.625
265	691	13.625
265	1135	13.5625
265	150	13.5625
265	1706	13.5625
265	1784	13.5
265	727	13.5
265	963	13.5
265	1126	13.4375
265	124	13.4375
265	1711	13.4375
265	2170	13.4375
265	526	13.4375
265	121	13.375
265	2150	13.375
265	686	13.375
265	1381	13.3125
265	1709	13.3125
265	947	13.3125
265	1017	13.25
265	1714	13.25
265	1716	13.25
265	1718	13.25
265	513	13.25
265	693	13.25
265	1134	13.1875
265	1710	13.1875
265	1762	13.1875
265	950	13.1875
265	138	13.125
265	1392	13.125
265	1523	13.125
265	946	13.125
265	954	13.125
265	1583	13.0625
265	1717	13.0625
265	1789	13.0625
265	943	13.0625
265	117	13
265	1173	13
265	1219	13
265	1648	13
265	1713	13
265	1715	13
266	1006	16.875
266	1580	16.625
266	1768	16.5
266	1007	16.375
266	1226	16.375
266	2157	16.375
266	1770	16
266	2156	15.875
266	1788	15.625
266	1778	15.5
266	2177	15.5
266	1050	15.4375
266	2176	15.4375
266	1049	15.375
266	1142	15.375
266	1734	15.375
266	70	15.375
266	1579	15.3125
266	791	15.3125
266	1784	15.25
266	1724	15.125
266	1785	15.125
266	1414	15.0625
266	1319	15
266	2074	15
266	1036	14.875
266	1482	14.875
266	1628	14.875
266	888	14.875
266	1381	14.8125
266	1581	14.8125
266	1709	14.8125
266	1317	14.625
266	1617	14.625
266	2209	14.625
266	1055	14.5625
266	730	14.5625
266	1582	14.5
266	1701	14.5
266	1721	14.5
266	1082	14.4375
266	1274	14.4375
266	1361	14.4375
266	1640	14.4375
266	1703	14.4375
266	1331	14.375
266	1478	14.375
266	1684	14.375
266	197	14.375
266	2181	14.375
266	304	14.375
266	512	14.375
266	1315	14.3125
266	1723	14.3125
266	1428	14.25
266	1712	14.25
266	1321	14.1875
266	1584	14.1875
266	1595	14.1875
266	1673	14.1875
266	1699	14.1875
266	1743	14.1875
266	21	14.1875
266	814	14.1875
266	1377	14.125
266	1471	14.125
266	1713	14.125
266	1720	14.125
266	1904	14.125
266	1014	14.0625
266	1320	14.0625
266	1330	14.0625
266	1349	14.0625
266	1366	14.0625
266	1427	14.0625
266	1651	14.0625
266	2020	14.0625
266	847	14.0625
266	1037	14
266	1359	14
266	1430	14
266	1606	14
266	1662	14
266	1989	14
266	352	14
266	1327	13.9375
266	1383	13.9375
266	1529	13.9375
266	1563	13.9375
266	1570	13.9375
266	1711	13.9375
266	2067	13.9375
266	2233	13.9375
266	2248	13.9375
266	2253	13.9375
266	845	13.9375
266	1312	13.875
266	1440	13.875
266	1609	13.875
266	1404	13.8125
267	2266	14.0625
267	106	13.125
267	1231	13.125
267	264	13.125
267	2012	12.9375
267	2278	12.9375
267	1192	12.8125
267	1276	12.8125
267	2259	12.8125
267	2277	12.8125
267	275	12.8125
267	2258	12.75
267	249	12.625
267	1177	12.5625
267	1205	12.5625
267	1230	12.5625
267	1260	12.5625
267	276	12.5625
267	838	12.5625
267	987	12.5625
267	195	12.5
267	1984	12.5
267	199	12.5
267	94	12.5
267	1182	12.4375
267	1867	12.4375
267	2275	12.4375
267	273	12.4375
267	274	12.4375
267	986	12.4375
267	1088	12.375
267	1268	12.375
267	2187	12.375
267	2217	12.375
267	2260	12.375
267	258	12.375
267	279	12.375
267	82	12.375
267	1039	12.3125
267	1040	12.3125
267	1247	12.3125
267	1034	12.25
267	1053	12.25
267	1946	12.25
267	2115	12.25
267	2261	12.25
267	1215	12.1875
267	1932	12.1875
267	2086	12.1875
267	242	12.1875
267	248	12.1875
267	253	12.1875
267	54	12.1875
267	825	12.1875
267	979	12.1875
267	1204	12.125
267	1234	12.125
267	1943	12.125
267	721	12.125
267	1056	12.0625
267	1931	12.0625
267	1981	12.0625
267	2246	12.0625
267	62	12.0625
267	905	12.0625
267	1258	12
267	1882	12
267	198	12
267	221	12
267	222	12
267	224	12
267	59	12
267	63	12
267	74	12
267	828	12
267	836	12
267	1031	11.9375
267	1042	11.9375
267	1165	11.9375
267	1272	11.9375
267	168	11.9375
267	1903	11.9375
267	1973	11.9375
267	2290	11.9375
267	822	11.9375
267	981	11.9375
267	1198	11.875
267	1245	11.875
267	188	11.875
267	1925	11.875
267	1972	11.875
267	2097	11.875
267	225	11.875
267	226	11.875
267	2272	11.875
267	103	11.8125
267	1041	11.8125
267	1079	11.8125
267	1199	11.8125
267	1239	11.8125
268	894	25.125
268	892	25
268	895	25
268	873	21.375
268	870	20.75
268	876	20.375
268	869	20.25
268	877	20.25
268	898	19.625
268	878	19.375
268	889	19.125
268	886	19
268	857	18.875
268	874	18.75
268	860	18.5
268	336	18.125
268	918	18.125
268	1327	18
268	872	17.875
268	1680	17.625
268	875	17.5
268	885	17.5
268	1514	17.375
268	2074	17.375
268	481	17.25
268	1313	17.125
268	1427	17.125
268	2047	17.125
268	326	17.125
268	381	17.125
268	632	17.125
268	1314	17
268	544	17
268	549	17
268	1337	16.875
268	1540	16.875
268	1612	16.875
268	1805	16.875
268	386	16.875
268	1088	16.75
268	1671	16.75
268	1750	16.75
268	1755	16.75
268	2187	16.75
268	344	16.75
268	383	16.75
268	552	16.75
268	68	16.75
268	1276	16.625
268	1555	16.625
268	1701	16.625
268	1732	16.625
268	1934	16.625
268	2065	16.625
268	2201	16.625
268	582	16.625
268	585	16.625
268	1087	16.5
268	1275	16.5
268	1396	16.5
268	1678	16.5
268	2009	16.5
268	442	16.5
268	1129	16.375
268	1480	16.375
268	1675	16.375
268	1728	16.375
268	192	16.375
268	1946	16.375
268	2186	16.375
268	345	16.375
268	897	16.375
268	1037	16.25
268	1165	16.25
268	1205	16.25
268	1537	16.25
268	1819	16.25
268	2280	16.25
268	337	16.25
268	382	16.25
268	400	16.25
268	492	16.25
268	527	16.25
268	1194	16.125
268	1195	16.125
268	1286	16.125
268	1479	16.125
268	1585	16.125
268	1785	16.125
268	1812	16.125
268	1953	16.125
268	1981	16.125
268	2189	16.125
268	2202	16.125
268	2236	16.125
268	313	16.125
268	420	16.125
268	736	16.125
268	770	16.125
268	855	16.125
269	2230	22.875
269	1225	19.75
269	2231	19.75
269	2255	19.75
269	2229	19.375
269	1784	18.375
269	1013	18.25
269	2240	18.25
269	1014	18.125
269	2237	18
269	2242	17.75
269	2244	17.625
269	2151	17.5
269	2169	17.5
269	2248	17.5
269	1143	17.375
269	2165	17.375
269	2251	17.375
269	1012	17.25
269	1016	17.25
269	1132	17.25
269	2236	17.25
269	1209	17.125
269	155	17.125
269	2239	17.125
269	941	17.125
269	1178	17
269	1766	17
269	2046	17
269	2150	17
269	2252	17
269	174	16.875
269	1771	16.875
269	1780	16.875
269	1785	16.875
269	1786	16.875
269	2090	16.875
269	2245	16.875
269	1001	16.75
269	118	16.75
269	2228	16.75
269	450	16.75
269	1219	16.625
269	1226	16.625
269	1787	16.625
269	2167	16.625
269	1180	16.5
269	1480	16.5
269	1762	16.5
269	2008	16.5
269	2168	16.5
269	2247	16.5
269	929	16.5
269	222	16.375
269	932	16.375
269	1000	16.25
269	1010	16.25
269	1015	16.25
269	1778	16.25
269	2241	16.25
269	704	16.25
269	930	16.25
269	1142	16.125
269	1198	16.125
269	120	16.125
269	1210	16.125
269	1761	16.125
269	2238	16.125
269	543	16.125
269	913	16.125
269	944	16.125
269	957	16.125
269	1126	16
269	1136	16
269	1323	16
269	133	16
269	1769	16
269	729	16
269	730	16
269	738	16
269	1174	15.9375
269	1759	15.9375
269	727	15.9375
269	928	15.9375
269	1003	15.875
269	1288	15.875
269	1764	15.875
269	2112	15.875
269	942	15.875
269	945	15.875
269	1168	15.8125
269	119	15.8125
269	2292	15.8125
269	1002	15.75
269	1148	15.75
269	2132	15.75
269	2202	15.75
269	229	15.75
269	802	15.75
269	943	15.75
270	1946	15.4375
270	768	14.9375
270	801	14.6875
270	772	14.625
270	805	14.625
270	1943	14.5625
270	1195	14.5
270	736	14.5
270	809	14.375
270	175	14.25
270	1931	14.25
270	1934	14.25
270	233	14.25
270	40	14.25
270	1932	14.1875
270	1903	14.125
270	806	14.125
270	810	14.125
270	96	14.125
270	226	14.0625
270	234	14.0625
270	1108	14
270	1286	14
270	1882	14
270	1942	14
270	1945	14
270	756	14
270	767	14
270	792	14
270	1109	13.875
270	1187	13.875
270	1189	13.875
270	1244	13.875
270	1939	13.875
270	1941	13.875
270	1944	13.875
270	1914	13.8125
270	1984	13.8125
270	814	13.8125
270	838	13.8125
270	1094	13.75
270	1247	13.75
270	179	13.75
270	2192	13.75
270	36	13.75
270	811	13.75
270	1199	13.6875
270	18	13.6875
270	1820	13.6875
270	2269	13.6875
270	796	13.6875
270	802	13.6875
270	905	13.6875
270	1079	13.625
270	1259	13.625
270	1302	13.625
270	141	13.625
270	170	13.625
270	1905	13.625
270	2187	13.625
270	2189	13.625
270	225	13.625
270	1088	13.5625
270	1148	13.5625
270	1827	13.5625
270	222	13.5625
270	835	13.5625
270	977	13.5625
270	1059	13.5
270	1246	13.5
270	1904	13.5
270	1918	13.5
270	1923	13.5
270	1999	13.5
270	2305	13.5
270	725	13.5
270	775	13.5
270	979	13.5
270	987	13.5
270	1039	13.4375
270	168	13.4375
270	178	13.4375
270	180	13.4375
270	1843	13.4375
270	2001	13.4375
270	2012	13.4375
270	2072	13.4375
270	54	13.4375
270	735	13.4375
270	741	13.4375
270	764	13.4375
270	771	13.4375
270	907	13.4375
270	982	13.4375
270	1052	13.375
270	1198	13.375
270	1815	13.375
270	1819	13.375
270	1937	13.375
270	2020	13.375
271	721	18.75
271	2112	17.875
271	712	17.75
271	1168	17.625
271	1170	17.5
271	1172	17.5
271	134	17.375
271	1116	17.125
271	245	17.125
271	1165	17
271	1207	17
271	1155	16.875
271	1157	16.875
271	1164	16.875
271	711	16.875
271	716	16.875
271	729	16.875
271	731	16.875
271	1126	16.75
271	1173	16.75
271	160	16.75
271	574	16.75
271	656	16.75
271	683	16.75
271	715	16.75
271	2007	16.625
271	2109	16.625
271	547	16.625
271	714	16.625
271	725	16.625
271	917	16.625
271	952	16.625
271	1146	16.5
271	1174	16.5
271	140	16.5
271	706	16.5
271	709	16.5
271	735	16.5
271	911	16.5
271	100	16.375
271	1160	16.375
271	179	16.375
271	2004	16.375
271	703	16.375
271	704	16.375
271	710	16.375
271	723	16.375
271	738	16.375
271	749	16.375
271	805	16.375
271	1144	16.25
271	141	16.25
271	233	16.25
271	338	16.25
271	62	16.25
271	64	16.25
271	684	16.25
271	717	16.25
271	739	16.25
271	742	16.25
271	814	16.25
271	1105	16.125
271	1150	16.125
271	1153	16.125
271	1237	16.125
271	1292	16.125
271	1295	16.125
271	142	16.125
271	659	16.125
271	668	16.125
271	700	16.125
271	705	16.125
271	720	16.125
271	816	16.125
271	938	16.125
271	1140	16
271	1148	16
271	167	16
271	1942	16
271	2090	16
271	72	16
271	82	16
271	925	16
271	941	16
271	953	16
271	99	16
271	1121	15.9375
271	1775	15.9375
271	1782	15.9375
271	2269	15.9375
271	724	15.9375
271	1112	15.875
271	1145	15.875
271	135	15.875
271	2191	15.875
271	769	15.875
271	939	15.875
271	111	15.8125
271	1118	15.8125
271	1931	15.8125
272	2150	22
272	1786	21.875
272	2151	21.75
272	1015	21.5
272	2167	21.5
272	1017	21.25
272	2168	21.125
272	1759	21
272	1784	21
272	2292	20.875
272	2290	20.625
272	1762	20.5
272	1943	20.5
272	2170	20.5
272	2293	20.5
272	1000	20.375
272	1001	20.375
272	1609	20.375
272	1761	20.375
272	2203	20.375
272	2207	20.375
272	922	20.375
272	1013	20.25
272	1766	20.25
272	2008	20.25
272	2171	20.25
272	515	20.25
272	1253	20.125
272	1931	20
272	138	19.875
272	1942	19.875
272	336	19.875
272	1018	19.75
272	2152	19.75
272	2154	19.75
272	2169	19.75
272	2204	19.75
272	905	19.75
272	2007	19.625
272	2090	19.625
272	2249	19.625
272	1789	19.5
272	938	19.5
272	1198	19.375
272	1337	19.375
272	17	19.375
272	1787	19.375
272	1939	19.375
272	229	19.375
272	513	19.375
272	72	19.375
272	1132	19.25
272	2147	19.25
272	2153	19.25
272	805	19.25
272	1016	19.125
272	1142	19.125
272	127	19.125
272	155	19.125
272	1777	19.125
272	1941	19.125
272	1976	19.125
272	1992	19.125
272	2155	19.125
272	2159	19.125
272	2202	19.125
272	561	19.125
272	708	19.125
272	1010	19
272	1225	19
272	2037	19
272	2165	19
272	552	19
272	557	19
272	1005	18.875
272	1771	18.875
272	1929	18.875
272	2294	18.875
272	1143	18.75
272	1153	18.75
272	1175	18.75
272	164	18.75
272	1760	18.75
272	1767	18.75
272	2038	18.75
272	2072	18.75
272	2163	18.75
272	217	18.75
272	75	18.75
272	827	18.75
272	1012	18.625
272	1014	18.625
272	1023	18.625
272	1108	18.625
272	1237	18.625
272	143	18.625
272	223	18.625
272	1070	18.5
272	1116	18.5
272	114	18.5
273	954	14.6875
273	1143	14.3125
273	932	13.9375
273	118	13.6875
273	704	13.6875
273	159	13.625
273	547	13.5625
273	1161	13.4375
273	154	13.4375
273	1130	13.375
273	1138	13.375
273	697	13.375
273	733	13.375
273	143	13.3125
273	2150	13.3125
273	222	13.3125
273	961	13.3125
273	1174	13.25
273	719	13.25
273	148	13.125
273	728	13.125
273	928	13.125
273	155	13
273	1761	13
273	2151	13
273	678	13
273	1001	12.9375
273	1158	12.9375
273	1292	12.9375
273	942	12.9375
273	957	12.9375
273	1125	12.875
273	138	12.875
273	1762	12.875
273	731	12.875
273	929	12.875
273	1145	12.8125
273	688	12.8125
273	941	12.8125
273	960	12.8125
273	1000	12.75
273	147	12.75
273	945	12.75
273	1175	12.6875
273	905	12.6875
273	1208	12.5625
273	2168	12.5625
273	965	12.5
273	1164	12.4375
273	119	12.4375
273	141	12.4375
273	687	12.4375
273	943	12.4375
273	1137	12.375
273	1144	12.375
273	1173	12.375
273	150	12.375
273	938	12.375
273	964	12.375
273	1013	12.3125
273	1166	12.3125
273	1283	12.3125
273	114	12.25
273	1151	12.25
273	1178	12.25
273	130	12.25
273	931	12.25
273	955	12.25
273	158	12.1875
273	1766	12.1875
273	927	12.1875
273	947	12.1875
273	1234	12.125
273	1294	12.125
273	135	12.125
273	698	12.125
273	963	12.125
273	1012	12.0625
273	1218	12.0625
273	127	12.0625
273	142	12.0625
273	1787	12.0625
273	2266	12.0625
273	722	12.0625
273	727	12.0625
273	75	12.0625
273	934	12.0625
273	1016	12
273	1132	12
273	116	12
273	133	12
273	427	12
273	709	12
273	972	12
273	987	12
273	160	11.9375
273	1786	11.9375
273	696	11.9375
273	958	11.9375
273	969	11.9375
274	2059	26.875
274	2069	26.875
274	2093	26.375
274	56	25.75
274	1086	25.625
274	2196	25.625
274	231	25.5
274	89	25.375
274	2018	25.25
274	1987	25.125
274	840	25.125
274	842	25.125
274	991	25.125
274	990	25
274	1986	24.875
274	2017	24.75
274	1937	24.625
274	58	24.625
274	843	23.625
274	88	23.125
274	2074	22.875
274	45	22.625
274	48	22.25
274	50	21.625
274	1554	21.5
274	2070	21.125
274	2019	20.75
274	2079	20.75
274	43	20.75
274	1220	20.625
274	1073	20.5
274	1647	20
274	1325	19.875
274	1514	19.875
274	1765	19.875
274	1312	19.75
274	1428	19.75
274	1558	19.75
274	2073	19.625
274	2184	19.625
274	1326	19.5
274	1784	19.5
274	1033	19.375
274	1472	19.375
274	1013	19.25
274	1408	19.25
274	1339	19.125
274	1407	19.125
274	1481	19.125
274	1513	19.125
274	40	19.125
274	594	19.125
274	1036	19
274	1669	19
274	1992	19
274	1997	19
274	624	19
274	833	19
274	1042	18.875
274	1274	18.875
274	1460	18.875
274	1490	18.875
274	1792	18.875
274	514	18.875
274	1184	18.75
274	1583	18.75
274	1991	18.75
274	536	18.75
274	791	18.75
274	1082	18.625
274	1675	18.625
274	1989	18.625
274	2020	18.625
274	770	18.625
274	845	18.625
274	1075	18.5
274	1183	18.5
274	1313	18.5
274	1328	18.5
274	1330	18.5
274	1331	18.5
274	1352	18.5
274	1353	18.5
274	1399	18.5
274	1429	18.5
274	1430	18.5
274	1440	18.5
274	1479	18.5
274	1511	18.5
274	1562	18.5
274	1703	18.5
274	1726	18.5
274	1945	18.5
274	2049	18.5
274	2181	18.5
274	2194	18.5
274	240	18.5
274	515	18.5
274	614	18.5
274	1308	18.375
275	330	8.875
275	856	8.5
275	1123	8.375
275	323	8.375
275	2312	8.25
275	1666	8.125
275	1962	8.125
275	1363	8.0625
275	2307	8.0625
275	322	8.0625
275	1383	8
275	1583	8
275	1926	8
275	2305	8
275	1327	7.96875
275	1585	7.96875
275	796	7.96875
275	1228	7.9375
275	1328	7.9375
275	1394	7.9375
275	1532	7.9375
275	1606	7.9375
275	905	7.9375
275	1396	7.90625
275	1567	7.90625
275	1740	7.90625
275	656	7.90625
275	93	7.90625
275	1	7.875
275	1553	7.875
275	858	7.875
275	1565	7.84375
275	2309	7.84375
275	385	7.84375
275	398	7.84375
275	524	7.84375
275	70	7.84375
275	1531	7.8125
275	1577	7.8125
275	159	7.8125
275	1667	7.8125
275	1671	7.8125
275	211	7.8125
275	2308	7.8125
275	2311	7.8125
275	1562	7.78125
275	1605	7.78125
275	1721	7.78125
275	1743	7.78125
275	1777	7.78125
275	2009	7.78125
275	2304	7.78125
275	80	7.78125
275	1200	7.75
275	1217	7.75
275	1350	7.75
275	1430	7.75
275	1566	7.75
275	1635	7.75
275	1644	7.75
275	1902	7.75
275	387	7.75
275	79	7.75
275	865	7.75
275	1326	7.71875
275	1480	7.71875
275	1540	7.71875
275	1563	7.71875
275	1586	7.71875
275	1741	7.71875
275	1756	7.71875
275	1960	7.71875
275	2103	7.71875
275	216	7.71875
275	2213	7.71875
275	2253	7.71875
275	334	7.71875
275	767	7.71875
275	773	7.71875
275	813	7.71875
275	1198	7.6875
275	1308	7.6875
275	1506	7.6875
275	1608	7.6875
275	1628	7.6875
275	1701	7.6875
275	2100	7.6875
275	2223	7.6875
275	2306	7.6875
275	343	7.6875
275	401	7.6875
275	442	7.6875
275	893	7.6875
275	1349	7.65625
275	1389	7.65625
275	1576	7.65625
275	1581	7.65625
275	1582	7.65625
275	1901	7.65625
275	2233	7.65625
276	995	18.375
276	1998	17.125
276	2067	17
276	996	17
276	1184	16.875
276	826	16.875
276	1974	16.75
276	994	16.75
276	2098	16.625
276	1185	16.5
276	62	16.5
276	1046	16.375
276	1067	16.375
276	2061	16.375
276	2097	16.375
276	2199	16.375
276	824	16.375
276	978	16.375
276	1044	16.25
276	1064	16.25
276	1081	16.25
276	1099	16.25
276	1970	16.25
276	1978	16.25
276	2068	16.25
276	2197	16.25
276	2200	16.25
276	819	16.25
276	820	16.25
276	828	16.25
276	985	16.25
276	1045	16.125
276	1065	16.125
276	1971	16.125
276	2096	16.125
276	2198	16.125
276	63	16.125
276	829	16.125
276	1082	16
276	1973	16
276	1979	16
276	2079	16
276	2181	16
276	825	16
276	1951	15.9375
276	231	15.9375
276	49	15.9375
276	817	15.9375
276	1098	15.875
276	1191	15.875
276	2002	15.875
276	2015	15.875
276	2209	15.875
276	59	15.875
276	838	15.875
276	1075	15.8125
276	1937	15.8125
276	983	15.8125
276	1042	15.75
276	1982	15.75
276	1984	15.75
276	2173	15.75
276	980	15.75
276	1094	15.6875
276	2000	15.6875
276	2172	15.6875
276	823	15.6875
276	990	15.6875
276	993	15.6875
276	1221	15.625
276	2176	15.625
276	2194	15.625
276	44	15.625
276	1050	15.5625
276	1959	15.5625
276	2049	15.5625
276	37	15.5625
276	43	15.5625
276	1047	15.5
276	1986	15.5
276	233	15.5
276	36	15.5
276	50	15.5
276	54	15.5
276	840	15.5
276	1092	15.4375
276	1997	15.4375
276	2017	15.4375
276	827	15.4375
276	837	15.4375
276	981	15.4375
276	1053	15.375
276	1073	15.375
276	1187	15.375
276	39	15.375
276	6	15.375
276	832	15.375
276	2001	15.3125
276	2019	15.3125
276	2180	15.3125
277	364	21
277	356	20.375
277	367	20.375
277	354	20
277	365	20
277	366	19.75
277	361	19.625
277	355	19.5
277	352	19.25
277	353	19.25
277	358	19
277	363	19
277	2210	18.875
277	350	18.875
277	347	18.625
277	360	18.625
277	380	18.625
277	574	18.625
277	1337	18.5
277	1612	18.5
277	412	18.5
277	1480	18.25
277	1608	18.25
277	368	18.25
277	1334	18.125
277	1532	18.125
277	1675	18.125
277	359	18.125
277	427	18.125
277	523	18.125
277	1013	18
277	1014	18
277	1312	18
277	1415	18
277	1563	18
277	369	18
277	1314	17.875
277	1332	17.875
277	1333	17.75
277	1351	17.75
277	1601	17.75
277	1634	17.75
277	1647	17.75
277	1670	17.75
277	1676	17.75
277	1687	17.75
277	1735	17.75
277	2269	17.75
277	437	17.75
277	1313	17.625
277	1412	17.625
277	1495	17.625
277	1578	17.625
277	1582	17.625
277	1588	17.625
277	1609	17.625
277	1677	17.625
277	1688	17.625
277	1690	17.625
277	420	17.625
277	1035	17.5
277	1413	17.5
277	1429	17.5
277	1463	17.5
277	1468	17.5
277	1531	17.5
277	1540	17.5
277	1546	17.5
277	1562	17.5
277	1585	17.5
277	1742	17.5
277	2008	17.5
277	311	17.5
277	349	17.5
277	513	17.5
277	544	17.5
277	653	17.5
277	715	17.5
277	810	17.5
277	1350	17.375
277	1366	17.375
277	1472	17.375
277	1481	17.375
277	1544	17.375
277	1610	17.375
277	1623	17.375
277	1679	17.375
277	1681	17.375
277	1683	17.375
277	1785	17.375
277	1997	17.375
277	428	17.375
277	623	17.375
277	1309	17.25
277	1329	17.25
277	1465	17.25
277	1535	17.25
277	1555	17.25
277	1561	17.25
277	1602	17.25
278	1812	19.125
278	1810	18.5
278	1797	17.375
278	1811	17.125
278	1574	15.6875
278	1575	15.5625
278	1809	15.25
278	1815	15.1875
278	1568	15.125
278	1572	14.9375
278	1695	14.9375
278	1673	14.75
278	1001	14.6875
278	1000	14.625
278	1571	14.625
278	1920	14.5
278	1640	14.375
278	1919	14.375
278	1628	14.3125
278	1700	14.3125
278	1576	14.25
278	1753	14.25
278	1762	14.25
278	1662	14.125
278	1946	14.125
278	1688	14.0625
278	1755	14.0625
278	1017	14
278	175	14
278	1756	14
278	1137	13.9375
278	1761	13.9375
278	1766	13.9375
278	1219	13.875
278	205	13.8125
278	2290	13.8125
278	1698	13.75
278	1713	13.75
278	861	13.75
278	1651	13.6875
278	1684	13.6875
278	1685	13.6875
278	1686	13.6875
278	2202	13.6875
278	117	13.625
278	1383	13.625
278	1663	13.5625
278	1699	13.5625
278	1728	13.5625
278	1732	13.5625
278	755	13.5625
278	1006	13.5
278	1129	13.5
278	1195	13.5
278	1442	13.5
278	2150	13.5
278	2151	13.5
278	2170	13.5
278	2215	13.5
278	869	13.5
278	1720	13.4375
278	1734	13.4375
278	1330	13.375
278	1549	13.375
278	1697	13.375
278	1701	13.375
278	1752	13.375
278	1786	13.375
278	1037	13.3125
278	130	13.3125
278	1427	13.3125
278	1683	13.3125
278	665	13.3125
278	1440	13.25
278	148	13.25
278	1657	13.25
278	1671	13.25
278	1674	13.25
278	1680	13.25
278	1738	13.25
278	573	13.25
278	877	13.25
278	965	13.25
278	1015	13.1875
278	1328	13.1875
278	1837	13.1875
278	1861	13.1875
278	1871	13.1875
278	234	13.1875
278	627	13.1875
278	863	13.1875
278	1106	13.125
278	1111	13.125
278	1386	13.125
278	1502	13.125
278	1505	13.125
278	1649	13.125
278	1799	13.125
278	2167	13.125
278	583	13.125
279	1837	23.375
279	1827	23.25
279	1813	22.375
279	1838	21.5
279	1843	20.25
279	1840	20
279	1829	19.625
279	1844	19.625
279	1833	18.75
279	1839	18.75
279	1828	18.375
279	1819	18.25
279	1830	18.25
279	1835	18.25
279	1846	18.25
279	1832	18.125
279	1810	18
279	1841	18
279	672	18
279	1056	17.75
279	1430	17.625
279	1821	17.625
279	1820	17.5
279	1934	17.375
279	796	17.375
279	179	17.25
279	1831	17.125
279	1944	17.125
279	2044	17.125
279	765	17.125
279	795	17.125
279	1790	16.875
279	1791	16.875
279	1823	16.875
279	215	16.875
279	1796	16.75
279	1802	16.75
279	1822	16.75
279	1824	16.75
279	1826	16.75
279	800	16.75
279	1809	16.625
279	1816	16.625
279	1547	16.5
279	1818	16.5
279	93	16.5
279	1428	16.375
279	1662	16.375
279	1847	16.375
279	207	16.375
279	661	16.375
279	1579	16.25
279	1582	16.25
279	1799	16.25
279	2127	16.25
279	2157	16.25
279	1411	16.125
279	1755	16.125
279	1797	16.125
279	1851	16.125
279	40	16.125
279	526	16.125
279	69	16.125
279	1611	16
279	1718	16
279	2047	16
279	663	16
279	1155	15.9375
279	1585	15.9375
279	1807	15.9375
279	206	15.9375
279	226	15.9375
279	741	15.9375
279	138	15.875
279	1581	15.875
279	1976	15.875
279	1731	15.8125
279	1808	15.8125
279	1882	15.8125
279	1903	15.8125
279	216	15.8125
279	516	15.8125
279	680	15.8125
279	793	15.8125
279	1195	15.75
279	1578	15.75
279	1605	15.75
279	1939	15.75
279	2025	15.75
279	676	15.75
279	1454	15.6875
279	1479	15.6875
279	1794	15.6875
279	1941	15.6875
279	2156	15.6875
279	738	15.6875
279	0	15.625
279	1217	15.625
279	1312	15.625
279	1551	15.625
280	179	19.5
280	1120	18.875
280	184	18.5
280	180	18.375
280	1118	18.25
280	185	18.25
280	1119	18
280	1100	17.75
280	1114	17.625
280	1103	17.375
280	1121	17.375
280	1248	17.25
280	167	17.25
280	170	17.25
280	173	17.25
280	1122	17.125
280	1105	16.875
280	1112	16.875
280	186	16.875
280	188	16.75
280	1237	16.5
280	1245	16.5
280	1942	16.5
280	1117	16.375
280	1250	16.25
280	17	16.25
280	2209	16.25
280	561	16.25
280	882	16.25
280	1104	16.125
280	1239	16.125
280	1241	16
280	2260	16
280	1866	15.9375
280	547	15.9375
280	69	15.9375
280	176	15.875
280	178	15.875
280	1198	15.8125
280	1242	15.8125
280	183	15.8125
280	187	15.8125
280	1934	15.8125
280	107	15.75
280	1111	15.75
280	1102	15.6875
280	1251	15.6875
280	1876	15.6875
280	2007	15.6875
280	1106	15.625
280	1108	15.625
280	1247	15.625
280	1879	15.625
280	1014	15.5625
280	707	15.5625
280	1109	15.5
280	2174	15.5
280	2281	15.5
280	241	15.5
280	1931	15.4375
280	198	15.4375
280	2298	15.4375
280	338	15.375
280	109	15.3125
280	1254	15.3125
280	702	15.3125
280	1047	15.25
280	1246	15.25
280	175	15.25
280	1861	15.25
280	211	15.25
280	51	15.25
280	563	15.25
280	574	15.25
280	1116	15.1875
280	1941	15.1875
280	2088	15.1875
280	2108	15.1875
280	810	15.1875
280	1181	15.125
280	2269	15.125
280	72	15.125
280	1276	15.0625
280	1872	15.0625
280	243	15.0625
280	245	15.0625
280	276	15.0625
280	64	15.0625
280	67	15.0625
280	724	15.0625
280	1192	15
280	1967	15
280	2115	15
280	2272	15
280	2278	15
280	1164	14.9375
280	1179	14.9375
280	548	14.9375
280	558	14.9375
280	611	14.9375
281	241	30.875
281	2115	30.75
281	251	28.875
281	242	28
281	279	27.75
281	1192	27.375
281	273	25.875
281	2277	25.5
281	248	25.5
281	1204	25.125
281	1866	25
281	2278	25
281	1231	24.75
281	264	24.625
281	276	24.625
281	1230	24.125
281	2086	24.125
281	2260	23.75
281	249	23.75
281	72	23.75
281	1957	23.625
281	2258	23.5
281	1215	23.375
281	245	23.375
281	272	23.25
281	1268	23.125
281	2266	23
281	2111	22.75
281	1198	22.625
281	271	22.625
281	1276	22.5
281	2087	22.375
281	274	22.25
281	1234	22.125
281	1941	22
281	82	21.875
281	2191	21.75
281	2259	21.75
281	253	21.75
281	275	21.75
281	1995	21.625
281	216	21.625
281	1184	21.5
281	1260	21.5
281	198	21.5
281	2275	21.5
281	211	21.25
281	1087	21.125
281	1121	21.125
281	1199	21.125
281	2186	21.125
281	547	21.125
281	707	21.125
281	106	21
281	1091	21
281	1267	21
281	188	20.875
281	576	20.875
281	1179	20.75
281	1274	20.75
281	17	20.75
281	1942	20.75
281	558	20.75
281	565	20.75
281	574	20.75
281	1059	20.625
281	1164	20.625
281	1177	20.625
281	1931	20.625
281	217	20.625
281	1182	20.5
281	179	20.5
281	206	20.5
281	63	20.5
281	826	20.5
281	1170	20.375
281	2200	20.375
281	2280	20.375
281	561	20.375
281	1036	20.25
281	1172	20.25
281	1948	20.25
281	2187	20.25
281	221	20.25
281	639	20.25
281	1088	20.125
281	1207	20.125
281	1524	20.125
281	1660	20.125
281	1917	20.125
281	1974	20.125
281	199	20.125
281	2112	20.125
281	214	20.125
281	554	20.125
281	724	20.125
281	1548	20
281	2279	20
281	258	20
281	259	20
282	855	18.875
282	869	16.25
282	854	15.625
282	863	15.4375
282	857	15.375
282	876	15.125
282	862	14.9375
282	873	14.6875
282	886	14.625
282	898	14.625
282	881	14.5
282	877	14.4375
282	865	14.3125
282	858	14.1875
282	1574	13.875
282	853	13.8125
282	883	13.8125
282	765	13.75
282	2046	13.6875
282	860	13.6875
282	861	13.6875
282	1578	13.625
282	1640	13.5625
282	875	13.5625
282	904	13.5625
282	1582	13.5
282	79	13.5
282	868	13.5
282	2032	13.4375
282	874	13.4375
282	900	13.4375
282	1353	13.3125
282	1818	13.3125
282	1717	13.25
282	306	13.25
282	852	13.25
282	1741	13.1875
282	850	13.1875
282	867	13.1875
282	1800	13.125
282	1809	13.125
282	1846	13.125
282	884	13.125
282	1107	13.0625
282	1129	13.0625
282	1190	13
282	1403	13
282	1651	13
282	1427	12.9375
282	1477	12.9375
282	1617	12.9375
282	1683	12.9375
282	262	12.9375
282	893	12.9375
282	1576	12.875
282	2054	12.875
282	2228	12.875
282	516	12.875
282	528	12.875
282	897	12.875
282	1738	12.8125
282	1814	12.8125
282	2074	12.8125
282	1352	12.75
282	1422	12.75
282	1795	12.75
282	1962	12.75
282	2038	12.75
282	1442	12.6875
282	1710	12.6875
282	1732	12.6875
282	2040	12.6875
282	2047	12.6875
282	2055	12.6875
282	2065	12.6875
282	393	12.6875
282	856	12.6875
282	1426	12.625
282	1663	12.625
282	1799	12.625
282	2127	12.625
282	905	12.625
282	1423	12.5625
282	1568	12.5625
282	1680	12.5625
282	1794	12.5625
282	1816	12.5625
282	1831	12.5625
282	2135	12.5625
282	383	12.5625
282	1079	12.5
282	1307	12.5
282	1341	12.5
282	1414	12.5
282	1471	12.5
282	1805	12.5
282	1845	12.5
282	2025	12.5
282	280	12.5
282	304	12.5
283	1845	16.875
283	1848	16.625
283	1831	16.125
283	1842	15.8125
283	1847	15.6875
283	1838	15.375
283	1840	15.25
283	1844	15.25
283	1841	14.875
283	1823	14.8125
283	1799	14.6875
283	1801	14.125
283	1798	12.0625
283	1402	12
283	632	12
283	1887	11.9375
283	268	11.9375
283	437	11.9375
283	1808	11.875
283	256	11.875
283	260	11.875
283	2008	11.8125
283	442	11.8125
283	1513	11.75
283	2290	11.75
283	275	11.75
283	416	11.75
283	450	11.75
283	1489	11.6875
283	1514	11.6875
283	481	11.6875
283	569	11.6875
283	297	11.625
283	413	11.625
283	637	11.625
283	1166	11.5625
283	2150	11.5625
283	2202	11.5625
283	301	11.5625
283	330	11.5625
283	444	11.5625
283	482	11.5625
283	538	11.5625
283	1474	11.5
283	480	11.5
283	644	11.5
283	705	11.5
283	138	11.4375
283	244	11.4375
283	295	11.4375
283	327	11.4375
283	328	11.4375
283	337	11.4375
283	567	11.4375
283	663	11.4375
283	1810	11.375
283	1922	11.375
283	252	11.375
283	294	11.375
283	573	11.375
283	582	11.375
283	583	11.375
283	611	11.375
283	803	11.375
283	1384	11.3125
283	1499	11.3125
283	1697	11.3125
283	1931	11.3125
283	1991	11.3125
283	285	11.3125
283	393	11.3125
283	401	11.3125
283	526	11.3125
283	556	11.3125
283	580	11.3125
283	594	11.3125
283	617	11.3125
283	805	11.3125
283	812	11.3125
283	1142	11.25
283	121	11.25
283	1558	11.25
283	1647	11.25
283	1665	11.25
283	1716	11.25
283	1721	11.25
283	1890	11.25
283	1992	11.25
283	387	11.25
283	389	11.25
283	521	11.25
283	523	11.25
283	586	11.25
283	620	11.25
283	1459	11.1875
283	1666	11.1875
283	1781	11.1875
283	392	11.1875
283	426	11.1875
283	557	11.1875
284	240	13.3125
284	1923	11.6875
284	1946	11.6875
284	768	11.375
284	793	11.1875
284	257	11.125
284	3	11.0625
284	1882	10.875
284	1944	10.8125
284	1022	10.75
284	1903	10.75
284	377	10.6875
284	5	10.6875
284	783	10.6875
284	919	10.6875
284	267	10.625
284	785	10.5625
284	786	10.5625
284	1794	10.5
284	801	10.5
284	1285	10.375
284	1844	10.375
284	1943	10.375
284	776	10.375
284	1931	10.3125
284	1945	10.3125
284	788	10.3125
284	1258	10.25
284	798	10.25
284	941	10.25
284	1896	10.1875
284	2056	10.1875
284	2210	10.1875
284	795	10.1875
284	1038	10.125
284	1809	10.125
284	2252	10.125
284	784	10.125
284	1259	10.0625
284	2020	10.0625
284	787	10.0625
284	2307	10
284	1079	9.9375
284	200	9.9375
284	772	9.9375
284	1039	9.875
284	1815	9.8125
284	918	9.8125
284	1514	9.75
284	1880	9.75
284	247	9.75
284	778	9.75
284	803	9.75
284	1167	9.6875
284	1583	9.6875
284	2086	9.6875
284	381	9.6875
284	1135	9.625
284	1257	9.625
284	1472	9.625
284	2114	9.625
284	215	9.625
284	2186	9.625
284	2189	9.625
284	805	9.625
284	1148	9.5625
284	1286	9.5625
284	1700	9.5625
284	1932	9.5625
284	1087	9.5
284	1109	9.5
284	1233	9.5
284	144	9.5
284	159	9.5
284	1599	9.5
284	1911	9.5
284	1934	9.5
284	2062	9.5
284	231	9.5
284	789	9.5
284	976	9.5
284	1239	9.4375
284	1330	9.4375
284	1331	9.4375
284	1420	9.4375
284	2116	9.4375
284	2176	9.4375
284	44	9.4375
284	676	9.4375
284	1010	9.375
284	1050	9.375
284	1741	9.375
284	2008	9.375
284	246	9.375
284	326	9.375
284	370	9.375
284	378	9.375
284	632	9.375
284	767	9.375
284	807	9.375
285	1150	20.5
285	710	19.875
285	1153	16.25
285	731	16.25
285	1164	16.125
285	724	16
285	1148	15.875
285	425	15.875
285	1155	15.625
285	138	15.625
285	705	15.625
285	709	15.5
285	1160	15.4375
285	703	15.4375
285	1942	15.375
285	2308	15.375
285	539	15.375
285	547	15.375
285	1201	15.3125
285	515	15.3125
285	135	15.25
285	140	15.25
285	598	15.1875
285	725	15.1875
285	805	15.1875
285	714	15.125
285	720	15.125
285	925	15.125
285	2004	15.0625
285	2090	15.0625
285	2112	15.0625
285	294	15.0625
285	344	15.0625
285	632	15.0625
285	695	15.0625
285	1152	15
285	2187	15
285	913	15
285	938	15
285	1088	14.9375
285	1198	14.9375
285	168	14.9375
285	2087	14.9375
285	382	14.9375
285	549	14.9375
285	559	14.9375
285	574	14.9375
285	582	14.9375
285	656	14.9375
285	1933	14.875
285	544	14.875
285	545	14.875
285	1144	14.8125
285	1274	14.8125
285	142	14.8125
285	2007	14.8125
285	334	14.8125
285	516	14.8125
285	543	14.8125
285	579	14.8125
285	585	14.8125
285	586	14.8125
285	814	14.8125
285	906	14.8125
285	1014	14.75
285	1036	14.75
285	1090	14.75
285	1775	14.75
285	1941	14.75
285	541	14.75
285	700	14.75
285	1954	14.6875
285	211	14.6875
285	2190	14.6875
285	442	14.6875
285	522	14.6875
285	527	14.6875
285	668	14.6875
285	1112	14.625
285	1207	14.625
285	1873	14.625
285	190	14.625
285	2209	14.625
285	2269	14.625
285	494	14.625
285	517	14.625
285	576	14.625
285	701	14.625
285	1381	14.5625
285	1750	14.5625
285	178	14.5625
285	336	14.5625
285	492	14.5625
285	510	14.5625
285	537	14.5625
285	552	14.5625
285	575	14.5625
285	683	14.5625
285	729	14.5625
285	893	14.5625
286	1951	15.875
286	1187	14.5
286	828	13.9375
286	979	13.625
286	233	12.9375
286	981	12.75
286	995	12.6875
286	2001	12.5
286	226	12.5
286	1082	12.4375
286	2050	12.4375
286	2181	12.4375
286	2098	12.125
286	1959	12
286	1971	12
286	1	11.9375
286	1053	11.9375
286	1979	11.875
286	1096	11.8125
286	1932	11.8125
286	1933	11.8125
286	62	11.8125
286	829	11.75
286	2096	11.625
286	1041	11.5625
286	1562	11.5625
286	1941	11.5625
286	1948	11.5
286	1998	11.5
286	2058	11.5
286	820	11.5
286	822	11.5
286	1330	11.4375
286	1935	11.4375
286	1972	11.4375
286	2173	11.4375
286	34	11.4375
286	976	11.4375
286	986	11.4375
286	996	11.4375
286	1931	11.375
286	1973	11.375
286	2097	11.375
286	59	11.375
286	827	11.375
286	707	11.3125
286	43	11.25
286	1042	11.1875
286	224	11.1875
286	225	11.1875
286	1045	11.125
286	1046	11.125
286	2192	11.125
286	2199	11.125
286	825	11.125
286	1067	11.0625
286	2061	11.0625
286	796	11.0625
286	2195	11
286	2197	11
286	1098	10.9375
286	12	10.9375
286	2198	10.9375
286	221	10.9375
286	40	10.9375
286	1094	10.875
286	1097	10.875
286	1430	10.875
286	1930	10.875
286	2068	10.8125
286	985	10.8125
286	1929	10.75
286	1989	10.75
286	2075	10.75
286	23	10.75
286	368	10.75
286	2112	10.6875
286	2182	10.6875
286	845	10.6875
286	978	10.6875
286	1075	10.625
286	1928	10.625
286	2073	10.625
286	2194	10.625
286	992	10.625
286	1083	10.5625
286	1513	10.5625
286	1976	10.5625
286	2067	10.5625
286	1051	10.5
286	2074	10.5
286	2178	10.5
286	754	10.5
286	1274	10.4375
286	1427	10.4375
286	1503	10.4375
286	1585	10.4375
286	1996	10.4375
286	2060	10.4375
286	1580	10.375
287	1628	17.375
287	1673	17.125
287	1684	17
287	1695	16.625
287	1662	16.375
287	1640	16.25
287	1651	16.25
287	1713	16.25
287	1699	16
287	1700	16
287	1698	15.9375
287	1595	15.875
287	1617	15.375
287	1701	15.3125
287	1584	14.8125
287	1572	14.75
287	526	14.625
287	1568	14.4375
287	1576	14.375
287	1389	14.1875
287	1402	14
287	1400	13.875
287	1746	13.875
287	1382	13.8125
287	1574	13.75
287	1686	13.75
287	406	13.625
287	1359	13.5625
287	1385	13.5625
287	1397	13.5625
287	409	13.5
287	1394	13.4375
287	1482	13.4375
287	1739	13.4375
287	1461	13.375
287	396	13.375
287	1383	13.3125
287	405	13.3125
287	551	13.3125
287	1575	13.25
287	1706	13.25
287	252	13.25
287	260	13.25
287	514	13.25
287	1349	13.1875
287	1391	13.1875
287	1571	13.1875
287	1719	13.1875
287	520	13.1875
287	529	13.1875
287	1381	13.125
287	1387	13.125
287	1641	13.125
287	536	13.125
287	1399	13.0625
287	1685	13.0625
287	487	13.0625
287	1356	13
287	439	13
287	1098	12.9375
287	1504	12.9375
287	1487	12.875
287	1519	12.875
287	321	12.875
287	366	12.875
287	447	12.875
287	1319	12.8125
287	1516	12.8125
287	256	12.8125
287	434	12.8125
287	436	12.8125
287	580	12.8125
287	1355	12.75
287	1396	12.75
287	1509	12.75
287	1604	12.75
287	1613	12.75
287	1647	12.75
287	1682	12.75
287	1734	12.75
287	244	12.75
287	632	12.75
287	1322	12.6875
287	1370	12.6875
287	1507	12.6875
287	309	12.6875
287	332	12.6875
287	429	12.6875
287	1418	12.625
287	1429	12.625
287	1681	12.625
287	1730	12.625
287	1752	12.625
287	408	12.625
287	489	12.625
287	513	12.625
287	544	12.625
287	1403	12.5625
287	1404	12.5625
287	1423	12.5625
288	240	24.875
288	1923	24
288	5	21.5
288	3	21.25
288	1946	21.125
288	801	20.5
288	1943	20.375
288	6	20.375
288	7	20.125
288	1913	20
288	10	19.875
288	22	19.625
288	697	19.625
288	1166	19.375
288	1934	19.375
288	1944	19.375
288	1945	19.375
288	1424	19.125
288	956	19.125
288	11	19
288	934	18.875
288	143	18.75
288	1756	18.75
288	1931	18.75
288	1871	18.625
288	1008	18.5
288	1127	18.5
288	148	18.5
288	2234	18.5
288	130	18.375
288	175	18.375
288	932	18.375
288	941	18.375
288	1135	18.25
288	1148	18.25
288	370	18.25
288	456	18.25
288	475	18.25
288	972	18.25
288	118	18.125
288	129	18.125
288	133	18.125
288	373	18.125
288	847	18.125
288	1108	18
288	131	18
288	1969	18
288	1980	18
288	1992	18
288	2160	18
288	768	18
288	1773	17.875
288	2243	17.875
288	796	17.875
288	119	17.75
288	125	17.75
288	1789	17.75
288	1917	17.75
288	2020	17.75
288	336	17.75
288	372	17.75
288	479	17.75
288	541	17.75
288	926	17.75
288	973	17.75
288	1475	17.625
288	1701	17.625
288	1898	17.625
288	414	17.625
288	809	17.625
288	1016	17.5
288	1132	17.5
288	163	17.5
288	165	17.5
288	1650	17.5
288	1787	17.5
288	1932	17.5
288	2148	17.5
288	371	17.5
288	474	17.5
288	513	17.5
288	539	17.5
288	691	17.5
288	933	17.5
288	1143	17.375
288	1321	17.375
288	1485	17.375
288	1488	17.375
288	1632	17.375
288	1653	17.375
288	1758	17.375
288	927	17.375
288	969	17.375
288	1234	17.25
288	144	17.25
288	1487	17.25
288	389	17.25
288	431	17.25
288	998	17.25
288	1043	17.125
289	1867	21.375
289	1903	21.125
289	515	20.25
289	1907	20
289	2089	20
289	1865	19.875
289	1864	19.625
289	1873	19.5
289	1881	19.5
289	1933	19.5
289	1869	19.375
289	1116	19.25
289	1897	19.125
289	2087	19.125
289	830	19.125
289	832	19.125
289	916	19.125
289	1071	19
289	1187	19
289	1274	19
289	178	19
289	1861	19
289	187	19
289	1910	19
289	2004	19
289	2082	19
289	2190	19
289	36	19
289	893	19
289	1103	18.875
289	1217	18.875
289	180	18.875
289	2076	18.875
289	805	18.875
289	1061	18.75
289	1102	18.75
289	1205	18.75
289	1221	18.75
289	1874	18.75
289	1904	18.75
289	1941	18.75
289	1977	18.75
289	731	18.75
289	995	18.75
289	1090	18.625
289	1112	18.625
289	1150	18.625
289	1180	18.625
289	1222	18.625
289	1232	18.625
289	1266	18.625
289	1870	18.625
289	1877	18.625
289	1932	18.625
289	1998	18.625
289	837	18.625
289	1070	18.5
289	1148	18.5
289	1165	18.5
289	1198	18.5
289	168	18.5
289	1785	18.5
289	1856	18.5
289	1876	18.5
289	1942	18.5
289	1943	18.5
289	2207	18.5
289	1036	18.375
289	1111	18.375
289	1114	18.375
289	1186	18.375
289	1226	18.375
289	1974	18.375
289	2072	18.375
289	2085	18.375
289	710	18.375
289	809	18.375
289	826	18.375
289	983	18.375
289	1013	18.25
289	1118	18.25
289	1775	18.25
289	1858	18.25
289	1905	18.25
289	1913	18.25
289	2015	18.25
289	2090	18.25
289	2206	18.25
289	2219	18.25
289	2294	18.25
289	552	18.25
289	598	18.25
289	814	18.25
289	1	18.125
289	100	18.125
289	1003	18.125
289	1014	18.125
289	1253	18.125
289	169	18.125
289	1934	18.125
290	310	15.5
290	317	15.375
290	316	15.25
290	480	15.1875
290	312	15.0625
290	325	14.75
290	481	14.75
290	311	14.6875
290	309	14.3125
290	324	14.3125
290	453	14.3125
290	326	14.1875
290	523	14.1875
290	328	14.0625
290	623	13.9375
290	357	13.8125
290	362	13.8125
290	381	13.8125
290	426	13.75
290	556	13.75
290	302	13.6875
290	517	13.6875
290	327	13.5625
290	314	13.5
290	352	13.5
290	437	13.5
290	552	13.5
290	299	13.4375
290	301	13.4375
290	483	13.4375
290	454	13.375
290	313	13.3125
290	449	13.25
290	456	13.25
290	491	13.25
290	442	13.1875
290	443	13.1875
290	448	13.1875
290	452	13.1875
290	614	13.1875
290	315	13.125
290	358	13.125
290	468	13.125
290	537	13.125
290	323	13.0625
290	345	13.0625
290	356	13.0625
290	601	13.0625
290	630	13.0625
290	300	13
290	319	13
290	367	13
290	374	13
290	578	13
290	305	12.9375
290	321	12.9375
290	366	12.9375
290	405	12.9375
290	603	12.9375
290	609	12.9375
290	369	12.875
290	420	12.875
290	447	12.875
290	477	12.875
290	569	12.875
290	582	12.875
290	610	12.875
290	633	12.875
290	350	12.8125
290	360	12.8125
290	446	12.8125
290	470	12.8125
290	471	12.8125
290	476	12.8125
290	611	12.8125
290	331	12.75
290	344	12.75
290	349	12.75
290	355	12.75
290	450	12.75
290	479	12.75
290	576	12.75
290	581	12.75
290	604	12.75
290	615	12.75
290	1394	12.6875
290	295	12.6875
290	335	12.6875
290	380	12.6875
290	455	12.6875
290	583	12.6875
290	613	12.6875
290	330	12.625
290	348	12.625
290	370	12.625
290	467	12.625
290	469	12.625
290	605	12.625
290	607	12.625
290	322	12.5625
291	1148	14.1875
291	941	12.9375
291	724	12.875
291	1154	12.8125
291	925	12.8125
291	1150	12.625
291	1153	12.5625
291	140	12.5
291	2007	12.5
291	586	12.5
291	725	12.5
291	1123	12.4375
291	1135	12.3125
291	709	12.3125
291	722	12.3125
291	572	12.25
291	708	12.25
291	720	12.25
291	141	12.1875
291	549	12.125
291	111	12
291	1174	12
291	1144	11.9375
291	544	11.9375
291	545	11.9375
291	547	11.9375
291	710	11.9375
291	1155	11.875
291	1160	11.875
291	1168	11.875
291	1172	11.875
291	1175	11.875
291	558	11.875
291	559	11.875
291	1295	11.8125
291	2090	11.8125
291	233	11.8125
291	541	11.8125
291	550	11.8125
291	582	11.8125
291	656	11.75
291	704	11.75
291	715	11.75
291	723	11.75
291	683	11.6875
291	717	11.6875
291	1146	11.625
291	1151	11.625
291	714	11.625
291	134	11.5625
291	581	11.5625
291	695	11.5625
291	1143	11.5
291	1173	11.5
291	442	11.5
291	632	11.5
291	729	11.5
291	1002	11.4375
291	1145	11.4375
291	2152	11.4375
291	394	11.4375
291	574	11.4375
291	1152	11.375
291	1207	11.375
291	546	11.375
291	585	11.375
291	712	11.375
291	929	11.375
291	2087	11.25
291	334	11.25
291	570	11.25
291	583	11.25
291	639	11.25
291	938	11.25
291	997	11.25
291	1157	11.1875
291	1170	11.1875
291	1763	11.1875
291	344	11.1875
291	420	11.1875
291	527	11.1875
291	135	11.125
291	1931	11.125
291	2006	11.125
291	539	11.125
291	703	11.125
291	1142	11.0625
291	1164	11.0625
291	1292	11.0625
291	142	11.0625
291	2147	11.0625
291	336	11.0625
291	365	11.0625
291	526	11.0625
291	705	11.0625
291	1004	11
291	121	11
291	160	11
291	555	11
291	721	11
292	1771	26.875
292	2237	24.25
292	1225	23.5
292	2150	23.5
292	1768	23.125
292	2253	23.125
292	2255	23.125
292	1006	23
292	2229	22.875
292	1015	22.625
292	1003	22.5
292	1017	22.5
292	2252	22.5
292	1013	22.375
292	1763	22.375
292	1789	22.375
292	944	22.375
292	1770	22.25
292	1784	22.25
292	1033	22.125
292	2170	22.125
292	1000	22
292	1764	22
292	1762	21.875
292	1766	21.875
292	2158	21.875
292	1002	21.75
292	1772	21.75
292	1001	21.625
292	1759	21.625
292	2151	21.625
292	2167	21.625
292	1761	21.375
292	1786	21.375
292	1007	21.25
292	1980	21.25
292	2168	21.25
292	2231	21.25
292	236	21.25
292	1154	21.125
292	2156	21.125
292	1236	21
292	2153	21
292	1008	20.875
292	1787	20.875
292	2152	20.75
292	2157	20.75
292	2165	20.75
292	1010	20.625
292	155	20.625
292	192	20.625
292	223	20.625
292	1018	20.5
292	1143	20.5
292	1773	20.5
292	2160	20.5
292	309	20.5
292	1016	20.375
292	370	20.375
292	372	20.375
292	1132	20.25
292	2240	20.25
292	2250	20.25
292	2279	20.25
292	2291	20.25
292	1774	20.125
292	1583	20
292	1788	20
292	1853	20
292	2169	20
292	2186	20
292	2236	20
292	537	20
292	1087	19.875
292	1142	19.875
292	1769	19.875
292	188	19.875
292	2159	19.875
292	228	19.875
292	805	19.875
292	1151	19.75
292	133	19.75
292	1992	19.75
292	834	19.75
292	1226	19.625
292	1991	19.625
292	2202	19.625
292	2245	19.625
292	1012	19.5
292	1059	19.5
292	118	19.5
292	1561	19.5
292	2166	19.5
292	2230	19.5
292	2306	19.5
292	353	19.5
292	508	19.5
292	511	19.5
292	514	19.5
292	519	19.5
293	2113	24.125
293	1159	22.375
293	2151	21.375
293	1922	21.125
293	2166	21.125
293	947	21.125
293	143	21
293	1819	21
293	1897	20.875
293	2056	20.875
293	2311	20.875
293	1151	20.75
293	1981	20.75
293	2207	20.75
293	1259	20.625
293	2203	20.625
293	2244	20.625
293	2293	20.625
293	1010	20.5
293	116	20.5
293	1800	20.5
293	1837	20.5
293	1853	20.5
293	1895	20.5
293	2159	20.5
293	836	20.5
293	1175	20.375
293	1776	20.375
293	954	20.375
293	1158	20.25
293	130	20.25
293	148	20.25
293	1779	20.25
293	946	20.25
293	972	20.25
293	133	20.125
293	930	20.125
293	934	20.125
293	935	20.125
293	958	20.125
293	1079	20
293	1108	20
293	1132	20
293	1135	20
293	1223	20
293	1248	20
293	141	20
293	150	20
293	164	20
293	1843	20
293	2152	20
293	719	20
293	75	20
293	114	19.875
293	117	19.875
293	1234	19.875
293	1242	19.875
293	175	19.875
293	1763	19.875
293	1781	19.875
293	1827	19.875
293	212	19.875
293	2234	19.875
293	557	19.875
293	1009	19.75
293	1131	19.75
293	1174	19.75
293	1946	19.75
293	2276	19.75
293	767	19.75
293	129	19.625
293	139	19.625
293	1849	19.625
293	2129	19.625
293	2292	19.625
293	2307	19.625
293	515	19.625
293	699	19.625
293	112	19.5
293	1127	19.5
293	120	19.5
293	1265	19.5
293	1976	19.5
293	2116	19.5
293	2221	19.5
293	1206	19.375
293	1609	19.375
293	1760	19.375
293	1813	19.375
293	2163	19.375
293	5	19.375
293	944	19.375
293	955	19.375
293	1002	19.25
293	1129	19.25
293	1148	19.25
293	1181	19.25
293	1198	19.25
293	155	19.25
293	1764	19.25
294	1213	21.625
294	2263	20.625
294	2264	19.125
294	1165	17.625
294	1217	17.625
294	723	17.125
294	1508	16.75
294	604	16.625
294	1279	16.5
294	1507	16.125
294	609	16.125
294	630	16.125
294	1656	15.9375
294	411	15.9375
294	1382	15.875
294	1687	15.8125
294	1838	15.8125
294	2262	15.6875
294	533	15.6875
294	508	15.625
294	539	15.625
294	294	15.5625
294	516	15.5625
294	564	15.5625
294	600	15.5625
294	572	15.5
294	628	15.5
294	401	15.4375
294	1028	15.375
294	1500	15.375
294	1504	15.375
294	1750	15.375
294	2269	15.375
294	416	15.375
294	606	15.375
294	607	15.375
294	805	15.375
294	1367	15.3125
294	1389	15.3125
294	556	15.25
294	585	15.25
294	617	15.25
294	629	15.25
294	1503	15.1875
294	336	15.1875
294	444	15.1875
294	620	15.1875
294	1391	15.125
294	1491	15.125
294	1502	15.125
294	345	15.125
294	423	15.125
294	441	15.125
294	442	15.125
294	566	15.125
294	586	15.125
294	602	15.125
294	919	15.125
294	1214	15.0625
294	1676	15.0625
294	425	15.0625
294	616	15.0625
294	1107	15
294	1526	15
294	2109	15
294	348	15
294	394	15
294	398	15
294	625	15
294	1262	14.9375
294	1866	14.9375
294	1876	14.9375
294	290	14.9375
294	413	14.9375
294	497	14.9375
294	534	14.9375
294	537	14.9375
294	581	14.9375
294	605	14.9375
294	631	14.9375
294	1525	14.875
294	437	14.875
294	491	14.875
294	550	14.875
294	554	14.875
294	560	14.875
294	1511	14.8125
294	1524	14.8125
294	193	14.8125
294	2134	14.8125
294	2150	14.8125
294	313	14.8125
294	342	14.8125
294	426	14.8125
294	429	14.8125
294	481	14.8125
294	610	14.8125
294	624	14.8125
294	654	14.8125
294	655	14.8125
295	1132	18.625
295	143	18.625
295	928	18.625
295	118	18.5
295	932	18.5
295	1766	18
295	121	17.625
295	133	17.625
295	119	17.5
295	691	17.5
295	730	17.25
295	1219	17.125
295	1179	16.875
295	1762	16.875
295	689	16.875
295	1761	16.625
295	929	16.625
295	1142	16.5
295	148	16.5
295	1784	16.5
295	1001	16.375
295	1787	16.375
295	927	16.375
295	1000	16.25
295	1135	16.25
295	1143	16.25
295	1174	16.25
295	120	16.25
295	1759	16.25
295	1771	16.25
295	1786	16.25
295	2151	16.25
295	972	16.25
295	1225	16.125
295	139	16.125
295	728	16.125
295	1763	16
295	1789	16
295	930	16
295	2150	15.9375
295	2167	15.9375
295	1186	15.875
295	2169	15.8125
295	727	15.8125
295	1017	15.75
295	1184	15.75
295	1234	15.75
295	2250	15.75
295	1125	15.6875
295	2249	15.6875
295	2252	15.6875
295	1016	15.625
295	1145	15.625
295	1164	15.625
295	1178	15.625
295	2170	15.625
295	2237	15.625
295	2290	15.625
295	125	15.5625
295	2306	15.5625
295	942	15.5625
295	1134	15.5
295	2090	15.5
295	552	15.5
295	944	15.5
295	1013	15.4375
295	1015	15.4375
295	1992	15.4375
295	2087	15.4375
295	51	15.4375
295	933	15.4375
295	941	15.4375
295	138	15.375
295	1765	15.375
295	1931	15.375
295	2168	15.375
295	722	15.375
295	127	15.3125
295	2242	15.3125
295	926	15.3125
295	1010	15.25
295	147	15.25
295	155	15.25
295	222	15.25
295	69	15.25
295	724	15.25
295	731	15.25
295	75	15.25
295	1014	15.1875
295	1207	15.1875
295	129	15.1875
295	1764	15.1875
295	1942	15.1875
295	2037	15.1875
295	2183	15.1875
295	2255	15.1875
295	2264	15.1875
295	833	15.1875
295	934	15.1875
295	945	15.1875
296	121	21.75
296	929	19.375
296	336	18.25
296	523	18
296	541	17.75
296	667	17.75
296	730	17.75
296	1904	17.625
296	527	17.625
296	1142	17.5
296	1344	17.5
296	444	17.5
296	515	17.5
296	2150	17.375
296	328	17.375
296	2290	17.25
296	480	17.25
296	526	17.25
296	539	17.25
296	661	17.25
296	1433	17.125
296	1643	17.125
296	1722	17.125
296	1992	17.125
296	361	17.125
296	805	17.125
296	1472	17
296	1666	17
296	380	17
296	548	17
296	1309	16.875
296	1735	16.875
296	1753	16.875
296	2207	16.875
296	751	16.875
296	1079	16.75
296	1312	16.75
296	1428	16.75
296	1532	16.75
296	1564	16.75
296	1667	16.75
296	1687	16.75
296	510	16.75
296	1097	16.625
296	1152	16.625
296	1219	16.625
296	1253	16.625
296	1652	16.625
296	331	16.625
296	393	16.625
296	567	16.625
296	832	16.625
296	1065	16.5
296	1394	16.5
296	1676	16.5
296	1731	16.5
296	1752	16.5
296	1784	16.5
296	193	16.5
296	1931	16.5
296	2020	16.5
296	2072	16.5
296	2112	16.5
296	2151	16.5
296	295	16.5
296	345	16.5
296	401	16.5
296	542	16.5
296	550	16.5
296	676	16.5
296	715	16.5
296	1069	16.375
296	1190	16.375
296	1366	16.375
296	138	16.375
296	1407	16.375
296	1654	16.375
296	1681	16.375
296	1728	16.375
296	1751	16.375
296	1756	16.375
296	1977	16.375
296	1991	16.375
296	2008	16.375
296	2059	16.375
296	2069	16.375
296	2195	16.375
296	275	16.375
296	363	16.375
296	38	16.375
296	420	16.375
296	508	16.375
296	511	16.375
296	710	16.375
296	1000	16.25
296	1013	16.25
296	1070	16.25
296	1075	16.25
296	1429	16.25
296	1430	16.25
297	892	22.75
297	894	22.75
297	895	22.75
297	889	20
297	870	17.875
297	873	17.375
297	869	17.125
297	860	16.75
297	877	16.75
297	898	16.625
297	918	16.5
297	632	16.375
297	888	16.375
297	552	16.25
297	68	16.25
297	878	16.25
297	1383	16.125
297	2201	16.125
297	1540	16
297	2010	16
297	544	15.9375
297	1337	15.875
297	2074	15.875
297	1327	15.75
297	952	15.6875
297	1514	15.625
297	1612	15.625
297	857	15.625
297	897	15.625
297	900	15.625
297	1427	15.5625
297	2065	15.5625
297	381	15.5625
297	1806	15.5
297	1992	15.5
297	326	15.5
297	1671	15.4375
297	2151	15.4375
297	336	15.375
297	874	15.375
297	876	15.375
297	345	15.3125
297	400	15.3125
297	1304	15.25
297	1396	15.25
297	1760	15.25
297	2069	15.25
297	723	15.25
297	1270	15.1875
297	1675	15.1875
297	194	15.1875
297	442	15.1875
297	582	15.1875
297	1394	15.125
297	1555	15.125
297	2059	15.125
297	2158	15.125
297	1129	15.0625
297	1678	15.0625
297	321	15.0625
297	328	15.0625
297	630	15.0625
297	1680	15
297	1701	15
297	1849	15
297	2236	15
297	311	15
297	63	15
297	886	15
297	1006	14.9375
297	1038	14.9375
297	1165	14.9375
297	1946	14.9375
297	2012	14.9375
297	325	14.9375
297	337	14.9375
297	344	14.9375
297	382	14.9375
297	872	14.9375
297	1313	14.875
297	1314	14.875
297	1407	14.875
297	158	14.875
297	1585	14.875
297	1991	14.875
297	2090	14.875
297	2153	14.875
297	306	14.875
297	492	14.875
297	527	14.875
297	848	14.875
297	879	14.875
297	1303	14.8125
297	1820	14.8125
297	1974	14.8125
297	2016	14.8125
297	416	14.8125
297	611	14.8125
297	1036	14.75
297	1489	14.75
298	1067	19
298	2061	19
298	1046	18.875
298	1977	18.875
298	2199	18.875
298	2098	18.75
298	832	18.5
298	1997	18.125
298	2067	17
298	1097	16.25
298	2195	16
298	1991	15.5
298	51	14.625
298	62	14.25
298	31	13.8125
298	2073	13.6875
298	2074	13.625
298	2003	13.5
298	2079	13.4375
298	43	13.375
298	39	13.3125
298	6	13.125
298	1069	13.0625
298	2076	13.0625
298	2072	13
298	1073	12.9375
298	1184	12.9375
298	1946	12.9375
298	46	12.9375
298	929	12.875
298	1014	12.8125
298	50	12.8125
298	1070	12.6875
298	1080	12.6875
298	2057	12.6875
298	800	12.6875
298	1728	12.625
298	1071	12.5625
298	1180	12.5625
298	1992	12.4375
298	1186	12.3125
298	1951	12.3125
298	363	12.3125
298	10	12.25
298	1072	12.25
298	811	12.25
298	1315	12.1875
298	1715	12.1875
298	2078	12.1875
298	30	12.1875
298	355	12.1875
298	833	12.1875
298	1565	12.125
298	275	12.125
298	1662	12
298	1675	11.9375
298	2050	11.9375
298	48	11.9375
298	730	11.9375
298	1078	11.875
298	1187	11.875
298	121	11.875
298	1253	11.875
298	1275	11.875
298	1617	11.875
298	233	11.875
298	1142	11.8125
298	1427	11.8125
298	814	11.8125
298	827	11.8125
298	1037	11.75
298	1677	11.75
298	1732	11.75
298	364	11.75
298	791	11.75
298	1013	11.6875
298	1075	11.6875
298	1464	11.6875
298	1784	11.6875
298	1904	11.6875
298	523	11.6875
298	1366	11.625
298	1463	11.625
298	1778	11.625
298	2174	11.625
298	2194	11.625
298	805	11.625
298	1049	11.5625
298	1065	11.5625
298	1068	11.5625
298	1670	11.5625
298	803	11.5625
298	1651	11.5
298	1682	11.5
298	1708	11.5
298	1712	11.5
298	1785	11.5
298	1933	11.5
298	810	11.5
298	1564	11.4375
299	2012	18.125
299	822	18.125
299	987	18
299	1045	17.875
299	1973	17.875
299	2198	17.875
299	825	17.875
299	1972	17.75
299	1984	17.75
299	2097	17.75
299	54	17.75
299	1046	17.625
299	1067	17.625
299	2061	17.625
299	2199	17.625
299	62	17.625
299	838	17.625
299	2015	17.375
299	2098	17.375
299	2200	17.125
299	1047	17
299	1974	17
299	2174	17
299	63	17
299	979	17
299	1053	16.875
299	2192	16.875
299	826	16.875
299	1183	16.625
299	1185	16.625
299	1995	16.625
299	2002	16.625
299	2005	16.5
299	2173	16.5
299	233	16.5
299	1221	16.375
299	980	16.375
299	985	16.375
299	1042	16.25
299	1098	16.25
299	1184	16.25
299	1967	16.25
299	1982	16.25
299	2004	16.25
299	978	16.25
299	986	16.25
299	996	16.25
299	1082	16.125
299	1979	16.125
299	1999	16.125
299	2000	16.125
299	2075	16.125
299	2197	16.125
299	232	16.125
299	817	16.125
299	829	16.125
299	1041	16
299	1059	16
299	1061	16
299	1971	16
299	1981	16
299	2178	16
299	2181	16
299	2184	16
299	59	16
299	820	16
299	836	16
299	994	16
299	1094	15.9375
299	1096	15.9375
299	1937	15.9375
299	1938	15.9375
299	1983	15.9375
299	1998	15.9375
299	2049	15.9375
299	1093	15.875
299	2060	15.875
299	2172	15.875
299	40	15.875
299	974	15.875
299	977	15.875
299	984	15.875
299	1092	15.8125
299	1187	15.8125
299	821	15.8125
299	823	15.8125
299	88	15.8125
299	983	15.8125
299	992	15.8125
299	1	15.75
299	1013	15.75
299	1051	15.75
299	2011	15.75
299	2070	15.75
299	824	15.75
299	2007	15.6875
299	50	15.6875
299	1081	15.625
299	2096	15.625
299	37	15.625
300	1750	14.1875
300	1308	14
300	1751	13.375
300	1337	13.25
300	1461	13.0625
300	1537	13.0625
300	1544	13
300	1670	12.875
300	1752	12.875
300	1546	12.8125
300	1755	12.8125
300	1542	12.75
300	1536	12.625
300	1539	12.5625
300	1468	12.5
300	1464	12.4375
300	1662	12.4375
300	1756	12.4375
300	1595	12.375
300	1312	12.3125
300	1341	12.3125
300	1747	12.3125
300	1338	12.25
300	1749	12.25
300	1543	12.1875
300	1754	12.1875
300	1462	12.125
300	1517	12.125
300	1541	12.125
300	1576	12.125
300	1329	12.0625
300	1535	12.0625
300	1628	12.0625
300	1651	12.0625
300	1368	12
300	1545	12
300	1713	11.9375
300	1684	11.875
300	1617	11.8125
300	1616	11.75
300	1601	11.6875
300	1675	11.6875
300	1343	11.625
300	1547	11.625
300	1688	11.625
300	1748	11.5625
300	1313	11.5
300	1349	11.5
300	1366	11.5
300	1703	11.5
300	1753	11.5
300	567	11.4375
300	1488	11.375
300	1556	11.375
300	1562	11.375
300	1588	11.375
300	1726	11.375
300	1309	11.3125
300	1345	11.3125
300	1421	11.3125
300	1489	11.3125
300	1650	11.3125
300	1331	11.25
300	1516	11.25
300	1538	11.25
300	1624	11.25
300	1735	11.25
300	1311	11.1875
300	1333	11.1875
300	1431	11.1875
300	1479	11.1875
300	1606	11.1875
300	1618	11.1875
300	1315	11.125
300	1370	11.125
300	1415	11.125
300	1613	11.125
300	1336	11.0625
300	1360	11.0625
300	1472	11.0625
300	1495	11.0625
300	1508	11.0625
300	1518	11.0625
300	1676	11.0625
300	1701	11.0625
300	1498	11
300	1507	11
300	1551	11
300	1602	11
300	1622	11
300	1344	10.9375
300	1377	10.9375
300	1440	10.9375
300	1524	10.9375
300	1612	10.9375
300	1334	10.875
300	1561	10.875
300	1621	10.875
300	585	10.875
300	1430	10.8125
301	1000	25.875
301	1013	25.75
301	1761	25.375
301	1784	25.125
301	1001	25
301	1762	25
301	2151	24.625
301	2150	24.5
301	1766	24.375
301	2231	24.375
301	1015	24.25
301	2255	24.125
301	1771	24
301	2167	24
301	1225	23.5
301	1009	23.375
301	1786	23.375
301	2165	23.375
301	2229	23.375
301	1017	23.25
301	2159	23.25
301	2230	23.125
301	1769	23
301	2166	23
301	2169	22.875
301	155	22.75
301	1787	22.75
301	1980	22.625
301	1014	22.5
301	2152	22.5
301	2170	22.5
301	2237	22.5
301	236	22.5
301	1002	22.25
301	905	22.25
301	515	22.125
301	188	22
301	2240	22
301	1016	21.875
301	1789	21.875
301	2168	21.875
301	1198	21.625
301	2163	21.625
301	225	21.625
301	1763	21.5
301	206	21.5
301	223	21.5
301	513	21.5
301	514	21.5
301	516	21.5
301	557	21.5
301	1010	21.375
301	1253	21.375
301	1788	21.375
301	1917	21.375
301	1991	21.375
301	834	21.375
301	1152	21.25
301	2236	21.25
301	527	21.25
301	552	21.25
301	1059	21.125
301	1154	21.125
301	1728	21.125
301	2206	21.125
301	2291	21.125
301	2294	21.125
301	699	21.125
301	1012	21
301	1759	21
301	2290	21
301	306	21
301	538	21
301	549	21
301	707	21
301	832	21
301	1003	20.875
301	1143	20.875
301	1175	20.875
301	1925	20.875
301	1942	20.875
301	2202	20.875
301	922	20.875
301	1195	20.75
301	1553	20.75
301	1977	20.75
301	511	20.75
301	541	20.75
301	1142	20.625
301	1430	20.625
301	1722	20.625
301	1931	20.625
301	1978	20.625
301	2248	20.625
301	420	20.625
301	598	20.625
301	715	20.625
301	1054	20.5
301	1102	20.5
301	1108	20.5
302	1293	18.625
302	251	14.5625
302	1302	13.8125
302	268	13.125
302	794	12.875
302	272	12.6875
302	1189	12.5625
302	1820	12.5
302	206	12.5
302	1239	12.4375
302	217	12.4375
302	382	12.4375
302	882	12.4375
302	1822	12.375
302	1932	12.375
302	1914	12.3125
302	252	12.3125
302	256	12.3125
302	271	12.25
302	1916	12.125
302	203	12.125
302	295	12.125
302	1800	12.0625
302	213	12.0625
302	1943	12
302	1187	11.9375
302	1813	11.9375
302	1946	11.875
302	2272	11.875
302	1108	11.8125
302	1242	11.8125
302	1931	11.8125
302	1910	11.75
302	273	11.75
302	175	11.6875
302	2030	11.6875
302	357	11.6875
302	1155	11.625
302	1301	11.625
302	2274	11.625
302	383	11.625
302	724	11.625
302	87	11.625
302	1819	11.5625
302	446	11.5625
302	1198	11.5
302	1794	11.5
302	1976	11.5
302	534	11.5
302	676	11.5
302	731	11.5
302	820	11.5
302	836	11.5
302	1165	11.4375
302	1193	11.4375
302	1621	11.4375
302	1939	11.4375
302	207	11.4375
302	245	11.4375
302	387	11.4375
302	587	11.4375
302	1062	11.375
302	1667	11.375
302	1799	11.375
302	211	11.375
302	2138	11.375
302	276	11.375
302	1001	11.3125
302	1110	11.3125
302	1849	11.3125
302	1913	11.3125
302	1925	11.3125
302	1981	11.3125
302	356	11.3125
302	953	11.3125
302	985	11.3125
302	1056	11.25
302	1059	11.25
302	106	11.25
302	1131	11.25
302	1232	11.25
302	1247	11.25
302	1406	11.25
302	1924	11.25
302	1941	11.25
302	2088	11.25
302	2260	11.25
302	2281	11.25
302	476	11.25
302	738	11.25
302	739	11.25
302	810	11.25
302	1233	11.1875
302	178	11.1875
302	2273	11.1875
302	260	11.1875
302	261	11.1875
302	279	11.1875
302	280	11.1875
302	312	11.1875
303	1279	21.875
303	1217	18.875
303	723	18.25
303	772	18.25
303	1195	18
303	919	17.875
303	1286	17.75
303	1213	17.625
303	1469	17.5
303	1581	17.375
303	1931	17.375
303	1337	17.25
303	2209	17.25
303	2269	17.25
303	1427	17.125
303	1504	17.125
303	2245	17.125
303	39	17.125
303	428	17.125
303	1165	17
303	1316	17
303	1582	17
303	2128	17
303	2263	17
303	2272	17
303	625	17
303	796	17
303	1128	16.875
303	1508	16.875
303	1521	16.875
303	1580	16.875
303	2270	16.875
303	359	16.875
303	1368	16.75
303	1549	16.75
303	1750	16.75
303	574	16.75
303	1367	16.625
303	1577	16.625
303	1672	16.625
303	1874	16.625
303	678	16.625
303	1000	16.5
303	1040	16.5
303	131	16.5
303	1336	16.5
303	1471	16.5
303	1624	16.5
303	1640	16.5
303	1659	16.5
303	1680	16.5
303	1731	16.5
303	1755	16.5
303	1762	16.5
303	2036	16.5
303	226	16.5
303	513	16.5
303	566	16.5
303	591	16.5
303	1103	16.375
303	1260	16.375
303	1342	16.375
303	1498	16.375
303	1682	16.375
303	1690	16.375
303	2112	16.375
303	2137	16.375
303	2151	16.375
303	2264	16.375
303	415	16.375
303	541	16.375
303	665	16.375
303	1077	16.25
303	1109	16.25
303	1231	16.25
303	1382	16.25
303	1454	16.25
303	1491	16.25
303	1500	16.25
303	1507	16.25
303	1527	16.25
303	1602	16.25
303	1610	16.25
303	1642	16.25
303	1679	16.25
303	1683	16.25
303	1687	16.25
303	2038	16.25
303	2052	16.25
303	368	16.25
303	600	16.25
303	629	16.25
303	1001	16.125
303	1406	16.125
303	1530	16.125
303	1578	16.125
303	1613	16.125
303	1622	16.125
303	1677	16.125
303	1691	16.125
304	2116	24.25
304	2106	21.25
304	1040	21.125
304	1260	21.125
304	2107	21
304	2273	20.75
304	2108	20.375
304	2274	19.875
304	2114	18.75
304	2272	18.75
304	2113	18.625
304	2118	18.5
304	1259	18.125
304	1265	18.125
304	1242	17.875
304	753	17.875
304	1232	17.75
304	2281	17.75
304	1191	17.625
304	1108	17.5
304	2088	17.5
304	566	17.5
304	804	17.5
304	1896	17.375
304	1895	17.25
304	2270	17.25
304	517	17.125
304	1776	16.875
304	201	16.875
304	796	16.875
304	1294	16.75
304	19	16.75
304	745	16.75
304	754	16.75
304	1021	16.625
304	1185	16.625
304	1277	16.625
304	1292	16.5
304	188	16.5
304	2111	16.5
304	236	16.5
304	369	16.5
304	37	16.5
304	958	16.5
304	1233	16.375
304	1486	16.375
304	175	16.375
304	2266	16.375
304	354	16.375
304	1029	16.25
304	1038	16.25
304	2109	16.25
304	2269	16.25
304	1103	16.125
304	1170	16.125
304	1215	16.125
304	1268	16.125
304	1869	16.125
304	1976	16.125
304	2105	16.125
304	2262	16.125
304	268	16.125
304	576	16.125
304	776	16.125
304	96	16.125
304	1195	16
304	1201	16
304	2117	16
304	2271	16
304	564	16
304	620	16
304	744	16
304	1262	15.9375
304	1676	15.9375
304	1924	15.9375
304	475	15.9375
304	559	15.9375
304	598	15.9375
304	1200	15.875
304	2264	15.875
304	565	15.875
304	624	15.875
304	625	15.875
304	805	15.875
304	1204	15.8125
304	1234	15.8125
304	1950	15.8125
304	2087	15.8125
304	374	15.8125
304	44	15.8125
304	455	15.8125
304	914	15.8125
304	1031	15.75
304	1076	15.75
304	1482	15.75
304	2051	15.75
304	545	15.75
304	561	15.75
304	1023	15.6875
304	1077	15.6875
305	953	16.5
305	1168	16.375
305	718	16.375
305	1159	16.25
305	696	16.25
305	961	16.25
305	963	16.125
305	123	16
305	149	16
305	958	16
305	139	15.9375
305	151	15.9375
305	956	15.9375
305	1146	15.875
305	1162	15.875
305	134	15.875
305	142	15.875
305	728	15.875
305	950	15.875
305	161	15.75
305	964	15.75
305	111	15.6875
305	1144	15.6875
305	1149	15.6875
305	141	15.6875
305	150	15.6875
305	146	15.5625
305	2116	15.5625
305	1158	15.5
305	1164	15.5
305	1123	15.4375
305	709	15.4375
305	954	15.4375
305	1127	15.375
305	719	15.375
305	955	15.375
305	960	15.375
305	1143	15.3125
305	153	15.3125
305	967	15.3125
305	1236	15.25
305	160	15.25
305	969	15.25
305	689	15.1875
305	952	15.1875
305	937	15.125
305	152	15.0625
305	957	15.0625
305	1949	15
305	1156	14.9375
305	1166	14.875
305	965	14.875
305	128	14.75
305	154	14.75
305	962	14.75
305	143	14.6875
305	971	14.6875
305	1208	14.625
305	1135	14.5625
305	973	14.5625
305	1173	14.5
305	686	14.5
305	927	14.5
305	972	14.5
305	127	14.4375
305	1207	14.375
305	135	14.375
305	932	14.375
305	114	14.3125
305	1148	14.3125
305	145	14.3125
305	156	14.3125
305	157	14.3125
305	165	14.3125
305	113	14.25
305	1134	14.25
305	124	14.25
305	159	14.25
305	704	14.25
305	721	14.25
305	724	14.25
305	1132	14.1875
305	118	14.125
305	166	14.125
305	700	14.125
305	913	14.125
305	1167	14.0625
305	119	14.0625
305	138	14.0625
305	1174	14
305	140	14
305	928	14
305	938	14
305	945	14
305	1125	13.9375
305	1151	13.9375
305	1160	13.9375
305	1161	13.9375
305	1922	13.9375
305	685	13.9375
306	2035	20.375
306	2046	20.375
306	2045	20
306	2025	19.75
306	2028	19.375
306	2043	19.375
306	2290	19.375
306	2302	19.25
306	2202	19.125
306	2295	18.75
306	2037	18.5
306	2044	18.375
306	2300	18.25
306	420	17.75
306	2298	17.625
306	2285	17.5
306	336	17.5
306	2040	17.375
306	335	17.375
306	345	17.375
306	2034	17.25
306	554	17.25
306	2048	17.125
306	2293	17.125
306	2039	17
306	2047	17
306	2207	16.875
306	334	16.875
306	383	16.875
306	2036	16.75
306	337	16.75
306	358	16.75
306	532	16.75
306	598	16.75
306	2038	16.625
306	344	16.625
306	557	16.625
306	566	16.625
306	2301	16.5
306	547	16.5
306	1761	16.375
306	2150	16.375
306	338	16.375
306	51	16.375
306	570	16.375
306	571	16.375
306	578	16.375
306	1000	16.25
306	555	16.25
306	560	16.25
306	342	16.125
306	539	16.125
306	544	16.125
306	574	16.125
306	619	16.125
306	805	16.125
306	1209	16
306	2204	16
306	2291	16
306	553	16
306	1918	15.9375
306	516	15.9375
306	558	15.9375
306	1010	15.875
306	2166	15.875
306	575	15.875
306	286	15.8125
306	521	15.8125
306	567	15.8125
306	585	15.8125
306	1013	15.75
306	1017	15.75
306	1762	15.75
306	556	15.75
306	563	15.75
306	564	15.75
306	576	15.75
306	423	15.625
306	2151	15.5625
306	354	15.5625
306	550	15.5625
306	1942	15.5
306	2170	15.5
306	333	15.5
306	353	15.5
306	427	15.5
306	559	15.5
306	2303	15.4375
306	548	15.4375
306	580	15.4375
306	604	15.4375
306	1001	15.375
306	1118	15.375
306	362	15.375
306	545	15.375
306	565	15.375
306	581	15.375
306	1789	15.3125
306	314	15.3125
306	561	15.3125
307	1132	15.9375
307	1127	15.375
307	678	15.3125
307	148	15.25
307	130	15
307	144	15
307	114	14.8125
307	946	14.75
307	945	14.6875
307	928	14.5625
307	143	14.5
307	674	14.5
307	116	14.375
307	661	14.3125
307	119	14.25
307	1208	14.25
307	1292	14.1875
307	118	14.125
307	156	14.125
307	1174	14.0625
307	120	14.0625
307	158	14.0625
307	931	14.0625
307	957	14
307	133	13.875
307	932	13.875
307	943	13.8125
307	963	13.8125
307	117	13.75
307	163	13.75
307	954	13.75
307	1134	13.5625
307	164	13.5625
307	935	13.5625
307	1129	13.5
307	1133	13.5
307	972	13.5
307	1159	13.4375
307	1175	13.375
307	687	13.375
307	947	13.375
307	2221	13.3125
307	727	13.3125
307	1137	13.25
307	1172	13.25
307	1277	13.25
307	146	13.25
307	1131	13.1875
307	1565	13.1875
307	1145	13.125
307	127	13.0625
307	139	13.0625
307	2150	13
307	1143	12.9375
307	132	12.9375
307	704	12.9375
307	715	12.9375
307	950	12.9375
307	956	12.9375
307	134	12.875
307	150	12.875
307	159	12.875
307	124	12.8125
307	2207	12.8125
307	688	12.8125
307	698	12.8125
307	705	12.8125
307	941	12.8125
307	969	12.8125
307	138	12.75
307	2167	12.75
307	693	12.75
307	934	12.75
307	1161	12.6875
307	1776	12.6875
307	719	12.6875
307	796	12.6875
307	1234	12.625
307	1763	12.625
307	1819	12.625
307	1934	12.625
307	2252	12.625
307	679	12.625
307	805	12.625
307	813	12.625
307	927	12.625
307	960	12.625
307	973	12.625
307	1130	12.5625
307	135	12.5625
307	2166	12.5625
307	2276	12.5625
307	982	12.5625
307	1002	12.5
307	129	12.5
307	1416	12.5
307	1942	12.5
307	222	12.5
307	955	12.5
307	971	12.5
308	1220	18.75
308	1086	17.125
308	1937	17.125
308	2196	17.125
308	56	17.125
308	2059	16.75
308	48	16.75
308	840	16.75
308	990	16.75
308	1986	16.625
308	2017	16.625
308	2069	16.625
308	2093	16.625
308	88	16.375
308	2019	16.25
308	833	15.875
308	45	15.8125
308	843	15.8125
308	231	15.6875
308	1184	15.375
308	2010	15.3125
308	1273	15
308	2049	15
308	1142	14.9375
308	1938	14.9375
308	2079	14.9375
308	50	14.9375
308	1082	14.875
308	2184	14.875
308	1972	14.8125
308	2181	14.8125
308	1180	14.75
308	1987	14.75
308	2068	14.75
308	2070	14.75
308	2074	14.75
308	43	14.75
308	842	14.75
308	89	14.75
308	991	14.75
308	1059	14.6875
308	2012	14.6875
308	367	14.6875
308	923	14.6875
308	1094	14.625
308	1607	14.625
308	2018	14.625
308	380	14.625
308	987	14.5625
308	2002	14.5
308	2073	14.5
308	34	14.5
308	39	14.5
308	822	14.5
308	974	14.5
308	1042	14.4375
308	1061	14.4375
308	1073	14.4375
308	1997	14.4375
308	2015	14.4375
308	2060	14.375
308	2192	14.375
308	2005	14.3125
308	2008	14.3125
308	2011	14.3125
308	232	14.3125
308	233	14.3125
308	58	14.3125
308	1013	14.25
308	1064	14.25
308	1081	14.25
308	1314	14.25
308	1547	14.25
308	2007	14.25
308	366	14.25
308	1234	14.1875
308	2003	14.1875
308	2050	14.1875
308	2085	14.1875
308	2180	14.1875
308	359	14.1875
308	1099	14.125
308	1999	14.125
308	1050	14.0625
308	1187	14.0625
308	2176	14.0625
308	1145	14
308	1312	14
308	2000	14
308	992	14
308	1195	13.9375
308	1967	13.9375
308	1983	13.9375
308	1995	13.9375
308	2001	13.9375
308	2004	13.9375
308	2195	13.9375
308	59	13.9375
308	821	13.9375
308	837	13.9375
309	1706	16.25
309	1709	16.25
309	1711	15.875
309	1719	15.875
309	1707	15.8125
309	1710	15.1875
309	1714	15
309	1712	14.875
309	1716	14.875
309	1718	14.8125
309	1715	14.125
309	1727	13.9375
309	1717	13.1875
309	1391	13
309	1635	13
309	1726	13
309	1381	12.9375
309	323	12.9375
309	542	12.9375
309	1652	12.875
309	1728	12.875
309	147	12.8125
309	1650	12.8125
309	387	12.8125
309	1646	12.75
309	1649	12.75
309	1666	12.75
309	1723	12.75
309	1753	12.625
309	513	12.625
309	544	12.625
309	573	12.625
309	1390	12.5625
309	1647	12.5
309	1648	12.5
309	419	12.5
309	1708	12.4375
309	2213	12.4375
309	307	12.4375
309	462	12.4375
309	642	12.4375
309	1561	12.375
309	318	12.375
309	1617	12.3125
309	104	12.25
309	1313	12.25
309	1480	12.25
309	297	12.25
309	373	12.25
309	1393	12.1875
309	1703	12.1875
309	1734	12.1875
309	645	12.1875
309	1309	12.125
309	1563	12.125
309	389	12.125
309	399	12.125
309	484	12.125
309	602	12.125
309	132	12.0625
309	1404	12.0625
309	352	12.0625
309	416	12.0625
309	440	12.0625
309	1463	12
309	1653	12
309	1713	12
309	1748	12
309	540	12
309	1601	11.9375
309	299	11.9375
309	332	11.9375
309	519	11.9375
309	538	11.9375
309	1317	11.875
309	1483	11.875
309	1636	11.875
309	1665	11.875
309	1720	11.875
309	603	11.875
309	1400	11.8125
309	1507	11.8125
309	1722	11.8125
309	445	11.8125
309	447	11.8125
309	518	11.8125
309	537	11.8125
309	637	11.8125
309	652	11.8125
309	1366	11.75
309	1432	11.75
309	1676	11.75
309	1750	11.75
309	296	11.75
309	322	11.75
309	328	11.75
309	418	11.75
309	450	11.75
309	456	11.75
309	511	11.75
310	66	14.9375
310	364	13.5625
310	1498	12.9375
310	803	12.625
310	1196	12.5625
310	1195	12.5
310	1879	12.5
310	107	12.4375
310	1314	12.4375
310	373	12.4375
310	393	12.4375
310	604	12.4375
310	605	12.375
310	348	12.3125
310	575	12.3125
310	1118	12.25
310	1309	12.25
310	1429	12.25
310	523	12.25
310	1750	12.1875
310	352	12.1875
310	1286	12.125
310	1378	12.125
310	381	12.125
310	2269	12.0625
310	1482	12
310	1625	12
310	193	12
310	354	12
310	360	12
310	366	12
310	566	12
310	567	12
310	574	12
310	608	12
310	1627	11.9375
310	365	11.9375
310	1727	11.875
310	350	11.875
310	560	11.875
310	613	11.875
310	1336	11.8125
310	1370	11.8125
310	1408	11.8125
310	2299	11.8125
310	353	11.8125
310	437	11.8125
310	494	11.8125
310	1260	11.75
310	1374	11.75
310	1892	11.75
310	309	11.75
310	498	11.75
310	606	11.75
310	614	11.75
310	1598	11.6875
310	1742	11.6875
310	342	11.6875
310	544	11.6875
310	564	11.6875
310	1338	11.625
310	1462	11.625
310	1507	11.625
310	1546	11.625
310	1647	11.625
310	1785	11.625
310	380	11.625
310	502	11.625
310	565	11.625
310	607	11.625
310	620	11.625
310	1040	11.5625
310	108	11.5625
310	1363	11.5625
310	1465	11.5625
310	1469	11.5625
310	1539	11.5625
310	1643	11.5625
310	1689	11.5625
310	1744	11.5625
310	593	11.5625
310	1152	11.5
310	1372	11.5
310	1514	11.5
310	1660	11.5
310	338	11.5
310	654	11.5
310	800	11.5
310	1232	11.4375
310	1335	11.4375
310	1339	11.4375
310	1518	11.4375
310	1543	11.4375
310	1554	11.4375
310	1601	11.4375
310	1610	11.4375
310	1613	11.4375
310	1728	11.4375
310	1747	11.4375
310	1885	11.4375
311	1449	21.875
311	1434	21.125
311	1446	20.625
311	1319	20.5
311	1315	20.125
311	1433	19.875
311	1432	19.5
311	1317	19.375
311	1606	19.375
311	1435	19.125
311	1450	18.875
311	1730	18.75
311	1310	18.5
311	1320	18.375
311	1437	18.375
311	1442	18.375
311	1595	18.375
311	1438	18.25
311	1373	18.125
311	1316	18
311	1640	18
311	1695	17.875
311	1454	17.75
311	1402	17.625
311	1416	17.625
311	1420	17.5
311	1482	17.5
311	1651	17.5
311	1439	17.375
311	1448	17.375
311	1447	17.25
311	1529	17.25
311	1731	17.25
311	1323	17.125
311	1443	17.125
311	1617	17.125
311	1662	17.125
311	1404	17
311	1441	17
311	1451	17
311	1484	17
311	1453	16.875
311	1718	16.875
311	1326	16.75
311	1411	16.75
311	1445	16.75
311	1701	16.75
311	1330	16.625
311	1412	16.625
311	1413	16.625
311	1414	16.625
311	1444	16.625
311	1452	16.625
311	1628	16.625
311	1647	16.625
311	1722	16.625
311	1324	16.5
311	1327	16.5
311	1421	16.5
311	1427	16.5
311	1430	16.5
311	1440	16.5
311	1728	16.5
311	1400	16.375
311	1436	16.375
311	1096	16.25
311	1562	16.25
311	1675	16.25
311	1702	16.25
311	1725	16.25
311	1732	16.25
311	2248	16.25
311	1381	16.125
311	1410	16.125
311	1428	16.125
311	1483	16.125
311	1489	16.125
311	1673	16.125
311	1700	16.125
311	1713	16.125
311	1335	16
311	1337	16
311	1374	16
311	1382	16
311	1684	16
311	1312	15.9375
311	1380	15.9375
311	1424	15.9375
311	1498	15.9375
311	1537	15.9375
311	195	15.9375
311	1339	15.875
311	1419	15.875
311	1426	15.875
311	1485	15.875
311	1740	15.875
311	1307	15.8125
311	1313	15.8125
311	1425	15.75
311	1459	15.75
312	1448	16.875
312	1449	16.125
312	1438	15.625
312	1443	15.625
312	1450	15.3125
312	1453	15
312	1447	14.5
312	1452	14.5
312	1442	14.0625
312	1435	14
312	1433	13.75
312	1454	13.6875
312	1457	13.625
312	1432	13.375
312	1446	13.125
312	1436	13.0625
312	1444	12.9375
312	1466	12.9375
312	1215	12.875
312	1459	12.75
312	1437	12.6875
312	1441	12.6875
312	1469	12.625
312	1460	12.5625
312	1445	12.5
312	1458	12.375
312	1467	12.1875
312	1463	12.125
312	1439	11.875
312	1455	11.75
312	1029	11.3125
312	1357	11.3125
312	1456	11.3125
312	1693	11.3125
312	1373	11.1875
312	1465	11.125
312	1471	11.125
312	106	10.875
312	1307	10.75
312	1474	10.75
312	2128	10.6875
312	213	10.6875
312	763	10.5625
312	1461	10.5
312	1472	10.5
312	1748	10.4375
312	1263	10.375
312	229	10.375
312	479	10.375
312	1363	10.3125
312	2295	10.25
312	1470	10.1875
312	875	10.125
312	1494	10.0625
312	255	10.0625
312	437	10.0625
312	475	10.0625
312	477	10.0625
312	1747	10
312	346	10
312	523	10
312	1806	9.9375
312	2053	9.9375
312	2286	9.9375
312	445	9.9375
312	646	9.9375
312	1511	9.875
312	1682	9.875
312	1797	9.875
312	332	9.875
312	460	9.875
312	613	9.875
312	633	9.875
312	647	9.875
312	732	9.875
312	1762	9.8125
312	1817	9.8125
312	1956	9.8125
312	208	9.8125
312	2288	9.8125
312	257	9.8125
312	588	9.8125
312	814	9.8125
312	1170	9.75
312	1398	9.75
312	1925	9.75
312	267	9.75
312	340	9.75
312	508	9.75
312	169	9.6875
312	287	9.6875
312	447	9.6875
312	648	9.6875
312	929	9.6875
312	1546	9.625
312	1799	9.625
312	300	9.625
312	427	9.625
312	485	9.625
312	1034	9.5625
313	1008	24.25
313	1773	24
313	2160	23.75
313	698	22.5
313	1774	20.875
313	697	20.875
313	2204	20.75
313	2221	20.75
313	1144	20.5
313	1151	20.375
313	371	20.25
313	379	20
313	2203	19.875
313	2217	19.75
313	701	19.75
313	1160	19.5
313	1853	19.25
313	1127	19.125
313	148	19
313	2191	19
313	2292	19
313	370	19
313	1132	18.875
313	114	18.875
313	127	18.875
313	157	18.875
313	1895	18.875
313	1259	18.75
313	1809	18.75
313	2243	18.75
313	232	18.75
313	1015	18.625
313	1143	18.625
313	1174	18.625
313	1786	18.625
313	2291	18.625
313	481	18.625
313	1006	18.5
313	1175	18.5
313	1097	18.375
313	1225	18.375
313	1980	18.375
313	1789	18.25
313	1972	18.25
313	2161	18.25
313	699	18.25
313	928	18.25
313	1091	18.125
313	1148	18.125
313	1198	18.125
313	240	18.125
313	582	18.125
313	1017	18
313	120	18
313	2170	18
313	377	18
313	956	18
313	1009	17.875
313	130	17.875
313	2195	17.875
313	2202	17.875
313	586	17.875
313	1135	17.75
313	124	17.75
313	129	17.75
313	1768	17.75
313	1787	17.75
313	1991	17.75
313	2159	17.75
313	2245	17.75
313	372	17.75
313	431	17.75
313	927	17.75
313	973	17.75
313	1788	17.625
313	1922	17.625
313	2006	17.625
313	378	17.625
313	113	17.5
313	1181	17.5
313	159	17.5
313	1759	17.5
313	1896	17.5
313	1898	17.5
313	1938	17.5
313	468	17.5
313	719	17.5
313	932	17.5
313	1292	17.375
313	1771	17.375
313	1818	17.375
313	1897	17.375
313	2253	17.375
313	585	17.375
313	688	17.375
313	690	17.375
313	934	17.375
313	1002	17.25
313	1152	17.25
313	116	17.25
314	1279	21.125
314	1817	16
314	807	15.875
314	309	15.3125
314	1282	15.1875
314	1260	15.125
314	1285	15.125
314	556	15.0625
314	672	15
314	1038	14.9375
314	1812	14.9375
314	676	14.9375
314	1283	14.8125
314	310	14.8125
314	550	14.6875
314	471	14.625
314	547	14.625
314	1860	14.5625
314	312	14.5625
314	389	14.5625
314	455	14.5625
314	467	14.5625
314	667	14.5625
314	1810	14.5
314	673	14.5
314	674	14.5
314	1811	14.4375
314	358	14.4375
314	456	14.4375
314	1950	14.375
314	668	14.375
314	671	14.375
314	1040	14.3125
314	491	14.3125
314	961	14.3125
314	359	14.25
314	399	14.25
314	459	14.25
314	477	14.25
314	1815	14.1875
314	257	14.1875
314	457	14.1875
314	468	14.1875
314	469	14.1875
314	681	14.1875
314	131	14.125
314	1840	14.125
314	383	14.125
314	387	14.125
314	454	14.125
314	785	14.125
314	1800	14.0625
314	1918	14.0625
314	397	14.0625
314	1792	14
314	1830	14
314	267	14
314	401	14
314	552	14
314	566	14
314	666	14
314	1805	13.9375
314	382	13.9375
314	478	13.9375
314	565	13.9375
314	1284	13.875
314	14	13.875
314	1482	13.875
314	1797	13.875
314	215	13.875
314	247	13.875
314	339	13.875
314	377	13.875
314	472	13.875
314	677	13.875
314	129	13.8125
314	1841	13.8125
314	317	13.8125
314	338	13.8125
314	364	13.8125
314	385	13.8125
314	558	13.8125
314	662	13.8125
314	159	13.75
314	1814	13.75
314	244	13.75
314	336	13.75
314	352	13.75
314	413	13.75
314	567	13.75
314	647	13.75
314	110	13.6875
314	1142	13.6875
314	1303	13.6875
314	1944	13.6875
314	2278	13.6875
314	266	13.6875
314	453	13.6875
314	563	13.6875
314	624	13.6875
315	730	15.6875
315	1219	14.625
315	929	13.1875
315	751	13.0625
315	1275	13
315	1037	12.8125
315	121	12.5625
315	1276	12.5625
315	1142	12.5
315	1241	12.3125
315	754	12.3125
315	1273	12.125
315	1274	12.125
315	1253	12.0625
315	1014	12
315	1742	12
315	361	12
315	1428	11.9375
315	1755	11.9375
315	1035	11.875
315	1036	11.875
315	1312	11.875
315	1551	11.875
315	28	11.75
315	1744	11.625
315	1743	11.5625
315	1562	11.5
315	1815	11.5
315	187	11.5
315	1690	11.4375
315	761	11.4375
315	1102	11.375
315	1430	11.375
315	1472	11.375
315	755	11.375
315	760	11.375
315	355	11.3125
315	1411	11.25
315	1429	11.25
315	2209	11.25
315	1415	11.1875
315	1326	11.125
315	15	11.125
315	1741	11.125
315	753	11.125
315	1309	11.0625
315	1344	11.0625
315	1676	11.0625
315	1756	11.0625
315	803	11.0625
315	107	11
315	1805	11
315	1932	11
315	1933	11
315	254	11
315	275	11
315	363	11
315	1077	10.9375
315	1615	10.9375
315	2052	10.9375
315	2290	10.9375
315	523	10.9375
315	748	10.9375
315	805	10.9375
315	1070	10.875
315	2072	10.875
315	365	10.875
315	366	10.875
315	1189	10.8125
315	1331	10.8125
315	1427	10.8125
315	1431	10.8125
315	1532	10.8125
315	1657	10.8125
315	1719	10.8125
315	1751	10.8125
315	243	10.8125
315	1308	10.75
315	1315	10.75
315	1343	10.75
315	138	10.75
315	1578	10.75
315	1728	10.75
315	1814	10.75
315	29	10.75
315	744	10.75
315	750	10.75
315	1013	10.6875
315	1084	10.6875
315	1394	10.6875
315	1414	10.6875
315	1644	10.6875
315	193	10.6875
315	2050	10.6875
315	2224	10.6875
315	70	10.6875
315	742	10.6875
315	772	10.6875
315	888	10.6875
315	1180	10.625
316	2037	17.25
316	2293	16.875
316	2038	16.75
316	2287	16.75
316	2291	16.75
316	2039	16.625
316	2290	16.625
316	1206	16.5
316	2202	16.5
316	2035	16.25
316	2040	16.25
316	2046	16.25
316	2207	16.25
316	2036	16.125
316	2292	16.125
316	2203	16
316	2205	15.875
316	2045	15.75
316	2204	15.625
316	2288	15.625
316	2206	15.5625
316	336	15.5625
316	2298	15.5
316	2301	15.4375
316	2029	15.375
316	2302	15.375
316	2041	15.3125
316	2294	15.3125
316	2296	15.3125
316	2295	15.1875
316	2027	15.125
316	2044	15.0625
316	337	15.0625
316	1010	15
316	2034	15
316	2047	15
316	2201	15
316	2025	14.9375
316	2150	14.9375
316	922	14.9375
316	2030	14.875
316	2283	14.875
316	338	14.875
316	917	14.875
316	2208	14.8125
316	2285	14.8125
316	229	14.8125
316	547	14.8125
316	2042	14.75
316	2151	14.75
316	2300	14.75
316	1000	14.6875
316	1198	14.6875
316	2048	14.625
316	2289	14.625
316	1017	14.5625
316	344	14.5625
316	2286	14.5
316	1227	14.4375
316	2166	14.4375
316	578	14.4375
316	1123	14.375
316	1001	14.3125
316	1761	14.3125
316	1762	14.3125
316	2022	14.3125
316	345	14.3125
316	805	14.3125
316	2090	14.25
316	420	14.25
316	557	14.25
316	2043	14.1875
316	1786	14.0625
316	1943	14.0625
316	382	14.0625
316	383	14.0625
316	1015	14
316	2028	14
316	2112	14
316	1013	13.9375
316	1165	13.9375
316	1766	13.9375
316	1942	13.9375
316	138	13.875
316	342	13.875
316	358	13.875
316	539	13.875
316	93	13.875
316	2167	13.8125
316	334	13.8125
316	335	13.8125
316	905	13.8125
316	2170	13.75
316	380	13.75
316	1166	13.6875
316	72	13.625
316	2168	13.5625
316	552	13.5625
316	720	13.5625
316	1209	13.5
317	1593	29.125
317	1440	28.625
317	1551	27.5
317	1415	27.375
317	1429	27.125
317	1599	26.875
317	1451	26.625
317	1428	26.25
317	1350	25.875
317	1676	25.875
317	1366	25.5
317	1506	25.5
317	1527	25.5
317	1556	25.375
317	1679	25.375
317	1681	25.375
317	1624	25.25
317	1312	25.125
317	1359	25.125
317	1416	25.125
317	1565	25.125
317	1614	25.125
317	1675	25.125
317	1682	25.125
317	1683	25.125
317	1610	25
317	1311	24.875
317	1326	24.875
317	1360	24.875
317	1583	24.875
317	1318	24.75
317	1337	24.75
317	1353	24.75
317	1516	24.75
317	1518	24.75
317	1531	24.75
317	1564	24.75
317	1568	24.75
317	1588	24.75
317	1644	24.75
317	1652	24.75
317	1670	24.75
317	1469	24.625
317	1480	24.625
317	1540	24.625
317	1562	24.625
317	1601	24.625
317	1612	24.625
317	513	24.625
317	1310	24.5
317	1327	24.5
317	1352	24.5
317	1354	24.5
317	1358	24.5
317	1465	24.5
317	1536	24.5
317	1549	24.5
317	1560	24.5
317	1609	24.5
317	1307	24.375
317	1313	24.375
317	1343	24.375
317	1427	24.375
317	1489	24.375
317	1491	24.375
317	1561	24.375
317	1585	24.375
317	1665	24.375
317	1678	24.375
317	1690	24.375
317	1363	24.25
317	1454	24.25
317	1586	24.25
317	1641	24.25
317	1688	24.25
317	1521	24.125
317	1532	24.125
317	1613	24.125
317	1615	24.125
317	1669	24.125
317	1671	24.125
317	1755	24.125
317	1356	24
317	1456	24
317	1457	24
317	1463	24
317	1481	24
317	1554	24
317	1595	24
317	1634	24
317	1647	24
317	1315	23.875
317	1340	23.875
317	1349	23.875
317	1355	23.875
317	1361	23.875
317	1411	23.875
317	1486	23.875
317	1541	23.875
317	1566	23.875
318	364	18.5
318	365	16.5
318	363	16.375
318	574	15.6875
318	354	15.3125
318	366	15.25
318	544	15.1875
318	393	15.0625
318	353	14.8125
318	360	14.8125
318	420	14.8125
318	523	14.75
318	649	14.6875
318	358	14.625
318	1180	14.5625
318	425	14.4375
318	437	14.4375
318	929	14.4375
318	1142	14.375
318	380	14.375
318	121	14.3125
318	352	14.25
318	1186	14.1875
318	355	14.125
318	356	14.125
318	357	14.125
318	575	14.125
318	1035	14.0625
318	2290	14.0625
318	742	14.0625
318	1273	14
318	560	14
318	367	13.9375
318	427	13.9375
318	564	13.9375
318	586	13.8125
318	730	13.8125
318	1377	13.75
318	349	13.75
318	1195	13.625
318	1526	13.625
318	381	13.625
318	548	13.625
318	572	13.625
318	576	13.625
318	347	13.5
318	492	13.5
318	655	13.5
318	138	13.4375
318	442	13.4375
318	549	13.4375
318	1720	13.375
318	2213	13.375
318	430	13.375
318	545	13.375
318	581	13.375
318	754	13.375
318	1945	13.3125
318	2087	13.3125
318	1196	13.25
318	1706	13.25
318	547	13.25
318	810	13.25
318	1145	13.1875
318	1207	13.1875
318	1464	13.1875
318	1705	13.1875
318	1728	13.1875
318	350	13.1875
318	426	13.1875
318	443	13.1875
318	527	13.1875
318	579	13.1875
318	1266	13.125
318	1625	13.125
318	1670	13.125
318	348	13.125
318	517	13.125
318	582	13.125
318	1152	13.0625
318	1742	13.0625
318	428	13.0625
318	565	13.0625
318	1676	13
318	1751	13
318	2047	13
318	361	13
318	414	13
318	515	13
318	554	13
318	577	13
318	598	13
318	715	13
318	1805	12.9375
318	539	12.9375
318	143	12.875
318	1525	12.875
318	1609	12.875
318	1756	12.875
318	275	12.875
319	547	24
319	336	23.375
319	337	22.875
319	586	22.625
319	598	22.625
319	577	22.5
319	835	22.5
319	548	22.375
319	620	22.375
319	559	22.25
319	982	22.25
319	334	22
319	834	22
319	922	22
319	1148	21.875
319	2007	21.875
319	427	21.875
319	491	21.875
319	983	21.875
319	143	21.75
319	338	21.75
319	2004	21.625
319	632	21.625
319	954	21.625
319	1152	21.5
319	420	21.5
319	553	21.5
319	571	21.5
319	572	21.5
319	837	21.5
319	1013	21.375
319	1165	21.375
319	1784	21.375
319	2150	21.375
319	322	21.375
319	516	21.375
319	552	21.375
319	555	21.375
319	731	21.375
319	1174	21.25
319	1992	21.25
319	502	21.25
319	515	21.25
319	527	21.25
319	539	21.25
319	544	21.25
319	578	21.25
319	585	21.25
319	1155	21.125
319	1160	21.125
319	2090	21.125
319	546	21.125
319	550	21.125
319	554	21.125
319	715	21.125
319	1145	21
319	1170	21
319	1175	21
319	1991	21
319	333	21
319	335	21
319	344	21
319	353	21
319	354	21
319	425	21
319	570	21
319	574	21
319	1000	20.875
319	1153	20.875
319	1265	20.875
319	2151	20.875
319	362	20.875
319	414	20.875
319	545	20.875
319	549	20.875
319	557	20.875
319	652	20.875
319	929	20.875
319	2265	20.75
319	290	20.75
319	386	20.75
319	517	20.75
319	526	20.75
319	565	20.75
319	566	20.75
319	581	20.75
319	965	20.75
319	1186	20.625
319	1561	20.625
319	428	20.625
319	510	20.625
319	556	20.625
319	579	20.625
319	605	20.625
319	674	20.625
319	709	20.625
319	1001	20.5
319	1143	20.5
319	1164	20.5
319	1187	20.5
320	1933	19.625
320	233	19.625
320	225	19.5
320	1931	19.375
320	979	19.375
320	226	19.25
320	1187	19.125
320	221	19.125
320	828	19.125
320	1932	19
320	995	18.875
320	827	18.75
320	981	18.75
320	1935	18.625
320	1941	18.625
320	224	18.375
320	2001	18.25
320	222	18.25
320	707	18.125
320	958	18
320	1928	17.875
320	1930	17.875
320	1929	17.75
320	2112	17.25
320	90	17.125
320	1976	16.875
320	2085	16.625
320	796	16.5
320	782	16.375
320	1109	16.25
320	1946	16.25
320	1274	16.125
320	132	16.125
320	2075	16.125
320	36	16.125
320	697	16.125
320	1185	16
320	805	16
320	1925	15.9375
320	1951	15.9375
320	811	15.9375
320	1070	15.875
320	141	15.875
320	172	15.875
320	2035	15.875
320	749	15.875
320	750	15.875
320	1200	15.8125
320	1918	15.8125
320	1934	15.8125
320	2074	15.8125
320	731	15.8125
320	736	15.8125
320	1943	15.75
320	2290	15.75
320	2312	15.75
320	751	15.75
320	801	15.75
320	154	15.6875
320	1195	15.625
320	2251	15.625
320	753	15.625
320	836	15.625
320	1198	15.5625
320	158	15.5625
320	1954	15.5625
320	1981	15.5625
320	2071	15.5625
320	2072	15.5625
320	2220	15.5625
320	2310	15.5625
320	240	15.5625
320	795	15.5625
320	94	15.5625
320	1204	15.5
320	1212	15.5
320	745	15.5
320	754	15.5
320	780	15.5
320	963	15.5
320	1923	15.4375
320	1939	15.4375
320	752	15.4375
320	768	15.4375
320	809	15.4375
320	831	15.4375
320	1154	15.375
320	1241	15.375
320	2206	15.375
320	1003	15.3125
320	1076	15.3125
320	1218	15.3125
320	1228	15.3125
320	1237	15.3125
320	1275	15.3125
320	139	15.3125
320	1775	15.3125
320	1903	15.3125
320	2051	15.3125
320	2192	15.3125
321	861	18
321	1919	14.125
321	205	12.625
321	1568	12.5625
321	1920	12.4375
321	1474	12.375
321	1946	12.375
321	441	12.3125
321	869	12.1875
321	889	12.125
321	1574	12.0625
321	1643	12.0625
321	863	12.0625
321	865	12.0625
321	855	12
321	1000	11.9375
321	1463	11.9375
321	1698	11.9375
321	854	11.9375
321	862	11.9375
321	881	11.9375
321	886	11.9375
321	1001	11.875
321	1507	11.875
321	1632	11.875
321	1671	11.875
321	1899	11.875
321	547	11.875
321	583	11.875
321	630	11.875
321	858	11.875
321	907	11.875
321	1465	11.8125
321	1686	11.8125
321	1696	11.8125
321	1720	11.8125
321	2295	11.8125
321	562	11.8125
321	805	11.8125
321	1466	11.75
321	1503	11.75
321	1668	11.75
321	295	11.75
321	508	11.75
321	592	11.75
321	629	11.75
321	1307	11.6875
321	1422	11.6875
321	1511	11.6875
321	1724	11.6875
321	1811	11.6875
321	586	11.6875
321	877	11.6875
321	1454	11.625
321	1459	11.625
321	1681	11.625
321	1685	11.625
321	1721	11.625
321	581	11.625
321	850	11.625
321	897	11.625
321	924	11.625
321	1407	11.5625
321	1460	11.5625
321	1673	11.5625
321	1797	11.5625
321	406	11.5625
321	615	11.5625
321	1438	11.5
321	1455	11.5
321	1488	11.5
321	1575	11.5
321	1578	11.5
321	1704	11.5
321	1713	11.5
321	1747	11.5
321	1761	11.5
321	2215	11.5
321	2255	11.5
321	344	11.5
321	361	11.5
321	539	11.5
321	594	11.5
321	621	11.5
321	1512	11.4375
321	1571	11.4375
321	1572	11.4375
321	1688	11.4375
321	1703	11.4375
321	1756	11.4375
321	452	11.4375
321	848	11.4375
321	1471	11.375
321	1489	11.375
321	1577	11.375
321	1679	11.375
321	1762	11.375
321	490	11.375
321	853	11.375
321	880	11.375
322	34	15.9375
322	43	14.25
322	1972	14.1875
322	822	14
322	1098	13.5625
322	1082	13.4375
322	2181	13.4375
322	2098	13.3125
322	1041	13.25
322	1971	13.25
322	820	13.125
322	825	13.125
322	2096	13.0625
322	23	13.0625
322	59	13.0625
322	62	13.0625
322	2173	12.9375
322	996	12.9375
322	1	12.875
322	1096	12.875
322	986	12.875
322	1948	12.8125
322	1951	12.8125
322	1973	12.8125
322	2050	12.8125
322	2192	12.8125
322	1053	12.6875
322	1998	12.6875
322	1045	12.625
322	2097	12.625
322	1046	12.5625
322	1067	12.5625
322	12	12.5625
322	2061	12.5625
322	2199	12.5625
322	985	12.4375
322	1959	12.375
322	2198	12.375
322	992	12.3125
322	1042	12.25
322	2197	12.25
322	2200	12.125
322	817	12.125
322	974	12.125
322	976	12.125
322	1220	12.0625
322	977	12.0625
322	40	12
322	54	12
322	63	12
322	1097	11.9375
322	1187	11.9375
322	1967	11.9375
322	2172	11.9375
322	232	11.9375
322	829	11.9375
322	88	11.9375
322	1094	11.875
322	1979	11.875
322	2195	11.875
322	2058	11.8125
322	838	11.75
322	1984	11.6875
322	978	11.6875
322	727	11.625
322	987	11.625
322	1989	11.4375
322	1996	11.4375
322	2180	11.4375
322	2184	11.4375
322	845	11.4375
322	2000	11.3125
322	826	11.3125
322	1419	11.25
322	1974	11.25
322	2015	11.25
322	1665	11.1875
322	2020	11.1875
322	2079	11.1875
322	1099	11.125
322	1184	11.125
322	1221	11.125
322	1937	11.125
322	2005	11.125
322	2012	11.125
322	2311	11.125
322	837	11.125
322	1075	11.0625
322	1081	11.0625
322	1234	11.0625
322	1995	11.0625
322	1064	11
322	1073	11
322	1513	11
322	828	11
322	843	11
322	1427	10.9375
322	1585	10.9375
322	1608	10.9375
322	1644	10.9375
323	94	17.375
323	92	14.8125
323	963	13.8125
323	1236	13.4375
323	1170	13.0625
323	964	12.9375
323	1768	12.375
323	85	12.3125
323	1161	12.0625
323	1198	12
323	717	12
323	1006	11.8125
323	1181	11.75
323	2156	11.75
323	684	11.6875
323	1104	11.625
323	1207	11.4375
323	1175	11.375
323	171	11.375
323	1774	11.375
323	2221	11.375
323	226	11.375
323	130	11.3125
323	2117	11.3125
323	984	11.3125
323	2230	11.25
323	724	11.25
323	1144	11.1875
323	1168	11.1875
323	962	11.125
323	1157	11
323	1223	11
323	124	11
323	142	11
323	2240	11
323	965	11
323	973	11
323	2244	10.9375
323	701	10.9375
323	1324	10.875
323	160	10.875
323	211	10.875
323	2291	10.875
323	2080	10.8125
323	2217	10.8125
323	685	10.8125
323	715	10.8125
323	821	10.8125
323	1485	10.75
323	706	10.75
323	711	10.75
323	1772	10.6875
323	178	10.6875
323	2157	10.6875
323	2166	10.6875
323	514	10.6875
323	716	10.6875
323	1116	10.625
323	1127	10.625
323	1749	10.625
323	1983	10.625
323	2141	10.625
323	2150	10.625
323	2265	10.625
323	421	10.625
323	828	10.625
323	1012	10.5625
323	1126	10.5625
323	1555	10.5625
323	1948	10.5625
323	2163	10.5625
323	683	10.5625
323	96	10.5625
323	1093	10.5
323	1158	10.5
323	1234	10.5
323	1370	10.5
323	76	10.5
323	980	10.5
323	134	10.4375
323	1939	10.4375
323	213	10.4375
323	1088	10.375
323	2225	10.375
323	2234	10.375
323	2242	10.375
323	2253	10.375
323	2276	10.375
323	699	10.375
323	1132	10.3125
323	1320	10.3125
323	172	10.3125
323	188	10.3125
323	1982	10.3125
323	2187	10.3125
323	2255	10.3125
323	227	10.3125
323	277	10.3125
323	709	10.3125
323	913	10.3125
324	1121	13.9375
324	186	13.5625
324	179	13.375
324	1114	12.8125
324	1103	12.75
324	2209	12.6875
324	1118	12.625
324	175	12.5625
324	184	12.5625
324	1119	12.4375
324	180	12.375
324	1120	12.25
324	1250	12.25
324	2281	12.25
324	532	12.25
324	1232	12.1875
324	176	12.1875
324	334	12.1875
324	1108	12.125
324	173	12.125
324	1112	12.0625
324	1247	12.0625
324	1245	12
324	187	12
324	1100	11.9375
324	1102	11.9375
324	185	11.875
324	1122	11.8125
324	1242	11.8125
324	178	11.8125
324	188	11.8125
324	769	11.8125
324	1109	11.75
324	1111	11.75
324	190	11.75
324	572	11.75
324	2210	11.6875
324	2090	11.625
324	333	11.625
324	354	11.625
324	563	11.625
324	2038	11.5625
324	335	11.5625
324	392	11.5625
324	500	11.5625
324	1104	11.5
324	2299	11.5
324	391	11.5
324	519	11.5
324	554	11.5
324	1866	11.4375
324	534	11.4375
324	574	11.4375
324	1014	11.375
324	1075	11.375
324	1105	11.375
324	233	11.375
324	352	11.375
324	429	11.375
324	656	11.375
324	1013	11.3125
324	2194	11.3125
324	585	11.3125
324	174	11.25
324	444	11.25
324	484	11.25
324	568	11.25
324	795	11.25
324	1246	11.1875
324	1862	11.1875
324	1943	11.1875
324	401	11.1875
324	541	11.1875
324	545	11.1875
324	1153	11.125
324	1239	11.125
324	1386	11.125
324	169	11.125
324	1942	11.125
324	355	11.125
324	394	11.125
324	495	11.125
324	523	11.125
324	571	11.125
324	602	11.125
324	620	11.125
324	1116	11.0625
324	2270	11.0625
324	2303	11.0625
324	345	11.0625
324	356	11.0625
324	383	11.0625
324	517	11.0625
324	539	11.0625
324	566	11.0625
324	569	11.0625
324	598	11.0625
324	619	11.0625
324	621	11.0625
324	625	11.0625
325	248	25.875
325	2115	25.125
325	249	24
325	242	23.5
325	245	23.5
325	246	23.5
325	247	23.25
325	276	23.125
325	241	22.875
325	1192	22.625
325	2112	22.625
325	266	22.625
325	279	22.5
325	274	22.375
325	280	21.75
325	1194	21.625
325	244	21.625
325	250	21.625
325	281	21.5
325	251	21.375
325	1193	20.875
325	1186	20.375
325	1948	20.375
325	2086	20.375
325	1230	20.25
325	2277	20.25
325	1215	20.125
325	1231	20
325	1913	20
325	2278	20
325	282	20
325	1202	19.875
325	1866	19.625
325	179	19.5
325	211	19.5
325	272	19.5
325	576	19.5
325	444	19.375
325	574	19.375
325	106	19.25
325	1268	19.25
325	1836	19.25
325	2266	19.25
325	1028	19.125
325	269	19
325	72	19
325	1830	18.875
325	206	18.875
325	294	18.875
325	75	18.875
325	1164	18.75
325	1234	18.75
325	216	18.75
325	577	18.75
325	1819	18.625
325	1198	18.5
325	1204	18.5
325	1824	18.5
325	1831	18.5
325	703	18.5
325	961	18.5
325	1262	18.375
325	2111	18.375
325	575	18.375
325	905	18.375
325	1177	18.25
325	1233	18.25
325	1641	18.25
325	1660	18.25
325	2191	18.25
325	229	18.25
325	264	18.25
325	432	18.25
325	436	18.25
325	562	18.25
325	602	18.25
325	816	18.25
325	1250	18.125
325	2089	18.125
325	2219	18.125
325	2275	18.125
325	275	18.125
325	796	18.125
325	973	18.125
325	1088	18
325	1091	18
325	1172	18
325	1387	18
325	1820	18
325	1957	18
325	2187	18
325	222	18
325	2223	18
325	257	18
325	286	18
325	399	18
325	454	18
325	484	18
325	715	18
325	882	18
326	963	25.875
326	156	25.75
326	1127	25.625
326	1132	25.625
326	143	25.5
326	928	25.5
326	119	25.125
326	956	25.125
326	1143	24.75
326	114	24.625
326	972	24.625
326	124	24.375
326	139	24.375
326	1174	24.25
326	127	24.25
326	932	24.25
326	118	24.125
326	927	24.125
326	1175	24
326	1161	23.875
326	165	23.875
326	150	23.75
326	945	23.75
326	686	23.625
326	973	23.5
326	1134	23.375
326	1159	23.375
326	1173	23.375
326	144	23.375
326	941	23.375
326	965	23.375
326	1208	23.25
326	1949	23.25
326	954	23.25
326	957	23.25
326	141	23.125
326	1125	23
326	1144	23
326	130	23
326	146	23
326	692	23
326	1168	22.875
326	134	22.875
326	138	22.875
326	166	22.875
326	955	22.875
326	1135	22.75
326	1148	22.75
326	135	22.75
326	154	22.75
326	964	22.75
326	148	22.625
326	159	22.625
326	691	22.625
326	942	22.625
326	969	22.625
326	971	22.625
326	1236	22.5
326	142	22.5
326	158	22.5
326	163	22.5
326	728	22.5
326	961	22.5
326	113	22.375
326	1145	22.375
326	938	22.375
326	950	22.375
326	1131	22.25
326	160	22.25
326	696	22.25
326	697	22.25
326	704	22.25
326	937	22.125
326	946	22.125
326	953	22.125
326	1151	22
326	123	22
326	128	22
326	1766	22
326	925	22
326	1139	21.875
326	129	21.875
326	149	21.875
326	1762	21.875
326	2150	21.875
326	699	21.875
326	719	21.875
326	913	21.875
326	934	21.875
326	1166	21.75
326	140	21.75
326	161	21.75
326	1763	21.75
326	709	21.75
326	724	21.75
326	960	21.75
326	967	21.75
326	1149	21.625
326	1158	21.625
326	164	21.625
327	1028	10.8125
327	1268	10.625
327	1213	10.5625
327	1103	10.5
327	1289	10.4375
327	1750	10.4375
327	1214	10.3125
327	1278	10.25
327	1749	10.1875
327	2263	10.1875
327	2261	10.125
327	2270	10.125
327	1262	10.0625
327	2105	10.0625
327	1140	10
327	715	10
327	1656	9.9375
327	1958	9.9375
327	2266	9.875
327	1026	9.8125
327	1246	9.8125
327	2203	9.8125
327	1255	9.75
327	1256	9.75
327	1299	9.75
327	2273	9.6875
327	1031	9.625
327	1172	9.5625
327	1654	9.5625
327	2274	9.5625
327	2275	9.5625
327	2262	9.5
327	1027	9.4375
327	1260	9.4375
327	1254	9.375
327	1862	9.375
327	2109	9.375
327	2126	9.375
327	1030	9.3125
327	2265	9.3125
327	2272	9.3125
327	81	9.3125
327	1277	9.25
327	1281	9.25
327	1907	9.25
327	2111	9.25
327	2292	9.25
327	1139	9.1875
327	1266	9.1875
327	1282	9.1875
327	2089	9.1875
327	1290	9.125
327	159	9.125
327	2260	9.125
327	2280	9.125
327	2282	9.125
327	1328	9.0625
327	676	9.0625
327	712	9.0625
327	1261	9
327	1657	9
327	188	9
327	264	9
327	454	9
327	1170	8.9375
327	1231	8.9375
327	2116	8.9375
327	1270	8.875
327	1279	8.875
327	1309	8.875
327	1877	8.875
327	1882	8.875
327	2108	8.875
327	2209	8.875
327	904	8.875
327	1020	8.8125
327	1029	8.8125
327	1276	8.8125
327	1738	8.8125
327	1751	8.8125
327	714	8.8125
327	793	8.8125
327	837	8.8125
327	1038	8.75
327	2106	8.75
327	622	8.75
327	678	8.75
327	72	8.75
327	803	8.75
327	1130	8.6875
327	1217	8.6875
327	1264	8.6875
327	1275	8.6875
327	155	8.6875
327	1785	8.6875
327	336	8.6875
327	806	8.6875
327	1014	8.625
327	1615	8.625
327	334	8.625
328	320	21
328	319	20.125
328	328	18.875
328	362	18.25
328	321	18.125
328	326	18
328	341	17.875
328	373	17.5
328	324	17.375
328	573	17.25
328	639	17.125
328	1474	17
328	429	17
328	529	17
328	318	16.875
328	484	16.875
328	540	16.875
328	296	16.75
328	329	16.75
328	552	16.75
328	602	16.75
328	613	16.75
328	631	16.75
328	637	16.75
328	1407	16.625
328	307	16.625
328	313	16.625
328	418	16.5
328	472	16.5
328	593	16.5
328	609	16.5
328	1398	16.375
328	407	16.375
328	444	16.375
328	469	16.375
328	519	16.375
328	551	16.375
328	325	16.25
328	384	16.25
328	420	16.25
328	450	16.25
328	462	16.25
328	505	16.25
328	544	16.25
328	562	16.25
328	619	16.25
328	645	16.25
328	1678	16.125
328	435	16.125
328	440	16.125
328	460	16.125
328	636	16.125
328	1400	16
328	1404	16
328	1648	16
328	292	16
328	314	16
328	390	16
328	454	16
328	456	16
328	483	16
328	638	16
328	312	15.9375
328	323	15.9375
328	339	15.9375
328	596	15.9375
328	610	15.9375
328	644	15.9375
328	340	15.875
328	361	15.875
328	413	15.875
328	530	15.875
328	574	15.875
328	1563	15.8125
328	1792	15.8125
328	2116	15.8125
328	386	15.8125
328	448	15.8125
328	453	15.8125
328	546	15.8125
328	1386	15.75
328	1408	15.75
328	457	15.75
328	520	15.75
328	524	15.75
328	526	15.75
328	553	15.75
328	577	15.75
328	594	15.75
328	641	15.75
328	1337	15.6875
328	1402	15.6875
328	1464	15.6875
328	1652	15.6875
328	290	15.6875
328	518	15.6875
328	563	15.6875
328	603	15.6875
328	614	15.6875
328	1561	15.625
329	1809	13.875
329	755	11.5
329	1133	11.4375
329	201	11.375
329	772	11.375
329	212	11.3125
329	1797	11.0625
329	1930	11
329	1812	10.6875
329	736	10.625
329	807	10.625
329	827	10.625
329	1	10.5625
329	1810	10.5625
329	223	10.5625
329	1804	10.5
329	2204	10.5
329	1078	10.4375
329	801	10.3125
329	813	10.3125
329	2053	10.25
329	805	10.25
329	18	10.1875
329	1946	10.1875
329	2009	10.1875
329	748	10.1875
329	171	10.125
329	1077	10.0625
329	1836	10.0625
329	19	10.0625
329	2052	10.0625
329	1934	10
329	725	10
329	762	10
329	1166	9.9375
329	2246	9.9375
329	941	9.9375
329	796	9.875
329	1135	9.8125
329	1148	9.8125
329	37	9.8125
329	740	9.8125
329	744	9.8125
329	175	9.75
329	1800	9.75
329	30	9.75
329	806	9.75
329	1074	9.6875
329	1866	9.6875
329	2080	9.6875
329	29	9.6875
329	678	9.6875
329	687	9.6875
329	745	9.6875
329	1069	9.625
329	1129	9.625
329	205	9.625
329	369	9.625
329	44	9.625
329	709	9.625
329	1259	9.5625
329	1901	9.5625
329	1931	9.5625
329	2114	9.5625
329	2271	9.5625
329	141	9.5
329	148	9.5
329	1796	9.5
329	1803	9.5
329	1806	9.5
329	1815	9.5
329	1883	9.5
329	234	9.5
329	795	9.5
329	1295	9.4375
329	1423	9.4375
329	2055	9.4375
329	2161	9.4375
329	33	9.4375
329	658	9.4375
329	679	9.4375
329	765	9.4375
329	767	9.4375
329	979	9.4375
329	1108	9.375
329	1137	9.375
329	1798	9.375
329	215	9.375
329	779	9.375
329	1000	9.3125
329	1039	9.3125
329	114	9.3125
329	1285	9.3125
329	131	9.3125
329	135	9.3125
329	159	9.3125
329	1666	9.3125
329	1805	9.3125
329	2166	9.3125
329	2292	9.3125
330	1443	17.375
330	1448	17
330	1441	16.75
330	1439	16.5
330	1453	16.5
330	1469	16
330	1457	15.9375
330	1459	15.9375
330	1444	15.875
330	1438	15.6875
330	1442	15.5
330	1466	14.9375
330	1446	14.8125
330	1458	14.8125
330	1433	14.75
330	1435	14.5
330	1460	14.375
330	1461	14.25
330	1357	14.125
330	1455	14.0625
330	1472	14
330	1463	13.875
330	1432	13.8125
330	1447	13.625
330	1456	13.4375
330	1471	13.25
330	1494	13.25
330	1449	12.875
330	1363	12.8125
330	763	12.8125
330	1486	12.75
330	1436	12.6875
330	300	12.5625
330	1394	12.5
330	1513	12.5
330	303	12.375
330	764	12.375
330	1489	12.3125
330	319	12.3125
330	325	12.3125
330	1386	12.25
330	1450	12.1875
330	1445	12.125
330	1029	12.0625
330	1474	12
330	623	11.9375
330	328	11.875
330	1470	11.8125
330	449	11.8125
330	1016	11.75
330	1467	11.75
330	2112	11.75
330	320	11.75
330	636	11.75
330	1411	11.6875
330	321	11.6875
330	327	11.6875
330	474	11.625
330	1263	11.5625
330	1378	11.5625
330	1396	11.5625
330	1538	11.5625
330	813	11.5
330	936	11.5
330	1418	11.4375
330	1890	11.4375
330	304	11.4375
330	316	11.4375
330	1307	11.375
330	1649	11.375
330	302	11.375
330	315	11.375
330	1215	11.3125
330	1427	11.3125
330	1437	11.3125
330	1468	11.3125
330	1496	11.3125
330	1511	11.3125
330	1742	11.3125
330	510	11.3125
330	1314	11.25
330	1383	11.25
330	1553	11.25
330	1601	11.25
330	1793	11.25
330	478	11.25
330	1152	11.1875
330	1155	11.1875
330	1398	11.1875
330	1454	11.1875
330	1689	11.1875
330	1733	11.1875
330	1761	11.1875
330	1787	11.1875
330	301	11.1875
330	323	11.1875
330	931	11.1875
330	1366	11.125
330	1372	11.125
330	1385	11.125
331	330	9.875
331	489	9.75
331	488	9.6875
331	486	9.625
331	505	9.4375
331	584	9.4375
331	487	9.375
331	524	9.375
331	490	9.25
331	285	9.1875
331	296	9.1875
331	332	9.1875
331	390	9.1875
331	408	9.125
331	503	9.125
331	508	9.125
331	323	9.0625
331	641	9.0625
331	351	9
331	405	9
331	629	9
331	1391	8.9375
331	343	8.9375
331	434	8.9375
331	504	8.9375
331	536	8.9375
331	632	8.9375
331	287	8.875
331	403	8.875
331	520	8.875
331	521	8.875
331	581	8.875
331	601	8.875
331	645	8.875
331	652	8.875
331	389	8.8125
331	435	8.8125
331	439	8.8125
331	440	8.8125
331	634	8.8125
331	419	8.75
331	484	8.75
331	594	8.75
331	653	8.75
331	1392	8.6875
331	340	8.6875
331	387	8.6875
331	410	8.6875
331	415	8.6875
331	441	8.6875
331	534	8.6875
331	540	8.6875
331	551	8.6875
331	623	8.6875
331	643	8.6875
331	307	8.625
331	394	8.625
331	396	8.625
331	409	8.625
331	432	8.625
331	447	8.625
331	451	8.625
331	522	8.625
331	562	8.625
331	602	8.625
331	628	8.625
331	635	8.625
331	295	8.5625
331	313	8.5625
331	339	8.5625
331	384	8.5625
331	388	8.5625
331	392	8.5625
331	400	8.5625
331	404	8.5625
331	413	8.5625
331	414	8.5625
331	450	8.5625
331	491	8.5625
331	519	8.5625
331	538	8.5625
331	543	8.5625
331	637	8.5625
331	640	8.5625
331	399	8.5
331	401	8.5
331	407	8.5
331	436	8.5
331	438	8.5
331	479	8.5
331	509	8.5
331	530	8.5
331	535	8.5
331	597	8.5
331	633	8.5
331	642	8.5
331	1396	8.4375
331	290	8.4375
331	291	8.4375
331	292	8.4375
332	1064	16.125
332	1081	16.125
332	1099	16.125
332	2180	16.125
332	23	16
332	2184	15.9375
332	1951	15.6875
332	49	15.6875
332	992	15.6875
332	1094	15.625
332	1979	15.625
332	2079	15.625
332	2097	15.625
332	2173	15.625
332	829	15.625
332	1999	15.5625
332	2002	15.5625
332	2005	15.5625
332	2181	15.5625
332	1045	15.5
332	1082	15.5
332	2011	15.5
332	2192	15.5
332	34	15.5
332	1096	15.4375
332	2068	15.4375
332	43	15.4375
332	977	15.4375
332	1053	15.375
332	1185	15.375
332	1936	15.375
332	1938	15.375
332	2198	15.375
332	233	15.375
332	832	15.375
332	1221	15.3125
332	1937	15.3125
332	1042	15.25
332	2015	15.25
332	2060	15.25
332	1073	15.1875
332	1184	15.1875
332	12	15.1875
332	1973	15.1875
332	1997	15.1875
332	2003	15.1875
332	232	15.1875
332	825	15.1875
332	985	15.1875
332	1046	15.125
332	1098	15.125
332	1220	15.125
332	2004	15.125
332	2101	15.125
332	37	15.125
332	820	15.125
332	987	15.125
332	2061	15.0625
332	2098	15.0625
332	2174	15.0625
332	2199	15.0625
332	840	15.0625
332	994	15.0625
332	1067	15
332	1986	15
332	1995	15
332	2012	15
332	2050	15
332	990	15
332	2017	14.9375
332	230	14.9375
332	59	14.9375
332	833	14.9375
332	980	14.9375
332	983	14.9375
332	1	14.875
332	1187	14.875
332	2000	14.875
332	2067	14.875
332	2197	14.875
332	824	14.875
332	828	14.875
332	1069	14.8125
332	1959	14.8125
332	1971	14.8125
332	1982	14.8125
332	2001	14.8125
332	2019	14.8125
332	2073	14.8125
332	2096	14.8125
332	2172	14.8125
332	31	14.8125
332	62	14.8125
332	837	14.8125
332	996	14.8125
332	1977	14.75
332	838	14.75
332	846	14.75
332	88	14.75
332	1092	14.6875
333	533	22.625
333	556	22.25
333	578	21.5
333	534	21.375
333	550	21.25
333	552	20.375
333	559	20.375
333	608	20.375
333	585	20.25
333	604	20.25
333	565	20.125
333	549	20
333	553	20
333	569	20
333	607	20
333	335	19.875
333	398	19.875
333	547	19.875
333	558	19.875
333	344	19.75
333	561	19.75
333	570	19.625
333	571	19.625
333	577	19.625
333	581	19.625
333	554	19.5
333	568	19.5
333	575	19.5
333	579	19.5
333	609	19.5
333	613	19.5
333	449	19.375
333	576	19.375
333	614	19.375
333	325	19.25
333	525	19.25
333	555	19.25
333	580	19.25
333	582	19.25
333	384	19.125
333	394	19.125
333	427	19.125
333	448	19.125
333	472	19.125
333	538	19.125
333	545	19.125
333	546	19.125
333	557	19.125
333	567	19.125
333	572	19.125
333	458	19
333	477	19
333	584	19
333	601	19
333	530	18.875
333	548	18.875
333	605	18.875
333	606	18.875
333	615	18.875
333	336	18.75
333	389	18.75
333	521	18.75
333	611	18.75
333	285	18.625
333	345	18.625
333	352	18.625
333	459	18.625
333	463	18.625
333	563	18.625
333	385	18.5
333	386	18.5
333	391	18.5
333	455	18.5
333	470	18.5
333	523	18.5
333	574	18.5
333	603	18.5
333	286	18.375
333	331	18.375
333	339	18.375
333	390	18.375
333	393	18.375
333	453	18.375
333	476	18.375
333	532	18.375
333	560	18.375
333	338	18.25
333	348	18.25
333	446	18.25
333	447	18.25
333	456	18.25
333	457	18.25
333	478	18.25
333	479	18.25
333	502	18.25
333	566	18.25
333	618	18.25
333	619	18.25
333	622	18.25
333	637	18.25
334	1538	15.9375
334	1541	12.75
334	1623	12.6875
334	1602	12.3125
334	1517	12
334	1622	12
334	1683	12
334	1447	11.9375
334	1426	11.875
334	597	11.875
334	1355	11.6875
334	1427	11.6875
334	1624	11.6875
334	1322	11.5625
334	1435	11.5625
334	385	11.5625
334	1527	11.5
334	1616	11.5
334	1621	11.5
334	1732	11.5
334	1543	11.4375
334	1545	11.4375
334	1578	11.4375
334	415	11.4375
334	604	11.4375
334	328	11.375
334	545	11.375
334	1422	11.3125
334	1437	11.3125
334	1446	11.3125
334	1518	11.3125
334	1629	11.3125
334	1501	11.25
334	1627	11.25
334	1688	11.25
334	598	11.25
334	1333	11.1875
334	1424	11.1875
334	1469	11.1875
334	1601	11.1875
334	420	11.1875
334	450	11.1875
334	626	11.1875
334	632	11.1875
334	919	11.1875
334	1419	11.125
334	1433	11.125
334	1448	11.125
334	1470	11.125
334	1669	11.125
334	592	11.125
334	1432	11.0625
334	1480	11.0625
334	1525	11.0625
334	1542	11.0625
334	1676	11.0625
334	500	11.0625
334	606	11.0625
334	627	11.0625
334	1334	11
334	1354	11
334	1412	11
334	1484	11
334	1551	11
334	1574	11
334	1590	11
334	412	11
334	448	11
334	452	11
334	546	11
334	589	11
334	594	11
334	1344	10.9375
334	1425	10.9375
334	1476	10.9375
334	1530	10.9375
334	1544	10.9375
334	1575	10.9375
334	1608	10.9375
334	1615	10.9375
334	414	10.9375
334	463	10.9375
334	537	10.9375
334	595	10.9375
334	1307	10.875
334	1350	10.875
334	1410	10.875
334	1441	10.875
334	1442	10.875
334	1454	10.875
334	1495	10.875
334	1598	10.875
334	1603	10.875
334	1618	10.875
334	1690	10.875
334	2074	10.875
334	498	10.875
334	605	10.875
334	614	10.875
334	1413	10.8125
335	2067	16.5
335	2079	14.375
335	1317	14.25
335	1073	14.1875
335	1353	13.9375
335	1970	13.9375
335	2194	13.9375
335	837	13.9375
335	983	13.9375
335	1044	13.875
335	819	13.875
335	824	13.8125
335	1185	13.6875
335	1050	13.625
335	1075	13.625
335	1998	13.625
335	2176	13.625
335	1053	13.5625
335	511	13.5625
335	1096	13.5
335	1581	13.5
335	994	13.5
335	1361	13.375
335	2074	13.375
335	730	13.375
335	847	13.375
335	1969	13.3125
335	1990	13.3125
335	996	13.3125
335	1579	13.25
335	2099	13.25
335	846	13.25
335	1043	13.1875
335	1360	13.1875
335	1572	13.1875
335	814	13.1875
335	2072	13.125
335	2209	13.125
335	43	13.125
335	62	13.125
335	1042	13.0625
335	1082	13.0625
335	1614	13.0625
335	2061	13.0625
335	2068	13.0625
335	2181	13.0625
335	37	13.0625
335	1046	13
335	1047	13
335	1067	13
335	1070	13
335	1315	13
335	1352	13
335	1354	13
335	2000	13
335	2103	13
335	2199	13
335	978	13
335	995	13
335	1349	12.9375
335	1319	12.875
335	1651	12.875
335	1785	12.875
335	512	12.875
335	791	12.875
335	1014	12.8125
335	1184	12.8125
335	1982	12.8125
335	51	12.8125
335	828	12.8125
335	980	12.8125
335	1036	12.75
335	1221	12.75
335	1253	12.75
335	1563	12.75
335	2195	12.75
335	1350	12.6875
335	1569	12.6875
335	1979	12.6875
335	1986	12.6875
335	2015	12.6875
335	2017	12.6875
335	2101	12.6875
335	2173	12.6875
335	59	12.6875
335	829	12.6875
335	985	12.6875
335	990	12.6875
335	1097	12.625
335	1241	12.625
335	1356	12.625
335	1580	12.625
335	1583	12.625
335	1595	12.625
335	1606	12.625
335	1675	12.625
335	1997	12.625
335	25	12.625
335	50	12.625
335	515	12.625
336	2154	20
336	1004	19.75
336	1765	19.375
336	1225	18.5
336	1002	18.375
336	2249	18.25
336	1003	18.125
336	1013	18.125
336	1784	18
336	1763	17.875
336	2252	17.875
336	1764	17.75
336	2153	17.625
336	2167	17.5
336	1762	17.25
336	2150	17.25
336	2236	17.125
336	2007	16.875
336	1001	16.75
336	1759	16.75
336	1761	16.75
336	2152	16.75
336	233	16.75
336	1000	16.625
336	2248	16.625
336	1975	16.5
336	515	16.5
336	1014	16.375
336	1059	16.375
336	2151	16.375
336	545	16.375
336	2090	16.25
336	983	16.25
336	187	16.125
336	1986	16.125
336	2017	16.125
336	833	16.125
336	837	16.125
336	990	16.125
336	1775	15.9375
336	2003	15.9375
336	2016	15.9375
336	2019	15.9375
336	2194	15.9375
336	840	15.9375
336	997	15.9375
336	1097	15.875
336	2008	15.875
336	2011	15.875
336	2072	15.875
336	2250	15.875
336	232	15.875
336	1766	15.8125
336	1904	15.75
336	585	15.75
336	1027	15.6875
336	1061	15.6875
336	1075	15.6875
336	1495	15.6875
336	175	15.6875
336	1992	15.6875
336	2147	15.6875
336	1070	15.625
336	1859	15.625
336	539	15.625
336	541	15.625
336	929	15.625
336	2004	15.5625
336	2175	15.5625
336	50	15.5625
336	1058	15.5
336	1180	15.5
336	1785	15.5
336	1951	15.5
336	574	15.5
336	1048	15.4375
336	2195	15.4375
336	229	15.4375
336	543	15.4375
336	814	15.4375
336	1209	15.375
336	17	15.375
336	1757	15.375
336	1937	15.375
336	2069	15.375
336	1112	15.3125
336	1253	15.3125
336	1872	15.3125
336	1991	15.3125
336	2280	15.3125
336	1018	15.25
336	1122	15.25
336	2059	15.25
336	555	15.25
336	708	15.25
336	738	15.25
336	816	15.25
336	1874	15.1875
336	2010	15.1875
336	705	15.1875
337	822	13.8125
337	1972	13.6875
337	1973	13.625
337	1959	13.4375
337	2097	13.3125
337	2098	13.3125
337	62	13.3125
337	1045	13.1875
337	825	13.1875
337	2198	13.0625
337	2199	12.8125
337	2061	12.75
337	1046	12.6875
337	1067	12.6875
337	2192	12.4375
337	1053	11.8125
337	1948	11.8125
337	1082	11.625
337	2181	11.625
337	986	11.625
337	1042	11.4375
337	1951	11.4375
337	996	11.4375
337	54	11.375
337	1	11.3125
337	1984	11.3125
337	829	11.3125
337	838	11.3125
337	63	11.25
337	1041	11.1875
337	1971	11.1875
337	1998	11.1875
337	1979	11.125
337	34	11.125
337	987	11.125
337	59	11.0625
337	2012	11
337	2096	11
337	2200	11
337	820	11
337	826	11
337	12	10.8125
337	1013	10.75
337	1974	10.75
337	1096	10.6875
337	1098	10.6875
337	2050	10.6875
337	2174	10.6875
337	1047	10.625
337	1094	10.625
337	2058	10.625
337	23	10.625
337	976	10.5625
337	1996	10.5
337	2197	10.5
337	40	10.5
337	2173	10.4375
337	985	10.4375
337	43	10.375
337	1187	10.25
337	2195	10.125
337	1097	10.0625
337	1184	10
337	1221	10
337	1513	10
337	2015	9.9375
337	88	9.9375
337	1609	9.875
337	2082	9.8125
337	2153	9.8125
337	1766	9.75
337	2178	9.75
337	1220	9.6875
337	1958	9.6875
337	2073	9.625
337	2182	9.625
337	2184	9.625
337	2240	9.625
337	232	9.625
337	954	9.625
337	1051	9.5625
337	1083	9.5625
337	1183	9.5625
337	1185	9.5625
337	1312	9.5625
337	824	9.5625
337	1761	9.5
337	2059	9.5
337	2069	9.5
337	2075	9.5
337	2180	9.5
337	2185	9.5
337	233	9.5
337	1064	9.4375
337	1081	9.4375
337	1198	9.4375
337	1544	9.4375
337	1610	9.4375
337	2151	9.4375
337	2242	9.4375
338	1154	11.9375
338	1123	11.8125
338	1774	11.5625
338	2165	11.5
338	2252	11.5
338	111	11.4375
338	1151	11.4375
338	1229	11.4375
338	1786	11.4375
338	1951	11.4375
338	1019	11.375
338	1020	11.375
338	1188	11.375
338	150	11.375
338	1772	11.375
338	1959	11.375
338	715	11.375
338	1158	11.3125
338	1172	11.3125
338	1211	11.3125
338	1790	11.3125
338	1837	11.3125
338	1949	11.3125
338	1965	11.3125
338	2081	11.3125
338	2082	11.3125
338	2240	11.3125
338	925	11.3125
338	1215	11.25
338	1833	11.25
338	1950	11.25
338	2084	11.25
338	2160	11.25
338	2170	11.25
338	2245	11.25
338	1184	11.1875
338	1203	11.1875
338	1233	11.1875
338	1236	11.1875
338	1771	11.1875
338	1780	11.1875
338	2138	11.1875
338	2306	11.1875
338	695	11.1875
338	1002	11.125
338	1010	11.125
338	1013	11.125
338	1176	11.125
338	1763	11.125
338	1773	11.125
338	1958	11.125
338	1993	11.125
338	2091	11.125
338	2116	11.125
338	2223	11.125
338	2238	11.125
338	714	11.125
338	1008	11.0625
338	1100	11.0625
338	1294	11.0625
338	1757	11.0625
338	1768	11.0625
338	1770	11.0625
338	1928	11.0625
338	2105	11.0625
338	2106	11.0625
338	2118	11.0625
338	2152	11.0625
338	2156	11.0625
338	2167	11.0625
338	2229	11.0625
338	2253	11.0625
338	2255	11.0625
338	2270	11.0625
338	2308	11.0625
338	789	11.0625
338	914	11.0625
338	1012	11
338	1204	11
338	1230	11
338	1759	11
338	1789	11
338	1854	11
338	200	11
338	2086	11
338	211	11
338	2191	11
338	2283	11
338	71	11
338	769	11
338	1017	10.9375
338	1021	10.9375
338	1091	10.9375
338	1135	10.9375
338	1165	10.9375
338	1214	10.9375
338	155	10.9375
338	157	10.9375
338	167	10.9375
338	1758	10.9375
339	1164	31.125
339	134	31
339	1168	30.875
339	1144	30.125
339	141	30.125
339	721	30.125
339	142	30
339	709	30
339	958	30
339	939	29.75
339	1148	29.625
339	1207	29.5
339	128	29.5
339	143	29.5
339	724	29.5
339	938	29.5
339	725	29.375
339	1158	29.25
339	135	28.875
339	150	28.875
339	704	28.875
339	1173	28.75
339	160	28.75
339	700	28.75
339	1175	28.625
339	1135	28.5
339	913	28.5
339	941	28.5
339	950	28.5
339	1146	28.375
339	1160	28.25
339	1949	28.25
339	1123	28.125
339	696	28.125
339	1143	28
339	1170	28
339	1174	28
339	1609	28
339	1953	28
339	723	28
339	1149	27.875
339	140	27.875
339	703	27.875
339	699	27.75
339	937	27.75
339	952	27.75
339	963	27.75
339	1010	27.625
339	111	27.625
339	1153	27.625
339	1954	27.625
339	81	27.625
339	942	27.625
339	961	27.625
339	1140	27.5
339	1172	27.5
339	1198	27.5
339	146	27.5
339	953	27.5
339	954	27.5
339	138	27.375
339	157	27.375
339	2165	27.375
339	719	27.375
339	955	27.375
339	971	27.375
339	973	27.375
339	2007	27.25
339	686	27.25
339	729	27.25
339	1009	27.125
339	2159	27.125
339	731	27.125
339	86	27.125
339	957	27.125
339	967	27.125
339	1127	27
339	1151	27
339	705	27
339	714	27
339	715	27
339	72	27
339	1159	26.875
339	1208	26.875
339	127	26.875
339	145	26.875
339	2228	26.875
339	684	26.875
339	717	26.875
339	2004	26.75
339	574	26.75
339	927	26.75
339	1134	26.625
339	139	26.625
339	1769	26.625
339	572	26.625
339	691	26.625
339	75	26.625
339	1005	26.5
339	1088	26.5
340	892	21.75
340	894	21.75
340	895	21.75
340	873	17.625
340	889	17.5
340	870	16.5
340	877	16.5
340	878	16.25
340	869	16.125
340	898	15.9375
340	876	15.875
340	888	15.8125
340	1946	15.6875
340	874	15.6875
340	900	15.6875
340	2065	15.625
340	860	15.5625
340	1991	15.5
340	1992	15.4375
340	1383	15.1875
340	897	15.1875
340	1250	15.125
340	961	15.125
340	306	15.0625
340	2176	15
340	1050	14.9375
340	1075	14.9375
340	1966	14.9375
340	2194	14.9375
340	1129	14.875
340	1274	14.875
340	131	14.875
340	1321	14.875
340	2151	14.875
340	670	14.875
340	1195	14.8125
340	155	14.8125
340	872	14.8125
340	1784	14.75
340	2012	14.75
340	847	14.75
340	848	14.75
340	130	14.6875
340	198	14.6875
340	1981	14.6875
340	336	14.6875
340	94	14.6875
340	172	14.625
340	2150	14.625
340	879	14.625
340	919	14.625
340	963	14.625
340	983	14.625
340	1196	14.5625
340	1760	14.5625
340	54	14.5625
340	837	14.5625
340	885	14.5625
340	1036	14.5
340	1275	14.5
340	1819	14.5
340	2059	14.5
340	2069	14.5
340	2195	14.5
340	2237	14.5
340	527	14.5
340	552	14.5
340	836	14.5
340	1042	14.4375
340	1043	14.4375
340	1097	14.4375
340	1259	14.4375
340	1270	14.4375
340	133	14.4375
340	143	14.4375
340	1969	14.4375
340	2002	14.4375
340	2047	14.4375
340	2058	14.4375
340	63	14.4375
340	681	14.4375
340	791	14.4375
340	826	14.4375
340	834	14.4375
340	9	14.4375
340	1064	14.375
340	1187	14.375
340	1780	14.375
340	1806	14.375
340	190	14.375
340	194	14.375
340	1944	14.375
340	195	14.375
340	1970	14.375
340	2205	14.375
340	68	14.375
340	78	14.375
340	838	14.375
340	85	14.375
340	857	14.375
341	2119	17.125
341	2135	17.125
341	2146	17.125
341	1198	16.5
341	1172	16.375
341	1776	16.375
341	715	16.375
341	1148	16.25
341	1277	16.25
341	2054	16.25
341	2124	16.25
341	2136	16.25
341	1777	16.125
341	188	16.125
341	2125	16.125
341	72	16.125
341	96	16.125
341	241	16
341	938	16
341	983	16
341	1775	15.9375
341	2120	15.9375
341	2132	15.9375
341	2191	15.9375
341	1091	15.875
341	137	15.875
341	2111	15.875
341	837	15.875
341	2235	15.8125
341	1112	15.75
341	135	15.75
341	2080	15.75
341	2115	15.75
341	552	15.75
341	141	15.6875
341	179	15.6875
341	2037	15.6875
341	2137	15.6875
341	714	15.6875
341	782	15.6875
341	958	15.6875
341	1105	15.625
341	1164	15.625
341	1953	15.625
341	336	15.625
341	1074	15.5625
341	1106	15.5625
341	1933	15.5625
341	215	15.5625
341	548	15.5625
341	1103	15.5
341	1217	15.5
341	1292	15.5
341	2087	15.5
341	2134	15.5
341	2192	15.5
341	598	15.5
341	676	15.5
341	738	15.5
341	802	15.5
341	1114	15.4375
341	656	15.4375
341	678	15.4375
341	700	15.4375
341	995	15.4375
341	1170	15.375
341	1250	15.375
341	1856	15.375
341	1882	15.375
341	1946	15.375
341	2049	15.375
341	2207	15.375
341	221	15.375
341	75	15.375
341	88	15.375
341	1160	15.3125
341	1993	15.3125
341	2015	15.3125
341	2141	15.3125
341	233	15.3125
341	91	15.3125
341	1135	15.25
341	1158	15.25
341	1201	15.25
341	1255	15.25
341	167	15.25
341	1865	15.25
341	1944	15.25
341	1954	15.25
341	2086	15.25
341	703	15.25
341	731	15.25
341	780	15.25
341	1010	15.1875
341	1184	15.1875
341	1192	15.1875
341	1251	15.1875
341	1290	15.1875
341	195	15.1875
341	2025	15.1875
2052	138	19
2052	731	19
2052	696	18.75
2052	1160	17.75
2052	135	17.625
2052	724	17.5
2052	1148	17.375
2052	693	17.375
2052	1153	17.25
2052	527	17.25
2052	714	17.25
2052	336	17
2052	705	17
2052	1152	16.875
2052	1172	16.875
2052	2112	16.875
2052	338	16.875
2052	515	16.875
2052	547	16.875
2052	598	16.875
2052	334	16.75
2052	345	16.75
2052	354	16.75
2052	2044	16.625
2052	344	16.625
2052	522	16.625
2052	710	16.625
2052	1165	16.5
2052	552	16.5
2052	586	16.5
2052	1129	16.375
2052	1136	16.375
2052	585	16.375
2052	695	16.375
2052	727	16.375
2052	938	16.375
2052	952	16.375
2052	2004	16.25
2052	306	16.25
2052	620	16.25
2052	137	16.125
2052	337	16.125
2052	548	16.125
2052	1167	16
2052	382	16
2052	539	16
2052	550	16
2052	555	16
2052	572	16
2052	715	16
2052	1207	15.9375
2052	1942	15.9375
2052	491	15.9375
2052	834	15.9375
2052	939	15.9375
2052	2007	15.875
2052	414	15.875
2052	537	15.875
2052	582	15.875
2052	932	15.875
2052	1150	15.8125
2052	2006	15.8125
2052	683	15.8125
2052	925	15.8125
2052	967	15.8125
2052	335	15.75
2052	442	15.75
2052	543	15.75
2052	568	15.75
2052	1174	15.6875
2052	526	15.6875
2052	578	15.6875
2052	632	15.6875
2052	725	15.6875
2052	973	15.6875
2052	118	15.625
2052	121	15.625
2052	1946	15.625
2052	1980	15.625
2052	2090	15.625
2052	2265	15.625
2052	327	15.625
2052	544	15.625
2052	545	15.625
2052	700	15.625
2052	703	15.625
2052	805	15.625
2052	109	15.5625
2052	1265	15.5625
2052	1722	15.5625
2052	386	15.5625
2052	427	15.5625
2052	502	15.5625
2052	558	15.5625
2052	709	15.5625
2052	1145	15.5
2052	1155	15.5
2052	420	15.5
2052	425	15.5
2052	426	15.5
2053	199	19.75
2053	2187	19.625
2053	1088	19.5
2053	195	19
2053	1036	18.875
2053	1274	18.625
2053	2190	18.625
2053	1276	18.5
2053	1090	18.375
2053	197	18.25
2053	2188	18.25
2053	2191	18.25
2053	196	18.125
2053	2192	18.125
2053	1091	18
2053	1271	18
2053	1027	17.875
2053	1199	17.875
2053	2260	17.75
2053	190	17.625
2053	1941	17.625
2053	226	17.625
2053	2280	17.625
2053	2115	17.5
2053	2189	17.5
2053	74	17.5
2053	1033	17.375
2053	1089	17.375
2053	1230	17.375
2053	1267	17.375
2053	1867	17.375
2053	192	17.375
2053	2082	17.375
2053	2186	17.375
2053	2277	17.375
2053	2279	17.375
2053	1870	17.25
2053	1087	17.125
2053	1192	17.125
2053	826	17.125
2053	1954	17
2053	2200	17
2053	911	17
2053	1059	16.875
2053	169	16.875
2053	188	16.875
2053	198	16.875
2053	2085	16.875
2053	2241	16.875
2053	2261	16.875
2053	2266	16.875
2053	72	16.875
2053	1231	16.75
2053	1874	16.75
2053	2248	16.75
2053	264	16.75
2053	823	16.75
2053	830	16.75
2053	1205	16.625
2053	1246	16.625
2053	1268	16.625
2053	1337	16.625
2053	1765	16.625
2053	1861	16.625
2053	1957	16.625
2053	1974	16.625
2053	515	16.625
2053	796	16.625
2053	917	16.625
2053	993	16.625
2053	1035	16.5
2053	1198	16.5
2053	1265	16.5
2053	1273	16.5
2053	1903	16.5
2053	2086	16.5
2053	2228	16.5
2053	233	16.5
2053	234	16.5
2053	63	16.5
2053	995	16.5
2053	100	16.375
2053	1061	16.375
2053	1086	16.375
2053	1195	16.375
2053	1233	16.375
2053	1270	16.375
2053	187	16.375
2053	1873	16.375
2053	189	16.375
2053	1907	16.375
2053	1948	16.375
2053	2087	16.375
2053	2098	16.375
2053	2154	16.375
2053	2196	16.375
2053	225	16.375
2053	62	16.375
2053	721	16.375
2053	906	16.375
2054	1873	29.75
2054	1861	26.25
2054	1870	25.875
2054	1908	24.625
2054	1869	24.125
2054	1872	24.125
2054	1909	24
2054	1865	23.875
2054	1868	23.75
2054	1860	23.625
2054	1871	23.625
2054	1874	23.625
2054	1859	23.5
2054	500	23.25
2054	516	23
2054	600	23
2054	496	22.75
2054	1875	22.625
2054	1888	22.625
2054	499	22.625
2054	510	22.625
2054	538	22.625
2054	1394	22.5
2054	1241	22.375
2054	421	22.375
2054	422	22.375
2054	300	22.25
2054	527	22.25
2054	533	22.25
2054	547	22.25
2054	1337	22.125
2054	1883	22.125
2054	1910	22.125
2054	344	22.125
2054	517	22.125
2054	1659	22
2054	1704	22
2054	1706	22
2054	1711	22
2054	423	22
2054	491	22
2054	537	22
2054	598	22
2054	814	22
2054	1676	21.875
2054	1612	21.75
2054	336	21.75
2054	526	21.75
2054	566	21.75
2054	805	21.75
2054	952	21.75
2054	1856	21.625
2054	1866	21.625
2054	340	21.625
2054	1387	21.5
2054	1579	21.5
2054	1658	21.5
2054	1750	21.5
2054	331	21.5
2054	435	21.5
2054	512	21.5
2054	539	21.5
2054	541	21.5
2054	579	21.5
2054	602	21.5
2054	603	21.5
2054	138	21.375
2054	1545	21.375
2054	1654	21.375
2054	1667	21.375
2054	409	21.375
2054	515	21.375
2054	542	21.375
2054	1103	21.25
2054	1201	21.25
2054	1381	21.25
2054	1484	21.25
2054	1489	21.25
2054	1772	21.25
2054	1905	21.25
2054	1942	21.25
2054	428	21.25
2054	511	21.25
2054	557	21.25
2054	610	21.25
2054	795	21.25
2054	1344	21.125
2054	1393	21.125
2054	1399	21.125
2054	1653	21.125
2054	1666	21.125
2054	1723	21.125
2054	1867	21.125
2054	2156	21.125
2054	25	21.125
2054	420	21.125
2054	444	21.125
2054	550	21.125
2054	1013	21
2054	1389	21
2055	1941	22.5
2055	1934	22.25
2055	1942	20.75
2055	1914	20.5
2055	2203	19.625
2055	1913	19.5
2055	3	19.375
2055	758	19.25
2055	1107	19.125
2055	42	19
2055	1903	18.875
2055	1827	18.75
2055	1847	18.75
2055	1819	18.625
2055	1837	18.625
2055	2024	18.625
2055	2114	18.625
2055	46	18.625
2055	670	18.625
2055	17	18.5
2055	1790	18.5
2055	1976	18.5
2055	201	18.5
2055	39	18.5
2055	738	18.5
2055	813	18.5
2055	1813	18.375
2055	2210	18.375
2055	2292	18.375
2055	742	18.375
2055	827	18.375
2055	93	18.375
2055	1838	18.25
2055	1975	18.25
2055	2007	18.25
2055	2025	18.25
2055	215	18.25
2055	515	18.25
2055	819	18.25
2055	952	18.25
2055	1044	18.125
2055	1172	18.125
2055	1184	18.125
2055	1337	18.125
2055	1970	18.125
2055	2045	18.125
2055	656	18.125
2055	663	18.125
2055	747	18.125
2055	1075	18
2055	1821	18
2055	1938	18
2055	2194	18
2055	233	18
2055	982	18
2055	1185	17.875
2055	1881	17.875
2055	2003	17.875
2055	2044	17.875
2055	2072	17.875
2055	2090	17.875
2055	236	17.875
2055	679	17.875
2055	695	17.875
2055	938	17.875
2055	1026	17.75
2055	1070	17.75
2055	1189	17.75
2055	1237	17.75
2055	1253	17.75
2055	1866	17.75
2055	2005	17.75
2055	2191	17.75
2055	811	17.75
2055	1065	17.625
2055	1091	17.625
2055	1142	17.625
2055	1265	17.625
2055	138	17.625
2055	1652	17.625
2055	1897	17.625
2055	1931	17.625
2055	1997	17.625
2055	2067	17.625
2055	234	17.625
2055	548	17.625
2055	676	17.625
2055	835	17.625
2055	1050	17.5
2055	1097	17.5
2055	1152	17.5
2055	1180	17.5
2055	1198	17.5
2055	1276	17.5
2055	1299	17.5
2055	1777	17.5
2055	1916	17.5
2055	2000	17.5
2055	2010	17.5
2055	2089	17.5
2056	1853	29
2056	1796	28.875
2056	1852	27.625
2056	1846	27.25
2056	1793	26.5
2056	1800	25.875
2056	1803	25.875
2056	1824	25.5
2056	1795	25.375
2056	1813	25.375
2056	1792	25.125
2056	1791	25
2056	1794	24.75
2056	1802	24.125
2056	1819	24
2056	1851	22.5
2056	127	22.125
2056	1818	22.125
2056	583	22.125
2056	1849	21.875
2056	973	21.875
2056	1798	21.5
2056	2150	21.375
2056	2151	21.375
2056	581	21.375
2056	1762	21.25
2056	927	21.25
2056	1001	21.125
2056	1811	21.125
2056	381	21.125
2056	159	21
2056	480	21
2056	481	21
2056	534	21
2056	116	20.875
2056	297	20.875
2056	352	20.875
2056	372	20.875
2056	377	20.625
2056	378	20.5
2056	1000	20.375
2056	1343	20.375
2056	328	20.375
2056	365	20.375
2056	482	20.375
2056	1174	20.25
2056	124	20.25
2056	145	20.25
2056	1805	20.25
2056	380	20.25
2056	508	20.25
2056	1145	20.125
2056	1175	20.125
2056	1761	20.125
2056	400	20.125
2056	539	20.125
2056	542	20.125
2056	585	20.125
2056	587	20.125
2056	130	20
2056	293	20
2056	326	20
2056	345	20
2056	442	20
2056	550	20
2056	552	20
2056	553	20
2056	1131	19.875
2056	379	19.875
2056	460	19.875
2056	541	19.875
2056	1151	19.75
2056	1153	19.75
2056	1283	19.75
2056	1533	19.75
2056	1667	19.75
2056	1835	19.75
2056	2170	19.75
2056	358	19.75
2056	401	19.75
2056	517	19.75
2056	561	19.75
2056	776	19.75
2056	1017	19.625
2056	1127	19.625
2056	1632	19.625
2056	1766	19.625
2056	1845	19.625
2056	295	19.625
2056	327	19.625
2056	353	19.625
2056	471	19.625
2056	537	19.625
2056	954	19.625
2056	1161	19.5
2056	1407	19.5
2056	1755	19.5
2056	1838	19.5
2056	2158	19.5
2056	2167	19.5
2057	154	17.375
2057	159	17.25
2057	1125	16.75
2057	1127	16.625
2057	133	16.5
2057	260	16.5
2057	690	16.5
2057	1130	16.375
2057	1277	16.375
2057	130	16.375
2057	148	16.375
2057	158	16.375
2057	2282	16.375
2057	813	16.375
2057	955	16.375
2057	1164	16.25
2057	1216	16.25
2057	147	16.25
2057	2224	16.25
2057	1123	16.125
2057	1126	16.125
2057	1137	16.125
2057	115	16.125
2057	330	16.125
2057	1292	16
2057	132	16
2057	2312	16
2057	256	16
2057	783	16
2057	935	16
2057	1	15.9375
2057	1001	15.9375
2057	1023	15.9375
2057	113	15.9375
2057	1133	15.9375
2057	1143	15.9375
2057	118	15.9375
2057	1229	15.9375
2057	131	15.9375
2057	161	15.9375
2057	1860	15.9375
2057	1939	15.9375
2057	688	15.9375
2057	755	15.9375
2057	802	15.9375
2057	944	15.9375
2057	954	15.9375
2057	1174	15.875
2057	1234	15.875
2057	1256	15.875
2057	1268	15.875
2057	1762	15.875
2057	1766	15.875
2057	1826	15.875
2057	1871	15.875
2057	2053	15.875
2057	213	15.875
2057	2256	15.875
2057	2273	15.875
2057	2306	15.875
2057	233	15.875
2057	268	15.875
2057	323	15.875
2057	575	15.875
2057	689	15.875
2057	722	15.875
2057	777	15.875
2057	796	15.875
2057	932	15.875
2057	937	15.875
2057	945	15.875
2057	957	15.875
2057	967	15.875
2057	1131	15.8125
2057	1134	15.8125
2057	1136	15.8125
2057	1147	15.8125
2057	116	15.8125
2057	1290	15.8125
2057	1786	15.8125
2057	1839	15.8125
2057	1934	15.8125
2057	2150	15.8125
2057	2300	15.8125
2057	280	15.8125
2057	508	15.8125
2057	725	15.8125
2057	798	15.8125
2057	903	15.8125
2057	1000	15.75
2057	1020	15.75
2057	1184	15.75
2057	1204	15.75
2057	1255	15.75
2057	1278	15.75
2057	143	15.75
2057	1579	15.75
2057	1824	15.75
2057	398	15.75
2057	411	15.75
2058	694	24.5
2058	936	23.125
2058	136	23
2058	137	22.125
2058	1145	21.25
2058	731	21.125
2058	135	20.625
2058	742	19.75
2058	693	19.625
2058	938	19.625
2058	2006	19.5
2058	1181	19.25
2058	2204	19.25
2058	2241	19.25
2058	2307	19.25
2058	958	19.25
2058	2306	19.125
2058	751	19.125
2058	744	19
2058	808	19
2058	2007	18.875
2058	2203	18.875
2058	725	18.875
2058	752	18.875
2058	1135	18.75
2058	150	18.75
2058	739	18.75
2058	741	18.75
2058	1151	18.625
2058	221	18.625
2058	222	18.625
2058	2292	18.625
2058	728	18.625
2058	738	18.625
2058	746	18.625
2058	816	18.625
2058	2109	18.5
2058	745	18.5
2058	764	18.5
2058	1103	18.375
2058	1217	18.375
2058	143	18.375
2058	705	18.375
2058	759	18.375
2058	774	18.375
2058	1023	18.25
2058	1201	18.25
2058	1869	18.25
2058	1930	18.25
2058	737	18.25
2058	740	18.25
2058	743	18.25
2058	749	18.25
2058	118	18.125
2058	1929	18.125
2058	707	18.125
2058	754	18.125
2058	927	18.125
2058	932	18.125
2058	127	18
2058	166	18
2058	750	18
2058	761	18
2058	762	18
2058	765	18
2058	940	18
2058	165	17.875
2058	1933	17.875
2058	2235	17.875
2058	756	17.875
2058	1117	17.75
2058	1158	17.75
2058	1160	17.75
2058	1167	17.75
2058	1928	17.75
2058	757	17.75
2058	813	17.75
2058	935	17.75
2058	973	17.75
2058	44	17.625
2058	700	17.625
2058	753	17.625
2058	763	17.625
2058	928	17.625
2058	972	17.625
2058	1131	17.5
2058	1836	17.5
2058	1870	17.5
2058	2162	17.5
2058	2287	17.5
2058	692	17.5
2058	699	17.5
2058	727	17.5
2058	748	17.5
2058	1127	17.375
2058	1136	17.375
2058	1254	17.375
2058	1762	17.375
2058	1864	17.375
2058	2233	17.375
2059	363	26.25
2059	364	25.125
2059	523	24.75
2059	365	24.375
2059	366	24.375
2059	929	22.875
2059	730	22.75
2059	517	22.625
2059	355	22.25
2059	361	22.25
2059	121	22.125
2059	367	22
2059	527	22
2059	393	21.875
2059	352	21.5
2059	1720	21.375
2059	2213	21.375
2059	1778	21
2059	1253	20.875
2059	1724	20.875
2059	1770	20.875
2059	187	20.875
2059	642	20.875
2059	1007	20.75
2059	1195	20.75
2059	1706	20.75
2059	1714	20.75
2059	2156	20.75
2059	353	20.75
2059	1721	20.625
2059	2214	20.625
2059	1709	20.5
2059	649	20.5
2059	1715	20.375
2059	412	20.375
2059	1219	20.25
2059	1728	20.25
2059	2224	20.25
2059	2253	20.25
2059	425	20.25
2059	1035	20.125
2059	1077	20.125
2059	1142	20.125
2059	1670	20.125
2059	2052	20.125
2059	1722	20
2059	1734	20
2059	2157	20
2059	380	20
2059	1366	19.875
2059	1705	19.875
2059	1805	19.875
2059	358	19.875
2059	544	19.875
2059	1315	19.75
2059	811	19.75
2059	1312	19.625
2059	1575	19.625
2059	1708	19.625
2059	1717	19.625
2059	1784	19.625
2059	803	19.625
2059	1186	19.5
2059	1370	19.5
2059	1451	19.5
2059	15	19.5
2059	1718	19.5
2059	760	19.5
2059	1180	19.375
2059	1273	19.375
2059	1377	19.375
2059	1532	19.375
2059	1576	19.375
2059	1611	19.375
2059	1652	19.375
2059	1750	19.375
2059	2299	19.375
2059	337	19.375
2059	66	19.375
2059	1013	19.25
2059	1464	19.25
2059	1551	19.25
2059	1567	19.25
2059	1616	19.25
2059	1634	19.25
2059	1641	19.25
2059	1675	19.25
2059	1676	19.25
2059	1707	19.25
2059	1712	19.25
2059	1742	19.25
2059	420	19.25
2059	541	19.25
2059	1014	19.125
2059	107	19.125
2059	1102	19.125
2059	1311	19.125
2059	1378	19.125
2059	1428	19.125
2059	1474	19.125
2060	840	30.375
2060	990	30.375
2060	2017	30.125
2060	1986	30
2060	1937	29.5
2060	2093	29.125
2060	231	29
2060	2059	28.625
2060	2069	28.625
2060	48	28.5
2060	45	28.375
2060	56	28.375
2060	1086	28.25
2060	2196	28.25
2060	843	28.125
2060	2018	27.5
2060	991	27.25
2060	1987	27.125
2060	842	27.125
2060	58	26.75
2060	89	26.75
2060	1220	26.125
2060	2074	25.875
2060	88	25.75
2060	2019	25.375
2060	50	24.875
2060	833	24.375
2060	43	23.75
2060	1514	23.625
2060	2070	23.5
2060	1042	23.375
2060	2079	23.375
2060	1073	23.25
2060	1184	23.25
2060	34	23.25
2060	2184	23.125
2060	2073	23
2060	1997	22.75
2060	1033	22.5
2060	1312	22.25
2060	1326	22.25
2060	1669	22.25
2060	1183	22.125
2060	1728	22
2060	31	22
2060	1996	21.875
2060	2012	21.625
2060	1946	21.5
2060	1035	21.375
2060	1313	21.375
2060	1462	21.375
2060	1563	21.375
2060	1905	21.375
2060	2060	21.375
2060	1337	21.25
2060	1647	21.25
2060	2020	21.25
2060	40	21.25
2060	513	21.25
2060	1199	21.125
2060	1440	21.125
2060	514	21.125
2060	987	21.125
2060	1094	21
2060	1099	21
2060	1311	21
2060	1429	21
2060	1490	21
2060	1562	21
2060	2071	21
2060	992	21
2060	1013	20.875
2060	1064	20.875
2060	1081	20.875
2060	1190	20.875
2060	1328	20.875
2060	1479	20.875
2060	2049	20.875
2060	2248	20.875
2060	2251	20.875
2060	993	20.875
2060	1271	20.75
2060	1315	20.75
2060	1428	20.75
2060	1513	20.75
2060	1554	20.75
2060	1583	20.75
2060	2186	20.75
2060	1087	20.625
2060	1180	20.625
2060	1225	20.625
2060	1274	20.625
2060	1331	20.625
2060	1378	20.625
2060	1481	20.625
2060	1835	20.625
2060	2279	20.625
2060	39	20.625
2060	823	20.625
2060	1047	20.5
2061	828	26.25
2061	981	25.875
2061	2001	25.5
2061	979	25.5
2061	1187	25.125
2061	225	24.75
2061	1931	24.625
2061	226	24.375
2061	233	24.25
2061	995	24.25
2061	224	24.125
2061	1932	24
2061	1933	23.75
2061	222	23.75
2061	1930	23.625
2061	1935	23.5
2061	221	23.5
2061	827	23.5
2061	1941	23.375
2061	1928	23.25
2061	1929	23.25
2061	707	23.25
2061	958	22.875
2061	1200	22.75
2061	2240	22.5
2061	139	22.25
2061	1943	22.125
2061	2112	22
2061	836	21.875
2061	140	21.75
2061	1981	21.75
2061	1976	21.625
2061	2221	21.625
2061	141	21.5
2061	1925	21.5
2061	2307	21.5
2061	1918	21.375
2061	1946	21.375
2061	2290	21.375
2061	1106	21.25
2061	1258	21.25
2061	2050	21.25
2061	2096	21.25
2061	142	21.125
2061	1971	21.125
2061	2205	21.125
2061	36	21.125
2061	782	21.125
2061	820	21.125
2061	1109	21
2061	1111	21
2061	1995	21
2061	2056	21
2061	2075	21
2061	1154	20.875
2061	1198	20.875
2061	1903	20.875
2061	1974	20.875
2061	2197	20.875
2061	240	20.875
2061	59	20.875
2061	749	20.875
2061	811	20.875
2061	978	20.875
2061	985	20.875
2061	997	20.875
2061	1039	20.75
2061	1172	20.75
2061	172	20.75
2061	1758	20.75
2061	1922	20.75
2061	1949	20.75
2061	2000	20.75
2061	2012	20.75
2061	2147	20.75
2061	2148	20.75
2061	2172	20.75
2061	2238	20.75
2061	801	20.75
2061	91	20.75
2061	987	20.75
2061	998	20.75
2061	1167	20.625
2061	1228	20.625
2061	195	20.625
2061	1998	20.625
2061	2071	20.625
2061	745	20.625
2061	75	20.625
2061	826	20.625
2061	90	20.625
2061	1098	20.5
2061	1165	20.5
2061	1251	20.5
2061	132	20.5
2061	1923	20.5
2061	1934	20.5
2061	2141	20.5
2061	731	20.5
2061	746	20.5
2062	835	21.25
2062	990	21.25
2062	840	21.125
2062	2004	21
2062	2007	20.875
2062	2066	20.875
2062	2068	20.875
2062	1074	20.75
2062	1986	20.75
2062	2075	20.75
2062	2080	20.75
2062	1977	20.625
2062	2067	20.625
2062	2017	20.5
2062	516	20.5
2062	982	20.5
2062	138	20.25
2062	233	20.25
2062	336	20.25
2062	832	20.25
2062	1180	20.125
2062	526	20.125
2062	527	20
2062	1086	19.875
2062	1991	19.875
2062	2196	19.875
2062	548	19.875
2062	56	19.875
2062	1998	19.75
2062	539	19.75
2062	598	19.75
2062	1990	19.625
2062	1069	19.5
2062	544	19.5
2062	574	19.5
2062	828	19.5
2062	846	19.5
2062	1075	19.375
2062	1951	19.375
2062	2090	19.375
2062	390	19.375
2062	502	19.375
2062	1013	19.25
2062	1058	19.25
2062	1563	19.25
2062	1750	19.25
2062	2003	19.25
2062	2072	19.25
2062	2192	19.25
2062	2194	19.25
2062	344	19.25
2062	545	19.25
2062	820	19.25
2062	938	19.25
2062	983	19.25
2062	985	19.25
2062	1048	19.125
2062	1070	19.125
2062	1077	19.125
2062	1142	19.125
2062	1593	19.125
2062	1659	19.125
2062	1975	19.125
2062	2006	19.125
2062	2010	19.125
2062	2052	19.125
2062	2093	19.125
2062	2173	19.125
2062	2174	19.125
2062	2175	19.125
2062	2195	19.125
2062	2209	19.125
2062	510	19.125
2062	572	19.125
2062	738	19.125
2062	1067	19
2062	1097	19
2062	1184	19
2062	1874	19
2062	2050	19
2062	337	19
2062	515	19
2062	837	19
2062	923	19
2062	1116	18.875
2062	1526	18.875
2062	1937	18.875
2062	1959	18.875
2062	1992	18.875
2062	2005	18.875
2062	2112	18.875
2062	49	18.875
2062	50	18.875
2062	552	18.875
2062	1046	18.75
2062	1047	18.75
2062	1073	18.75
2062	1096	18.75
2062	1121	18.75
2062	1353	18.75
2063	1879	18.375
2063	1909	17.625
2063	2203	17.375
2063	1878	17.25
2063	2270	17.25
2063	44	17.25
2063	1195	17.125
2063	1609	17.125
2063	1882	17.125
2063	2269	17
2063	2292	17
2063	1010	16.875
2063	1206	16.875
2063	808	16.875
2063	938	16.875
2063	1660	16.75
2063	2288	16.75
2063	1279	16.625
2063	1562	16.625
2063	1641	16.625
2063	2048	16.625
2063	2286	16.625
2063	2287	16.625
2063	700	16.625
2063	742	16.625
2063	178	16.5
2063	1875	16.5
2063	2038	16.5
2063	2241	16.5
2063	188	16.25
2063	2204	16.25
2063	334	16.25
2063	535	16.25
2063	744	16.25
2063	1254	16.125
2063	1286	16.125
2063	1422	16.125
2063	1431	16.125
2063	1532	16.125
2063	1749	16.125
2063	180	16.125
2063	2007	16.125
2063	2044	16.125
2063	1242	16
2063	1678	16
2063	1881	16
2063	2037	16
2063	207	16
2063	534	16
2063	731	16
2063	756	16
2063	99	16
2063	1114	15.9375
2063	1117	15.9375
2063	1198	15.9375
2063	1312	15.9375
2063	1454	15.9375
2063	1753	15.9375
2063	1836	15.9375
2063	216	15.9375
2063	2295	15.9375
2063	816	15.9375
2063	939	15.9375
2063	1336	15.875
2063	1412	15.875
2063	1555	15.875
2063	1585	15.875
2063	1599	15.875
2063	1607	15.875
2063	1648	15.875
2063	1724	15.875
2063	2088	15.875
2063	2206	15.875
2063	526	15.875
2063	541	15.875
2063	1409	15.8125
2063	1427	15.8125
2063	1689	15.8125
2063	538	15.8125
2063	809	15.8125
2063	1106	15.75
2063	1196	15.75
2063	1318	15.75
2063	1337	15.75
2063	138	15.75
2063	1404	15.75
2063	1549	15.75
2063	1558	15.75
2063	1643	15.75
2063	168	15.75
2063	738	15.75
2063	88	15.75
2063	107	15.6875
2063	1103	15.6875
2063	1775	15.6875
2063	2192	15.6875
2063	314	15.6875
2063	749	15.6875
2063	893	15.6875
2063	983	15.6875
2064	2237	29.75
2064	1224	29.125
2064	2236	28.875
2064	1712	26.75
2064	1711	26.375
2064	1726	25.375
2064	1770	25.375
2064	1710	25.25
2064	1957	25
2064	100	24.75
2064	1709	24.75
2064	1753	24.625
2064	1954	24.625
2064	1706	24.5
2064	2200	24.5
2064	825	24.5
2064	1734	24.375
2064	1973	24.375
2064	2198	24.375
2064	63	24.375
2064	1595	24.125
2064	1974	24.125
2064	2157	24.125
2064	1715	24
2064	1716	24
2064	1722	24
2064	1784	24
2064	2065	24
2064	826	24
2064	1045	23.875
2064	1655	23.875
2064	1719	23.875
2064	2097	23.875
2064	1067	23.75
2064	1714	23.75
2064	1718	23.75
2064	1729	23.75
2064	2061	23.75
2064	2199	23.75
2064	1007	23.625
2064	1749	23.625
2064	1762	23.625
2064	834	23.625
2064	1046	23.5
2064	1593	23.5
2064	1699	23.5
2064	1761	23.5
2064	1764	23.5
2064	519	23.5
2064	1442	23.375
2064	1708	23.375
2064	1768	23.375
2064	62	23.375
2064	1382	23.25
2064	1662	23.25
2064	1978	23.25
2064	510	23.25
2064	1707	23.125
2064	1723	23.125
2064	1980	23.125
2064	1013	23
2064	1223	23
2064	1524	23
2064	1526	23
2064	1717	23
2064	572	23
2064	1341	22.875
2064	2228	22.875
2064	348	22.875
2064	366	22.875
2064	1482	22.75
2064	1545	22.75
2064	1659	22.75
2064	1673	22.75
2064	513	22.75
2064	1003	22.625
2064	1416	22.625
2064	1721	22.625
2064	2176	22.625
2064	2213	22.625
2064	301	22.625
2064	1050	22.5
2064	1415	22.5
2064	1446	22.5
2064	1785	22.5
2064	2016	22.5
2064	2098	22.5
2064	2128	22.5
2064	421	22.5
2064	50	22.5
2064	527	22.5
2064	729	22.5
2064	1333	22.375
2064	1609	22.375
2064	1698	22.375
2064	2156	22.375
2064	2223	22.375
2064	337	22.375
2064	511	22.375
2064	1226	22.25
2065	245	35.25
2065	243	34
2065	246	31.75
2065	266	31.5
2065	272	31.25
2065	1866	31
2065	247	31
2065	269	30.75
2065	250	30
2065	270	29.875
2065	268	29.75
2065	2115	29.625
2065	281	29.5
2065	1836	29.375
2065	173	29.25
2065	1186	29.125
2065	170	29
2065	244	29
2065	248	29
2065	2108	28.875
2065	280	28.875
2065	1193	28.75
2065	1120	28.625
2065	185	28.625
2065	249	28.625
2065	1122	28.375
2065	179	28.375
2065	279	28.375
2065	1865	28.25
2065	1932	28.25
2065	1942	28.25
2065	44	28.125
2065	1181	28
2065	1192	28
2065	282	28
2065	1179	27.875
2065	14	27.75
2065	251	27.75
2065	1135	27.625
2065	1876	27.375
2065	1194	27
2065	576	27
2065	1933	26.875
2065	242	26.875
2065	373	26.875
2065	1117	26.75
2065	1121	26.75
2065	1166	26.75
2065	17	26.75
2065	2300	26.75
2065	1010	26.625
2065	177	26.625
2065	2242	26.625
2065	391	26.625
2065	620	26.625
2065	276	26.5
2065	574	26.5
2065	1878	26.375
2065	2107	26.375
2065	338	26.375
2065	339	26.375
2065	569	26.375
2065	1178	26.25
2065	1641	26.25
2065	1830	26.25
2065	2037	26.25
2065	2112	26.25
2065	2303	26.25
2065	384	26.25
2065	565	26.25
2065	602	26.25
2065	184	26.125
2065	1941	26.125
2065	222	26.125
2065	745	26.125
2065	746	26.125
2065	137	26
2065	28	26
2065	454	26
2065	625	26
2065	801	26
2065	1282	25.875
2065	342	25.875
2065	1145	25.75
2065	1294	25.75
2065	1303	25.75
2065	1934	25.75
2065	211	25.75
2065	2291	25.75
2065	274	25.75
2065	604	25.75
2065	619	25.75
2065	654	25.75
2065	882	25.75
2065	172	25.625
2065	1931	25.625
2065	2260	25.625
2065	540	25.625
2065	564	25.625
2065	67	25.625
2066	836	29
2066	1981	28.875
2066	1187	28.75
2066	828	28.625
2066	1939	28.375
2066	981	27.5
2066	233	26.5
2066	827	26.5
2066	2001	26.375
2066	2020	25.5
2066	979	25.5
2066	707	25
2066	1951	24.5
2066	2010	24.375
2066	2008	24.25
2066	225	24.125
2066	51	24.125
2066	1058	24
2066	2175	24
2066	222	24
2066	1048	23.875
2066	221	23.875
2066	1184	23.75
2066	1185	23.75
2066	1931	23.625
2066	1992	23.625
2066	226	23.625
2066	796	23.625
2066	1976	23.5
2066	2108	23.375
2066	978	23.375
2066	995	23.375
2066	2050	23.25
2066	1991	23.125
2066	2192	23.125
2066	2307	23.125
2066	1975	23
2066	715	23
2066	1070	22.875
2066	2000	22.875
2066	2007	22.875
2066	2072	22.875
2066	368	22.875
2066	834	22.875
2066	1172	22.75
2066	1933	22.75
2066	2074	22.75
2066	224	22.75
2066	1050	22.625
2066	1082	22.625
2066	2116	22.625
2066	2181	22.625
2066	420	22.625
2066	805	22.625
2066	1220	22.5
2066	1938	22.5
2066	2012	22.5
2066	2174	22.5
2066	2176	22.5
2066	811	22.5
2066	987	22.5
2066	1946	22.375
2066	2244	22.375
2066	352	22.375
2066	837	22.375
2066	1094	22.25
2066	1312	22.25
2066	1932	22.25
2066	2015	22.25
2066	2290	22.25
2066	311	22.25
2066	373	22.25
2066	754	22.25
2066	755	22.25
2066	795	22.25
2066	1030	22.125
2066	1047	22.125
2066	1142	22.125
2066	2073	22.125
2066	2197	22.125
2066	2224	22.125
2066	3	22.125
2066	314	22.125
2066	1980	22
2066	1998	22
2066	2016	22
2066	983	22
2066	1068	21.875
2066	1069	21.875
2066	116	21.875
2066	1967	21.875
2066	2195	21.875
2066	2213	21.875
2066	2233	21.875
2066	310	21.875
2066	317	21.875
2066	753	21.875
2066	1022	21.75
2066	1219	21.75
2066	139	21.75
2067	70	18.375
2067	1324	17
2067	1611	16.625
2067	1668	16.625
2067	1685	16.625
2067	1359	16.5
2067	1687	16.375
2067	1688	16.375
2067	1954	16.375
2067	72	16.375
2067	1360	16.25
2067	1775	16.25
2067	1307	16.125
2067	1393	16.125
2067	1553	16.125
2067	1610	16.125
2067	1653	16.125
2067	1674	16.125
2067	1329	16
2067	1388	16
2067	1683	16
2067	1686	16
2067	1341	15.9375
2067	1605	15.9375
2067	1672	15.9375
2067	1680	15.9375
2067	1681	15.9375
2067	519	15.9375
2067	1404	15.875
2067	1621	15.875
2067	1753	15.875
2067	1326	15.8125
2067	1348	15.8125
2067	1355	15.8125
2067	1480	15.8125
2067	1487	15.8125
2067	1495	15.8125
2067	1622	15.8125
2067	1623	15.8125
2067	1628	15.8125
2067	1656	15.8125
2067	304	15.8125
2067	805	15.8125
2067	1399	15.75
2067	1531	15.75
2067	1561	15.75
2067	1608	15.75
2067	1691	15.75
2067	526	15.75
2067	536	15.75
2067	1036	15.6875
2067	1468	15.6875
2067	1584	15.6875
2067	510	15.6875
2067	636	15.6875
2067	1627	15.625
2067	1671	15.625
2067	1966	15.625
2067	336	15.625
2067	71	15.625
2067	1311	15.5625
2067	1340	15.5625
2067	1349	15.5625
2067	1424	15.5625
2067	1459	15.5625
2067	1477	15.5625
2067	1607	15.5625
2067	1717	15.5625
2067	513	15.5625
2067	515	15.5625
2067	1316	15.5
2067	1323	15.5
2067	1593	15.5
2067	1630	15.5
2067	1699	15.5
2067	2011	15.5
2067	414	15.5
2067	421	15.5
2067	1274	15.4375
2067	1350	15.4375
2067	1381	15.4375
2067	1397	15.4375
2067	1398	15.4375
2067	1412	15.4375
2067	1508	15.4375
2067	1556	15.4375
2067	1629	15.4375
2067	1667	15.4375
2067	1673	15.4375
2067	1682	15.4375
2067	1746	15.4375
2067	441	15.4375
2067	537	15.4375
2067	600	15.4375
2067	834	15.4375
2067	1332	15.375
2067	1437	15.375
2067	1552	15.375
2067	1604	15.375
2067	291	15.375
2068	1918	28.875
2068	209	22.625
2068	295	22.625
2068	133	22.5
2068	1680	22.375
2068	205	22.125
2068	643	22
2068	2307	21.875
2068	1671	21.625
2068	154	21.5
2068	1582	21.5
2068	1681	21.375
2068	1685	21.375
2068	1688	21.375
2068	1683	21.25
2068	1919	21.25
2068	637	21.125
2068	1689	21
2068	1745	21
2068	297	21
2068	413	21
2068	552	21
2068	1634	20.875
2068	1637	20.875
2068	1664	20.875
2068	1674	20.875
2068	1715	20.875
2068	406	20.875
2068	601	20.875
2068	1642	20.75
2068	1712	20.75
2068	1920	20.75
2068	1946	20.75
2068	216	20.75
2068	405	20.75
2068	498	20.75
2068	1491	20.625
2068	1638	20.625
2068	1641	20.625
2068	1656	20.625
2068	1717	20.625
2068	456	20.625
2068	783	20.625
2068	1286	20.5
2068	1341	20.5
2068	1576	20.5
2068	1677	20.5
2068	1716	20.5
2068	1934	20.5
2068	412	20.5
2068	497	20.5
2068	520	20.5
2068	666	20.5
2068	697	20.5
2068	782	20.5
2068	1318	20.375
2068	1489	20.375
2068	1635	20.375
2068	1649	20.375
2068	1686	20.375
2068	1702	20.375
2068	1719	20.375
2068	465	20.375
2068	486	20.375
2068	590	20.375
2068	1195	20.25
2068	1332	20.25
2068	1568	20.25
2068	1603	20.25
2068	1690	20.25
2068	1722	20.25
2068	2035	20.25
2068	499	20.25
2068	1492	20.125
2068	1636	20.125
2068	1672	20.125
2068	1675	20.125
2068	1687	20.125
2068	1718	20.125
2068	1748	20.125
2068	233	20.125
2068	494	20.125
2068	502	20.125
2068	503	20.125
2068	504	20.125
2068	518	20.125
2068	539	20.125
2068	793	20.125
2068	1131	20
2068	1565	20
2068	1619	20
2068	394	20
2068	603	20
2068	758	20
2068	1654	19.875
2068	1669	19.875
2068	501	19.875
2068	1342	19.75
2068	1578	19.75
2068	1602	19.75
2069	958	36.5
2069	938	34.5
2069	150	33.75
2069	1158	33.5
2069	135	32.5
2069	1160	32.25
2069	696	32.25
2069	700	32
2069	137	31.875
2069	1149	31.625
2069	731	31.5
2069	728	31.25
2069	719	31
2069	142	30.875
2069	709	30.875
2069	1144	30.5
2069	1164	30.25
2069	699	30.25
2069	158	30.125
2069	936	30
2069	932	29.5
2069	939	29.5
2069	118	29.375
2069	1207	29.375
2069	136	29.375
2069	694	29.375
2069	1145	29
2069	2037	29
2069	2150	28.75
2069	725	28.625
2069	1151	28.375
2069	1134	28.125
2069	143	28.125
2069	2252	28.125
2069	742	28.125
2069	2287	28
2069	2292	28
2069	724	28
2069	1127	27.875
2069	1167	27.75
2069	2038	27.75
2069	2048	27.75
2069	693	27.75
2069	750	27.75
2069	1208	27.625
2069	245	27.625
2069	1206	27.5
2069	2291	27.5
2069	243	27.5
2069	744	27.5
2069	759	27.5
2069	1132	27.375
2069	258	27.375
2069	703	27.375
2069	2030	27.25
2069	2036	27.25
2069	247	27.25
2069	1103	27.125
2069	1166	27.125
2069	128	27.125
2069	156	27.125
2069	334	27.125
2069	139	27
2069	1864	27
2069	2116	27
2069	2286	27
2069	764	27
2069	813	27
2069	96	27
2069	965	27
2069	1133	26.875
2069	1143	26.875
2069	1304	26.875
2069	1932	26.875
2069	2203	26.875
2069	338	26.875
2069	574	26.875
2069	1178	26.75
2069	184	26.75
2069	344	26.75
2069	745	26.75
2069	752	26.75
2069	796	26.75
2069	1120	26.625
2069	14	26.625
2069	157	26.625
2069	2044	26.625
2069	348	26.625
2069	705	26.625
2069	749	26.625
2069	756	26.625
2069	807	26.625
2069	954	26.625
2069	1236	26.5
2069	1279	26.5
2069	166	26.5
2069	17	26.5
2069	185	26.5
2069	186	26.5
2069	1933	26.5
2070	923	19.125
2070	705	17.75
2070	1548	16.875
2070	1207	16.625
2070	2277	16
2070	1654	15.6875
2070	762	15.625
2070	700	15.375
2070	1230	15.25
2070	757	15.25
2070	1187	15.1875
2070	1023	15.125
2070	1717	15.125
2070	1526	14.8125
2070	157	14.8125
2070	958	14.75
2070	1198	14.6875
2070	2175	14.6875
2070	539	14.6875
2070	805	14.625
2070	1184	14.5625
2070	803	14.5625
2070	921	14.5625
2070	1058	14.5
2070	1048	14.4375
2070	549	14.375
2070	1204	14.3125
2070	2075	14.3125
2070	516	14.25
2070	542	14.25
2070	632	14.25
2070	1514	14.1875
2070	344	14.1875
2070	419	14.1875
2070	536	14.1875
2070	639	14.1875
2070	806	14.1875
2070	248	14.125
2070	297	14.125
2070	336	14.125
2070	796	14.125
2070	2086	14.0625
2070	345	14.0625
2070	592	14.0625
2070	922	14.0625
2070	2261	13.9375
2070	414	13.9375
2070	416	13.9375
2070	512	13.9375
2070	552	13.9375
2070	585	13.9375
2070	650	13.9375
2070	795	13.9375
2070	109	13.875
2070	1177	13.875
2070	1183	13.875
2070	1932	13.875
2070	2066	13.875
2070	260	13.875
2070	334	13.875
2070	62	13.875
2070	660	13.875
2070	776	13.875
2070	1190	13.8125
2070	2252	13.8125
2070	233	13.8125
2070	390	13.8125
2070	71	13.8125
2070	804	13.8125
2070	833	13.8125
2070	1933	13.75
2070	207	13.75
2070	511	13.75
2070	514	13.75
2070	532	13.75
2070	756	13.75
2070	1663	13.6875
2070	1943	13.6875
2070	1946	13.6875
2070	337	13.6875
2070	548	13.6875
2070	574	13.6875
2070	617	13.6875
2070	749	13.6875
2070	1300	13.625
2070	1525	13.625
2070	206	13.625
2070	245	13.625
2070	428	13.625
2070	598	13.625
2070	731	13.625
2070	1038	13.5625
2070	1205	13.5625
2070	216	13.5625
2070	492	13.5625
2070	830	13.5625
2070	1336	13.5
2070	1605	13.5
2070	42	13.5
2070	498	13.5
2071	1775	21
2071	1776	20.25
2071	1769	20.125
2071	1953	19.375
2071	1959	19.125
2071	1777	18.5
2071	188	18.125
2071	1955	18.125
2071	941	18.125
2071	714	18
2071	1954	17.875
2071	725	17.75
2071	1148	17.625
2071	142	17.625
2071	1172	17.5
2071	1757	17.5
2071	709	17.5
2071	1170	17.375
2071	2147	17.375
2071	574	17.375
2071	712	17.375
2071	715	17.375
2071	72	17.375
2071	997	17.375
2071	0	17.25
2071	1103	17.25
2071	134	17.25
2071	141	17.25
2071	42	17.25
2071	1778	17.125
2071	541	17.125
2071	656	17.125
2071	704	17.125
2071	1153	17
2071	544	17
2071	572	17
2071	1155	16.875
2071	1174	16.875
2071	1207	16.875
2071	1821	16.875
2071	674	16.875
2071	1164	16.75
2071	1168	16.75
2071	557	16.75
2071	683	16.75
2071	1010	16.625
2071	1217	16.625
2071	1822	16.625
2071	688	16.625
2071	710	16.625
2071	1126	16.5
2071	1146	16.5
2071	1173	16.5
2071	1175	16.5
2071	1292	16.5
2071	1958	16.5
2071	1961	16.5
2071	2153	16.5
2071	576	16.5
2071	706	16.5
2071	75	16.5
2071	80	16.5
2071	816	16.5
2071	1135	16.375
2071	1158	16.375
2071	1942	16.375
2071	1949	16.375
2071	215	16.375
2071	2231	16.375
2071	2235	16.375
2071	577	16.375
2071	695	16.375
2071	1154	16.25
2071	1201	16.25
2071	135	16.25
2071	2090	16.25
2071	2163	16.25
2071	2166	16.25
2071	344	16.25
2071	582	16.25
2071	632	16.25
2071	684	16.25
2071	687	16.25
2071	720	16.25
2071	735	16.25
2071	808	16.25
2071	1102	16.125
2071	1149	16.125
2071	1150	16.125
2071	1152	16.125
2071	1160	16.125
2071	1176	16.125
2071	1215	16.125
2071	1383	16.125
2071	1963	16.125
2071	2008	16.125
2071	211	16.125
2071	2112	16.125
2071	2151	16.125
2071	2191	16.125
2072	2231	19.625
2072	2229	19.125
2072	1036	18.75
2072	1013	18.625
2072	1035	18.25
2072	1273	18.125
2072	2090	18.125
2072	1778	17.875
2072	1006	17.5
2072	1609	17.5
2072	1274	17.375
2072	1610	17.125
2072	2157	17.125
2072	512	17.125
2072	1611	17
2072	1788	17
2072	1014	16.875
2072	1527	16.875
2072	1951	16.875
2072	2236	16.875
2072	2251	16.875
2072	511	16.875
2072	715	16.875
2072	1003	16.75
2072	1007	16.75
2072	1581	16.75
2072	2050	16.75
2072	359	16.75
2072	100	16.625
2072	2136	16.625
2072	2153	16.625
2072	2213	16.625
2072	233	16.625
2072	358	16.625
2072	828	16.625
2072	913	16.625
2072	1074	16.5
2072	1764	16.5
2072	187	16.5
2072	1977	16.5
2072	2001	16.5
2072	2011	16.5
2072	2075	16.5
2072	1068	16.375
2072	541	16.375
2072	62	16.375
2072	832	16.375
2072	2008	16.25
2072	2099	16.25
2072	2156	16.25
2072	2195	16.25
2072	2220	16.25
2072	416	16.25
2072	1080	16.125
2072	1082	16.125
2072	1198	16.125
2072	1768	16.125
2072	1770	16.125
2072	1784	16.125
2072	2003	16.125
2072	2019	16.125
2072	2057	16.125
2072	2059	16.125
2072	2080	16.125
2072	2085	16.125
2072	2200	16.125
2072	2252	16.125
2072	516	16.125
2072	527	16.125
2072	542	16.125
2072	70	16.125
2072	995	16.125
2072	1067	16
2072	1078	16
2072	1201	16
2072	1337	16
2072	1687	16
2072	2061	16
2072	2069	16
2072	2181	16
2072	834	16
2072	1046	15.9375
2072	1084	15.9375
2072	1094	15.9375
2072	1532	15.9375
2072	2004	15.9375
2072	2007	15.9375
2072	2066	15.9375
2072	2183	15.9375
2072	2248	15.9375
2072	805	15.9375
2072	984	15.9375
2072	1116	15.875
2072	1254	15.875
2072	1593	15.875
2072	1709	15.875
2072	1961	15.875
2072	2098	15.875
2072	2128	15.875
2072	2199	15.875
2073	2107	26.5
2073	1259	23.125
2073	2108	23
2073	1265	22.875
2073	2274	22.875
2073	1040	22.375
2073	44	22.375
2073	552	22.375
2073	1013	22.25
2073	1260	22.25
2073	1883	22.25
2073	2272	22.25
2073	381	22.25
2073	555	22.125
2073	805	22.125
2073	1142	22
2073	1242	22
2073	358	21.875
2073	517	21.875
2073	523	21.875
2073	800	21.875
2073	2281	21.75
2073	565	21.75
2073	654	21.75
2073	796	21.75
2073	1309	21.625
2073	175	21.625
2073	1055	21.5
2073	567	21.5
2073	1014	21.375
2073	1108	21.375
2073	168	21.375
2073	404	21.375
2073	548	21.375
2073	576	21.375
2073	1232	21.25
2073	1743	21.25
2073	2210	21.25
2073	427	21.25
2073	801	21.25
2073	1338	21.125
2073	1482	21.125
2073	1715	21.125
2073	1727	21.125
2073	1895	21.125
2073	360	21.125
2073	367	21.125
2073	380	21.125
2073	46	21.125
2073	496	21.125
2073	560	21.125
2073	566	21.125
2073	1000	21
2073	1314	21
2073	1486	21
2073	1656	21
2073	297	21
2073	554	21
2073	585	21
2073	1118	20.875
2073	1329	20.875
2073	1342	20.875
2073	1682	20.875
2073	1720	20.875
2073	1946	20.875
2073	345	20.875
2073	411	20.875
2073	561	20.875
2073	754	20.875
2073	795	20.875
2073	1189	20.75
2073	1262	20.75
2073	1312	20.75
2073	1708	20.75
2073	1756	20.75
2073	1879	20.75
2073	19	20.75
2073	2114	20.75
2073	2269	20.75
2073	286	20.75
2073	359	20.75
2073	373	20.75
2073	420	20.75
2073	559	20.75
2073	575	20.75
2073	578	20.75
2073	753	20.75
2073	811	20.75
2073	814	20.75
2073	1195	20.625
2073	1343	20.625
2073	1731	20.625
2073	1736	20.625
2073	1744	20.625
2073	1934	20.625
2073	421	20.625
2073	580	20.625
2073	628	20.625
2073	643	20.625
2073	651	20.625
