0	191	17.375
0	239	16.875
0	487	16.75
0	186	16.625
0	226	16.625
0	225	16.5
0	235	16.375
0	237	16.25
0	749	16.25
0	193	16
0	476	15.9375
0	503	15.9375
0	1077	15.875
0	164	15.875
0	51	15.875
0	848	15.875
0	917	15.875
0	227	15.8125
0	446	15.8125
0	52	15.8125
0	163	15.75
0	453	15.75
0	472	15.75
0	832	15.75
0	222	15.6875
0	2498	15.6875
0	771	15.6875
0	406	15.625
0	214	15.5625
0	378	15.5625
0	5170	15.5625
0	240	15.4375
0	2655	15.4375
0	437	15.4375
0	504	15.4375
0	526	15.4375
0	161	15.375
0	176	15.375
0	242	15.375
0	2499	15.375
0	282	15.375
0	498	15.375
0	510	15.375
0	5145	15.375
0	234	15.3125
0	2629	15.3125
0	394	15.3125
0	424	15.3125
0	502	15.3125
0	172	15.25
0	241	15.25
0	1066	15.1875
0	229	15.1875
0	496	15.1875
0	518	15.1875
0	982	15.1875
0	215	15.125
0	219	15.125
0	224	15.125
0	261	15.125
0	4	15.125
0	5174	15.125
0	514	15.0625
0	53	15.0625
0	244	15
0	416	15
0	444	15
0	523	15
0	160	14.9375
0	2706	14.9375
0	2804	14.9375
0	209	14.875
0	2773	14.875
0	490	14.875
0	519	14.875
0	538	14.875
0	77	14.875
0	96	14.875
0	166	14.8125
0	2404	14.8125
0	543	14.8125
0	208	14.75
0	253	14.75
0	2988	14.75
0	49	14.75
0	529	14.75
0	867	14.75
0	993	14.75
0	118	14.6875
0	124	14.6875
0	165	14.6875
0	192	14.6875
0	238	14.6875
0	738	14.6875
0	874	14.6875
0	230	14.625
0	2793	14.625
0	5148	14.625
0	880	14.625
0	908	14.625
1	378	18.125
1	424	17.75
1	437	17.25
1	446	17.25
1	416	17.125
1	470	17.125
1	394	17
1	402	16.875
1	406	16.875
1	472	16.75
1	376	16.625
1	444	16.625
1	503	16.625
1	504	16.625
1	191	16.5
1	400	16.5
1	557	16.5
1	4	16.375
1	163	16.25
1	487	16.25
1	409	16.125
1	490	16.125
1	644	16.125
1	576	16
1	391	15.9375
1	399	15.9375
1	476	15.875
1	496	15.875
1	657	15.875
1	176	15.8125
1	2802	15.8125
1	529	15.8125
1	413	15.75
1	458	15.75
1	481	15.75
1	589	15.75
1	595	15.75
1	645	15.6875
1	396	15.5625
1	411	15.5625
1	555	15.5625
1	597	15.5625
1	164	15.5
1	442	15.5
1	283	15.4375
1	5	15.4375
1	561	15.4375
1	208	15.375
1	225	15.375
1	312	15.375
1	393	15.375
1	618	15.375
1	2686	15.3125
1	431	15.3125
1	501	15.3125
1	525	15.3125
1	609	15.3125
1	175	15.25
1	193	15.25
1	2499	15.25
1	3	15.25
1	390	15.25
1	619	15.25
1	433	15.1875
1	627	15.1875
1	2706	15.125
1	2764	15.125
1	382	15.125
1	410	15.125
1	453	15.125
1	500	15.125
1	585	15.125
1	172	15.0625
1	2656	15.0625
1	2727	15.0625
1	418	15.0625
1	581	15.0625
1	617	15.0625
1	222	15
1	2650	15
1	320	15
1	518	15
1	552	15
1	608	15
1	623	15
1	214	14.9375
1	219	14.9375
1	226	14.9375
1	2628	14.9375
1	2662	14.9375
1	459	14.9375
1	4876	14.9375
1	601	14.9375
1	610	14.9375
1	620	14.9375
1	643	14.9375
1	2666	14.875
1	287	14.875
1	415	14.875
1	456	14.875
2	161	22.5
2	214	22.5
2	218	22.5
2	172	22.375
2	175	22.25
2	163	22.125
2	229	22.125
2	66	22.125
2	187	22
2	222	22
2	216	21.5
2	234	21.5
2	251	21.5
2	191	21.375
2	189	21.125
2	190	21
2	182	20.875
2	164	20.625
2	186	20.625
2	52	20.625
2	77	20.625
2	176	20.5
2	262	20.375
2	192	20.125
2	210	20.125
2	173	20
2	235	20
2	232	19.75
2	193	19.625
2	224	19.625
2	226	19.625
2	250	19.625
2	215	19.5
2	22	19.5
2	223	19.5
2	227	19.5
2	253	19.5
2	256	19.5
2	88	19.5
2	160	19.125
2	219	19.125
2	221	19.125
2	5205	19.125
2	44	19
2	225	18.875
2	2390	18.875
2	263	18.875
2	2685	18.875
2	51	18.875
2	598	18.875
2	630	18.875
2	230	18.75
2	252	18.75
2	254	18.75
2	654	18.75
2	165	18.625
2	213	18.625
2	3673	18.625
2	4038	18.625
2	4961	18.625
2	57	18.625
2	58	18.625
2	658	18.625
2	171	18.5
2	178	18.5
2	2506	18.5
2	2551	18.5
2	257	18.5
2	283	18.5
2	2939	18.5
2	2990	18.5
2	5053	18.5
2	5150	18.5
2	595	18.5
2	2686	18.375
2	3789	18.375
2	3852	18.375
2	5152	18.375
2	5185	18.375
2	599	18.375
2	617	18.375
2	635	18.375
2	228	18.25
2	246	18.25
2	2501	18.25
2	2634	18.25
2	2638	18.25
2	2648	18.25
2	3183	18.25
2	3851	18.25
2	4766	18.25
2	841	18.25
2	139	18.125
2	162	18.125
2	2567	18.125
2	462	18.125
2	548	18.125
2	561	18.125
2	840	18.125
2	99	18.125
3	1645	21.625
3	1611	21.5
3	1659	21.375
3	2152	21.25
3	4348	21.25
3	1965	21.125
3	2032	21.125
3	1714	21
3	1396	20.875
3	1583	20.875
3	1652	20.875
3	1604	20.75
3	1681	20.75
3	1421	20.625
3	1479	20.625
3	1752	20.625
3	1977	20.625
3	2150	20.625
3	2151	20.625
3	2197	20.625
3	1655	20.5
3	1674	20.5
3	1679	20.5
3	1419	20.375
3	1431	20.375
3	1508	20.375
3	1510	20.375
3	1658	20.375
3	1683	20.375
3	1729	20.375
3	1763	20.375
3	2149	20.375
3	2153	20.375
3	2155	20.375
3	1469	20.25
3	1499	20.25
3	1543	20.25
3	1585	20.25
3	1646	20.25
3	1650	20.25
3	1651	20.25
3	1671	20.25
3	1672	20.25
3	1675	20.25
3	1686	20.25
3	1688	20.25
3	1738	20.25
3	4359	20.25
3	1375	20.125
3	1415	20.125
3	1605	20.125
3	1673	20.125
3	1749	20.125
3	2157	20.125
3	4494	20.125
3	1648	20
3	1653	20
3	1662	20
3	1668	20
3	1670	20
3	1682	20
3	1709	20
3	1713	20
3	1753	20
3	1756	20
3	1769	20
3	2043	20
3	2146	20
3	2147	20
3	4493	20
3	1586	19.875
3	1641	19.875
3	1644	19.875
3	1660	19.875
3	1680	19.875
3	1696	19.875
3	1702	19.875
3	1716	19.875
3	1829	19.875
3	1954	19.875
3	1963	19.875
3	2208	19.875
3	1403	19.75
3	1678	19.75
3	1730	19.75
3	1731	19.75
3	1758	19.75
3	1768	19.75
3	1898	19.75
3	19	19.75
3	1935	19.75
3	2029	19.75
3	2163	19.75
3	2174	19.75
3	1423	19.625
3	1547	19.625
3	1667	19.625
3	1695	19.625
3	1697	19.625
3	1700	19.625
4	409	20.25
4	530	20.125
4	345	19.625
4	618	19.625
4	336	19.5
4	558	19.5
4	560	19.5
4	656	19.5
4	2503	19.375
4	3	19.375
4	475	19.375
4	609	19.375
4	2685	19.25
4	590	19.25
4	606	19.25
4	644	19.25
4	645	19.25
4	655	19.25
4	281	19.125
4	354	19.125
4	355	19.125
4	410	19.125
4	456	19.125
4	588	19.125
4	614	19.125
4	641	19.125
4	658	19.125
4	2567	19
4	319	19
4	346	19
4	433	19
4	552	19
4	608	19
4	619	19
4	620	19
4	643	19
4	650	19
4	289	18.875
4	332	18.875
4	398	18.875
4	415	18.875
4	474	18.875
4	570	18.875
4	576	18.875
4	596	18.875
4	624	18.875
4	642	18.875
4	646	18.875
4	657	18.875
4	2	18.75
4	2504	18.75
4	2676	18.75
4	333	18.75
4	385	18.75
4	481	18.75
4	551	18.75
4	562	18.75
4	571	18.75
4	577	18.75
4	589	18.75
4	595	18.75
4	599	18.75
4	6	18.75
4	601	18.75
4	610	18.75
4	639	18.75
4	2644	18.625
4	290	18.625
4	306	18.625
4	323	18.625
4	324	18.625
4	394	18.625
4	419	18.625
4	432	18.625
4	5	18.625
4	5157	18.625
4	561	18.625
4	647	18.625
4	2510	18.5
4	315	18.5
4	338	18.5
4	397	18.5
4	416	18.5
4	426	18.5
4	442	18.5
4	5163	18.5
4	5164	18.5
4	557	18.5
4	581	18.5
4	592	18.5
4	593	18.5
4	603	18.5
4	654	18.5
4	13	18.375
4	2641	18.375
4	287	18.375
4	3003	18.375
4	316	18.375
4	325	18.375
4	378	18.375
5	609	21.625
5	500	21.25
5	401	21
5	484	21
5	354	20.875
5	386	20.875
5	499	20.875
5	532	20.875
5	601	20.875
5	506	20.75
5	581	20.75
5	6	20.75
5	617	20.75
5	391	20.625
5	561	20.625
5	589	20.625
5	608	20.625
5	356	20.5
5	398	20.5
5	414	20.5
5	442	20.5
5	558	20.5
5	645	20.5
5	385	20.375
5	415	20.375
5	497	20.375
5	553	20.375
5	562	20.375
5	293	20.25
5	325	20.25
5	333	20.25
5	491	20.25
5	492	20.25
5	505	20.25
5	508	20.25
5	610	20.25
5	320	20.125
5	413	20.125
5	618	20.125
5	619	20.125
5	2790	20
5	294	20
5	402	20
5	460	20
5	475	20
5	481	20
5	482	20
5	483	20
5	501	20
5	540	20
5	602	20
5	606	20
5	623	20
5	643	20
5	3697	19.875
5	404	19.875
5	419	19.875
5	427	19.875
5	432	19.875
5	590	19.875
5	599	19.875
5	642	19.875
5	655	19.875
5	658	19.875
5	324	19.75
5	3704	19.75
5	397	19.75
5	405	19.75
5	524	19.75
5	551	19.75
5	576	19.75
5	596	19.75
5	620	19.75
5	8	19.75
5	2643	19.625
5	2672	19.625
5	319	19.625
5	337	19.625
5	457	19.625
5	552	19.625
5	631	19.625
5	646	19.625
5	2470	19.5
5	2512	19.5
5	2685	19.5
5	281	19.5
5	321	19.5
5	336	19.5
5	3703	19.5
5	389	19.5
5	390	19.5
5	582	19.5
5	585	19.5
5	637	19.5
5	650	19.5
5	16	19.375
5	2447	19.375
5	2644	19.375
5	3	19.375
5	306	19.375
6	4557	15.25
6	1476	15.1875
6	132	15.0625
6	1477	15.0625
6	1488	14.9375
6	3452	14.875
6	1364	14.4375
6	4592	14.25
6	299	14.1875
6	466	14.1875
6	1090	14.125
6	860	14.125
6	1009	14
6	1101	14
6	1345	14
6	4759	14
6	4237	13.9375
6	4596	13.9375
6	2298	13.875
6	3244	13.875
6	4640	13.875
6	372	13.8125
6	917	13.75
6	2398	13.6875
6	2731	13.6875
6	354	13.6875
6	2736	13.625
6	3633	13.625
6	4248	13.625
6	1084	13.5625
6	2600	13.5625
6	450	13.5625
6	660	13.5625
6	716	13.5625
6	1390	13.5
6	4932	13.5
6	2328	13.4375
6	3115	13.4375
6	826	13.4375
6	872	13.4375
6	1088	13.375
6	1362	13.375
6	1465	13.375
6	2324	13.375
6	2407	13.375
6	3613	13.375
6	3832	13.375
6	4937	13.375
6	2258	13.3125
6	2339	13.3125
6	2354	13.3125
6	3315	13.3125
6	3343	13.3125
6	44	13.3125
6	546	13.3125
6	548	13.3125
6	2329	13.25
6	2386	13.25
6	2734	13.25
6	2905	13.25
6	301	13.25
6	3249	13.25
6	3821	13.25
6	4702	13.25
6	827	13.25
6	1289	13.1875
6	2301	13.1875
6	2353	13.1875
6	2400	13.1875
6	3520	13.1875
6	4622	13.1875
6	5003	13.1875
6	5150	13.1875
6	88	13.1875
6	1156	13.125
6	2343	13.125
6	2702	13.125
6	339	13.125
6	4624	13.125
6	4924	13.125
6	4927	13.125
6	5051	13.125
6	5140	13.125
6	614	13.125
6	1065	13.0625
6	2346	13.0625
6	3337	13.0625
6	3811	13.0625
6	4021	13.0625
6	1320	13
6	1434	13
6	2302	13
6	2415	13
6	2460	13
6	2589	13
6	2611	13
6	2872	13
6	4547	13
6	4724	13
6	4923	13
7	558	18.625
7	599	18.375
7	409	18.25
7	624	18.25
7	654	18.25
7	658	18.25
7	16	18.125
7	432	18.125
7	553	18.125
7	590	18.125
7	641	18.125
7	281	18
7	560	18
7	603	18
7	619	18
7	551	17.875
7	561	17.875
7	609	17.875
7	623	17.875
7	645	17.875
7	655	17.875
7	426	17.75
7	552	17.75
7	562	17.75
7	585	17.75
7	608	17.75
7	618	17.75
7	627	17.75
7	644	17.75
7	650	17.75
7	2644	17.625
7	306	17.625
7	397	17.625
7	410	17.625
7	417	17.625
7	593	17.625
7	602	17.625
7	606	17.625
7	642	17.625
7	2513	17.5
7	394	17.5
7	433	17.5
7	475	17.5
7	483	17.5
7	570	17.5
7	595	17.5
7	601	17.5
7	656	17.5
7	2635	17.375
7	2706	17.375
7	3	17.375
7	389	17.375
7	5	17.375
7	5157	17.375
7	540	17.375
7	571	17.375
7	581	17.375
7	589	17.375
7	616	17.375
7	620	17.375
7	651	17.375
7	2652	17.25
7	290	17.25
7	336	17.25
7	354	17.25
7	400	17.25
7	449	17.25
7	503	17.25
7	531	17.25
7	557	17.25
7	576	17.25
7	580	17.25
7	588	17.25
7	643	17.25
7	647	17.25
7	2685	17.125
7	2686	17.125
7	3616	17.125
7	416	17.125
7	422	17.125
7	444	17.125
7	456	17.125
7	550	17.125
7	564	17.125
7	575	17.125
7	596	17.125
7	600	17.125
7	610	17.125
7	617	17.125
7	638	17.125
7	646	17.125
7	12	17
7	1290	17
7	2498	17
7	2503	17
7	2666	17
7	2822	17
7	287	17
7	289	17
7	315	17
8	3004	16.25
8	870	16
8	3805	15.8125
8	2743	15.6875
8	3182	15.5625
8	3699	15.5625
8	2668	15.5
8	2763	15.5
8	2977	15.5
8	3020	15.4375
8	3697	15.375
8	2769	15.3125
8	3172	15.3125
8	3187	15.3125
8	685	15.25
8	2639	15.125
8	3014	15.125
8	3024	15.125
8	3218	15.125
8	3234	15.125
8	3704	15.125
8	2823	15.0625
8	2998	15.0625
8	3002	15.0625
8	3690	15
8	3001	14.9375
8	3222	14.9375
8	603	14.9375
8	660	14.9375
8	3021	14.875
8	3036	14.875
8	3226	14.875
8	608	14.875
8	2716	14.8125
8	3000	14.8125
8	3003	14.8125
8	3183	14.8125
8	3219	14.8125
8	3223	14.8125
8	3235	14.8125
8	3581	14.8125
8	580	14.8125
8	639	14.8125
8	874	14.8125
8	2510	14.75
8	2802	14.75
8	3025	14.75
8	3180	14.75
8	3217	14.75
8	3543	14.75
8	3710	14.75
8	409	14.75
8	688	14.75
8	3233	14.6875
8	3724	14.6875
8	590	14.6875
8	2881	14.625
8	3184	14.625
8	3214	14.625
8	3382	14.625
8	3453	14.625
8	3673	14.625
8	3726	14.625
8	635	14.625
8	2652	14.5625
8	2738	14.5625
8	2775	14.5625
8	2980	14.5625
8	3017	14.5625
8	3216	14.5625
8	3328	14.5625
8	3708	14.5625
8	3804	14.5625
8	4786	14.5625
8	708	14.5625
8	2498	14.5
8	2513	14.5
8	2727	14.5
8	2755	14.5
8	2776	14.5
8	2781	14.5
8	2791	14.5
8	2798	14.5
8	3042	14.5
8	3090	14.5
8	3156	14.5
8	3157	14.5
8	321	14.5
8	3225	14.5
8	3547	14.5
8	355	14.5
8	3702	14.5
8	3712	14.5
8	396	14.5
8	588	14.5
8	632	14.5
8	641	14.5
8	2666	14.4375
8	2672	14.4375
8	2747	14.4375
9	656	22.125
9	657	22.125
9	409	21.75
9	336	21.5
9	654	21.5
9	658	21.5
9	306	21.375
9	406	21.375
9	558	21.25
9	527	21.125
9	551	21.125
9	2685	21
9	417	21
9	552	21
9	553	21
9	602	21
9	2504	20.875
9	338	20.875
9	487	20.875
9	599	20.875
9	603	20.875
9	2686	20.75
9	456	20.75
9	557	20.75
9	561	20.75
9	575	20.75
9	619	20.75
9	2644	20.625
9	304	20.625
9	581	20.625
9	590	20.625
9	601	20.625
9	618	20.625
9	319	20.5
9	346	20.5
9	354	20.5
9	560	20.5
9	588	20.5
9	604	20.5
9	614	20.5
9	655	20.5
9	333	20.375
9	410	20.375
9	550	20.375
9	562	20.375
9	570	20.375
9	645	20.375
9	2634	20.25
9	2765	20.25
9	2773	20.25
9	332	20.25
9	402	20.25
9	404	20.25
9	435	20.25
9	571	20.25
9	589	20.25
9	624	20.25
9	627	20.25
9	644	20.25
9	2764	20.125
9	316	20.125
9	413	20.125
9	416	20.125
9	576	20.125
9	609	20.125
9	641	20.125
9	2498	20
9	2567	20
9	2666	20
9	2822	20
9	414	20
9	459	20
9	492	20
9	643	20
9	2513	19.875
9	2641	19.875
9	2652	19.875
9	2705	19.875
9	2802	19.875
9	2803	19.875
9	314	19.875
9	324	19.875
9	345	19.875
9	530	19.875
9	549	19.875
9	593	19.875
9	596	19.875
9	6	19.875
9	867	19.875
9	2503	19.75
9	2637	19.75
9	2665	19.75
9	2766	19.75
9	323	19.75
9	394	19.75
9	400	19.75
9	407	19.75
9	580	19.75
9	2510	19.625
9	2626	19.625
10	3754	14.875
10	1621	14.75
10	3756	14.75
10	3169	14.6875
10	3757	14.625
10	1810	14.5
10	2138	14.5
10	3067	14.5
10	3670	14.5
10	3096	14.4375
10	3279	14.4375
10	3605	14.375
10	2941	14.3125
10	3042	14.3125
10	3156	14.3125
10	3036	14.25
10	3498	14.25
10	3904	14.25
10	2901	14.1875
10	3592	14.1875
10	3679	14.1875
10	3695	14.1875
10	3192	14.125
10	3317	14.125
10	3668	14.125
10	3758	14.125
10	3759	14.125
10	2747	14.0625
10	2769	14.0625
10	2910	14.0625
10	3100	14.0625
10	3078	14
10	3149	14
10	3533	14
10	3604	14
10	3680	14
10	3874	14
10	1466	13.9375
10	2748	13.9375
10	2948	13.9375
10	2979	13.9375
10	3068	13.9375
10	3480	13.9375
10	2925	13.875
10	3072	13.875
10	3090	13.875
10	3290	13.875
10	3698	13.875
10	5213	13.875
10	2738	13.8125
10	3081	13.8125
10	3091	13.8125
10	3112	13.8125
10	3167	13.8125
10	3570	13.8125
10	1743	13.75
10	2746	13.75
10	2780	13.75
10	2940	13.75
10	2947	13.75
10	3040	13.75
10	3046	13.75
10	3098	13.75
10	3585	13.75
10	3676	13.75
10	4534	13.75
10	4951	13.75
10	2749	13.6875
10	2899	13.6875
10	3045	13.6875
10	3101	13.6875
10	3245	13.6875
10	3313	13.6875
10	3320	13.6875
10	3522	13.6875
10	3591	13.6875
10	3709	13.6875
10	3789	13.6875
10	3944	13.6875
10	4548	13.6875
10	2140	13.625
10	2258	13.625
10	2757	13.625
10	2760	13.625
10	2881	13.625
10	2891	13.625
10	2970	13.625
10	3079	13.625
10	3119	13.625
10	3161	13.625
10	3568	13.625
10	3581	13.625
10	3596	13.625
10	3769	13.625
10	1065	13.5625
10	2828	13.5625
10	2839	13.5625
10	3019	13.5625
10	3051	13.5625
10	3084	13.5625
11	872	9.6875
11	5062	9.4375
11	531	9.4375
11	636	9.375
11	2745	9.3125
11	2427	9.25
11	3789	9.25
11	605	9.25
11	827	9.25
11	2258	9.1875
11	3581	9.125
11	874	9.125
11	2727	9.0625
11	2738	9.0625
11	2826	9.0625
11	3544	9.0625
11	3742	9.0625
11	3810	9.0625
11	592	9.0625
11	1499	9
11	2600	9
11	2763	9
11	2769	8.9375
11	2776	8.9375
11	3036	8.9375
11	3555	8.9375
11	3614	8.9375
11	439	8.9375
11	2773	8.875
11	293	8.875
11	4850	8.875
11	5118	8.875
11	660	8.875
11	2373	8.8125
11	2498	8.8125
11	2716	8.8125
11	2744	8.8125
11	2794	8.8125
11	3178	8.8125
11	3547	8.8125
11	3617	8.8125
11	4941	8.8125
11	582	8.8125
11	151	8.75
11	169	8.75
11	2589	8.75
11	2734	8.75
11	2747	8.75
11	276	8.75
11	2880	8.75
11	3179	8.75
11	349	8.75
11	3520	8.75
11	3599	8.75
11	3616	8.75
11	4640	8.75
11	625	8.75
11	2326	8.6875
11	2443	8.6875
11	2685	8.6875
11	3695	8.6875
11	3832	8.6875
11	4885	8.6875
11	616	8.6875
11	619	8.6875
11	78	8.6875
11	124	8.625
11	1384	8.625
11	1621	8.625
11	167	8.625
11	1776	8.625
11	2351	8.625
11	2513	8.625
11	2674	8.625
11	2706	8.625
11	2713	8.625
11	3176	8.625
11	3177	8.625
11	3621	8.625
11	364	8.625
11	3679	8.625
11	3899	8.625
11	524	8.625
11	548	8.625
11	549	8.625
11	576	8.625
11	631	8.625
11	830	8.625
11	867	8.625
11	95	8.625
11	1385	8.5625
11	149	8.5625
11	2349	8.5625
11	2455	8.5625
11	2518	8.5625
11	286	8.5625
11	3169	8.5625
11	3552	8.5625
11	3673	8.5625
11	4702	8.5625
12	1037	18.625
12	3395	17.875
12	1287	17.75
12	2975	17.75
12	3149	17.75
12	4076	17.75
12	971	17.75
12	3288	17.625
12	1026	17.5
12	2896	17.5
12	3356	17.5
12	3394	17.5
12	3759	17.5
12	4782	17.5
12	2891	17.25
12	2892	17.25
12	2893	17.25
12	3301	17.25
12	5067	17.25
12	909	17.25
12	2895	17.125
12	3447	17.125
12	4075	17.125
12	3396	17
12	4078	17
12	2843	16.875
12	2875	16.875
12	2889	16.875
12	3479	16.875
12	4072	16.875
12	4780	16.875
12	4784	16.875
12	4831	16.875
12	4852	16.875
12	868	16.875
12	2839	16.75
12	3061	16.75
12	3344	16.75
12	3354	16.75
12	3480	16.75
12	3498	16.75
12	4081	16.75
12	787	16.75
12	3153	16.625
12	3167	16.625
12	3310	16.625
12	3384	16.625
12	3391	16.625
12	3475	16.625
12	4073	16.625
12	4770	16.625
12	4823	16.625
12	4845	16.625
12	2871	16.5
12	2972	16.5
12	3053	16.5
12	3162	16.5
12	3377	16.5
12	3689	16.5
12	3729	16.5
12	3754	16.5
12	4036	16.5
12	4074	16.5
12	4769	16.5
12	4806	16.5
12	4817	16.5
12	4844	16.5
12	4851	16.5
12	188	16.375
12	2858	16.375
12	3192	16.375
12	3316	16.375
12	3375	16.375
12	3443	16.375
12	4050	16.375
12	4058	16.375
12	4082	16.375
12	5059	16.375
12	869	16.375
12	1023	16.25
12	2865	16.25
12	2941	16.25
12	2944	16.25
12	2974	16.25
12	2976	16.25
12	3138	16.25
12	3347	16.25
12	3357	16.25
12	3397	16.25
12	3403	16.25
12	3407	16.25
12	3431	16.25
12	4077	16.25
12	2887	16.125
12	2898	16.125
12	2940	16.125
12	3038	16.125
12	3083	16.125
12	3163	16.125
12	3378	16.125
13	283	25.375
13	278	25.25
13	289	25.25
13	539	25
13	595	24.75
13	588	23.75
13	618	23.625
13	2652	23.375
13	400	23.375
13	4876	23.125
13	356	23
13	599	23
13	5229	22.875
13	163	22.75
13	2635	22.75
13	286	22.75
13	601	22.75
13	641	22.75
13	647	22.625
13	2637	22.5
13	4877	22.5
13	577	22.5
13	580	22.5
13	644	22.5
13	5161	22.375
13	645	22.375
13	173	22.25
13	279	22.25
13	643	22.25
13	2680	22.125
13	336	22.125
13	603	22.125
13	608	22.125
13	164	22
13	17	22
13	2675	22
13	3543	22
13	355	22
13	410	22
13	5230	22
13	559	22
13	585	22
13	625	22
13	639	22
13	648	22
13	172	21.875
13	176	21.875
13	2509	21.875
13	3545	21.875
13	4888	21.875
13	557	21.875
13	2512	21.75
13	281	21.75
13	427	21.75
13	442	21.75
13	458	21.75
13	530	21.75
13	619	21.75
13	646	21.75
13	2672	21.625
13	2705	21.625
13	349	21.625
13	5233	21.625
13	551	21.625
13	593	21.625
13	602	21.625
13	642	21.625
13	298	21.5
13	416	21.5
13	606	21.5
13	165	21.375
13	2644	21.375
13	293	21.375
13	306	21.375
13	397	21.375
13	5207	21.375
13	550	21.375
13	650	21.375
13	651	21.375
13	413	21.25
13	418	21.25
13	456	21.25
13	4931	21.25
13	553	21.25
13	562	21.25
13	579	21.25
13	600	21.25
13	609	21.25
13	616	21.25
13	637	21.25
13	2685	21.125
13	354	21.125
13	394	21.125
13	402	21.125
13	4878	21.125
13	5160	21.125
13	552	21.125
13	590	21.125
13	614	21.125
13	2802	21
14	3149	24
14	3943	24
14	4075	23.875
14	4072	23.5
14	4078	23.375
14	3138	23.25
14	3904	23.25
14	4073	23.25
14	4081	23.25
14	4083	23.125
14	4782	23.125
14	2843	22.875
14	2865	22.875
14	3932	22.875
14	4036	22.875
14	3479	22.75
14	3668	22.75
14	3754	22.75
14	4074	22.75
14	4076	22.75
14	3083	22.625
14	3464	22.625
14	3749	22.625
14	4065	22.625
14	4068	22.625
14	4082	22.625
14	4063	22.5
14	4077	22.5
14	3038	22.375
14	4062	22.375
14	2972	22.25
14	3921	22.25
14	4781	22.25
14	2881	22.125
14	4027	22.125
14	4079	22.125
14	4085	22.125
14	4783	22.125
14	5067	22.125
14	2895	22
14	3061	22
14	3167	22
14	3301	22
14	3473	22
14	4059	22
14	4061	22
14	3344	21.875
14	3873	21.875
14	4844	21.875
14	2875	21.75
14	3480	21.75
14	3848	21.75
14	4086	21.75
14	4087	21.75
14	1037	21.625
14	2904	21.625
14	3153	21.625
14	3169	21.625
14	3475	21.625
14	3729	21.625
14	3756	21.625
14	4037	21.625
14	4067	21.625
14	4769	21.625
14	4831	21.625
14	5059	21.625
14	2839	21.5
14	2880	21.5
14	3072	21.5
14	3116	21.5
14	3347	21.5
14	3474	21.5
14	3570	21.5
14	3750	21.5
14	3945	21.5
14	3988	21.5
14	4070	21.5
14	4833	21.5
14	3005	21.375
14	3310	21.375
14	3387	21.375
14	3759	21.375
14	3891	21.375
14	4084	21.375
14	4770	21.375
14	4834	21.375
14	4852	21.375
14	2908	21.25
14	2977	21.25
14	3192	21.25
14	3378	21.25
14	3391	21.25
14	3493	21.25
14	3614	21.25
14	3689	21.25
14	3785	21.25
14	4058	21.25
14	4816	21.25
14	4845	21.25
14	4851	21.25
15	718	23.375
15	717	22.25
15	685	21.875
15	677	21.5
15	671	21.375
15	673	21.25
15	666	21.125
15	664	20.75
15	694	20.75
15	716	20.25
15	665	20.125
15	679	20.125
15	688	20.125
15	672	20
15	693	19.875
15	701	19.875
15	683	19.75
15	691	19.625
15	700	19.25
15	668	19.125
15	680	19.125
15	704	19.125
15	2668	18.875
15	719	18.875
15	1055	18.75
15	3805	18.75
15	667	18.75
15	674	18.75
15	684	18.75
15	705	18.75
15	708	18.75
15	721	18.75
15	896	18.75
15	1065	18.625
15	834	18.625
15	2823	18.5
15	3687	18.5
15	2515	18.375
15	491	18.375
15	525	18.375
15	915	18.375
15	1002	18.25
15	2948	18.25
15	722	18.25
15	854	18.25
15	2706	18.125
15	3695	18.125
15	669	18.125
15	670	18.125
15	897	18.125
15	3121	18
15	3129	18
15	3185	18
15	663	18
15	993	18
15	2032	17.875
15	2546	17.875
15	2839	17.875
15	3122	17.875
15	3444	17.875
15	3541	17.875
15	712	17.875
15	793	17.875
15	874	17.875
15	1011	17.75
15	1012	17.75
15	2743	17.75
15	2942	17.75
15	3020	17.75
15	3088	17.75
15	3226	17.75
15	3867	17.75
15	4032	17.75
15	483	17.75
15	5198	17.75
15	678	17.75
15	858	17.75
15	948	17.75
15	240	17.625
15	2517	17.625
15	3128	17.625
15	3696	17.625
15	3999	17.625
15	4770	17.625
15	612	17.625
15	675	17.625
15	682	17.625
15	709	17.625
15	710	17.625
15	731	17.625
15	782	17.625
15	2258	17.5
15	236	17.5
15	2667	17.5
15	2688	17.5
15	3047	17.5
15	3087	17.5
15	3299	17.5
15	3329	17.5
15	3381	17.5
16	2118	9.8125
16	3543	9.4375
16	827	9.4375
16	2121	9.375
16	3542	9.3125
16	5212	9.25
16	814	9.25
16	1520	9.1875
16	1533	9.1875
16	1583	9.1875
16	926	9.1875
16	2773	9.125
16	2242	9.0625
16	3546	9.0625
16	4804	9.0625
16	1841	9
16	2219	9
16	258	9
16	1652	8.9375
16	1681	8.9375
16	2254	8.9375
16	2466	8.9375
16	3696	8.9375
16	463	8.9375
16	533	8.9375
16	541	8.9375
16	866	8.9375
16	876	8.9375
16	2014	8.875
16	2080	8.875
16	257	8.875
16	3541	8.875
16	4803	8.875
16	838	8.875
16	913	8.875
16	1369	8.8125
16	1492	8.8125
16	1495	8.8125
16	1818	8.8125
16	1944	8.8125
16	2071	8.8125
16	2123	8.8125
16	225	8.8125
16	2695	8.8125
16	2717	8.8125
16	3439	8.8125
16	591	8.8125
16	740	8.8125
16	821	8.8125
16	836	8.8125
16	927	8.8125
16	1367	8.75
16	1668	8.75
16	1746	8.75
16	1834	8.75
16	2092	8.75
16	2192	8.75
16	3538	8.75
16	3709	8.75
16	3735	8.75
16	493	8.75
16	543	8.75
16	635	8.75
16	64	8.75
16	829	8.75
16	869	8.75
16	1485	8.6875
16	1813	8.6875
16	1999	8.6875
16	2083	8.6875
16	2125	8.6875
16	2205	8.6875
16	2518	8.6875
16	261	8.6875
16	346	8.6875
16	5171	8.6875
16	5175	8.6875
16	534	8.6875
16	739	8.6875
16	773	8.6875
16	1084	8.625
16	1558	8.625
16	1570	8.625
16	1689	8.625
16	1723	8.625
16	1939	8.625
16	1967	8.625
16	2016	8.625
16	2067	8.625
16	2088	8.625
16	2107	8.625
16	2152	8.625
16	224	8.625
16	2250	8.625
16	253	8.625
16	3410	8.625
16	3740	8.625
16	526	8.625
16	67	8.625
16	841	8.625
17	717	21.75
17	716	21.625
17	685	21.375
17	665	20.75
17	678	20.75
17	664	20.625
17	673	20.625
17	2501	20.5
17	839	20.5
17	668	20.375
17	2630	20.25
17	4069	20.25
17	718	20.25
17	189	20
17	671	20
17	700	20
17	662	19.875
17	677	19.875
17	3700	19.75
17	3808	19.75
17	4010	19.75
17	5178	19.75
17	1125	19.625
17	1129	19.625
17	2293	19.625
17	3809	19.625
17	4021	19.625
17	4937	19.625
17	835	19.625
17	2505	19.5
17	3712	19.5
17	4033	19.5
17	666	19.5
17	721	19.5
17	5185	19.375
17	694	19.375
17	880	19.375
17	1126	19.25
17	1186	19.25
17	1223	19.25
17	2032	19.25
17	2637	19.25
17	3714	19.25
17	3805	19.25
17	3999	19.25
17	4936	19.25
17	5012	19.25
17	672	19.25
17	712	19.25
17	1121	19.125
17	235	19.125
17	2632	19.125
17	2656	19.125
17	3807	19.125
17	3944	19.125
17	5193	19.125
17	709	19.125
17	832	19.125
17	993	19.125
17	1226	19
17	192	19
17	2546	19
17	2631	19
17	2668	19
17	3452	19
17	3806	19
17	3814	19
17	3854	19
17	670	19
17	683	19
17	701	19
17	719	19
17	875	19
17	1127	18.875
17	1405	18.875
17	1455	18.875
17	2498	18.875
17	2646	18.875
17	2685	18.875
17	3014	18.875
17	3543	18.875
17	3614	18.875
17	3621	18.875
17	3789	18.875
17	3915	18.875
17	4032	18.875
17	5052	18.875
17	834	18.875
17	842	18.875
17	1055	18.75
17	1173	18.75
17	2643	18.75
17	2823	18.75
17	4027	18.75
17	4798	18.75
17	684	18.75
17	728	18.75
17	827	18.75
17	872	18.75
17	876	18.75
18	4651	13
18	4876	13
18	4871	12.875
18	4875	12.875
18	4877	12.875
18	4894	12.875
18	464	12.8125
18	479	12.8125
18	4872	12.8125
18	4873	12.8125
18	4888	12.8125
18	657	12.8125
18	16	12.75
18	2567	12.75
18	4	12.75
18	4890	12.75
18	555	12.75
18	625	12.75
18	2472	12.6875
18	2597	12.6875
18	296	12.6875
18	4870	12.6875
18	4878	12.6875
18	4889	12.6875
18	4891	12.6875
18	4892	12.6875
18	681	12.6875
18	2267	12.625
18	2336	12.625
18	2350	12.625
18	280	12.625
18	282	12.625
18	3058	12.625
18	3078	12.625
18	3144	12.625
18	3146	12.625
18	350	12.625
18	3554	12.625
18	372	12.625
18	5035	12.625
18	5043	12.625
18	5056	12.625
18	5155	12.625
18	5192	12.625
18	564	12.625
18	978	12.625
18	980	12.625
18	1007	12.5625
18	1015	12.5625
18	1019	12.5625
18	1073	12.5625
18	1083	12.5625
18	1102	12.5625
18	1254	12.5625
18	2367	12.5625
18	237	12.5625
18	2528	12.5625
18	2529	12.5625
18	2580	12.5625
18	2644	12.5625
18	276	12.5625
18	279	12.5625
18	2947	12.5625
18	298	12.5625
18	318	12.5625
18	361	12.5625
18	394	12.5625
18	4428	12.5625
18	4776	12.5625
18	4879	12.5625
18	4900	12.5625
18	4931	12.5625
18	5018	12.5625
18	5032	12.5625
18	5034	12.5625
18	5073	12.5625
18	545	12.5625
18	565	12.5625
18	590	12.5625
18	592	12.5625
18	605	12.5625
18	626	12.5625
18	652	12.5625
18	659	12.5625
18	704	12.5625
18	813	12.5625
18	963	12.5625
18	985	12.5625
18	987	12.5625
18	1018	12.5
18	1064	12.5
18	1084	12.5
18	2258	12.5
18	2331	12.5
18	2481	12.5
18	2532	12.5
18	2648	12.5
18	2656	12.5
18	2941	12.5
18	2943	12.5
19	2326	16.125
19	233	15.875
19	2883	15.875
19	5107	15.8125
19	545	15.8125
19	2771	15.75
19	246	15.6875
19	2498	15.625
19	171	15.5625
19	2262	15.5625
19	2368	15.5
19	2315	15.4375
19	244	15.4375
19	2822	15.4375
19	192	15.375
19	926	15.375
19	2686	15.3125
19	432	15.3125
19	565	15.3125
19	2402	15.25
19	2328	15.1875
19	4623	15.1875
19	593	15.1875
19	182	15.125
19	2306	15.0625
19	234	15.0625
19	235	15.0625
19	558	15.0625
19	20	15
19	217	15
19	2322	15
19	2600	15
19	2710	15
19	2823	15
19	5007	15
19	658	15
19	1363	14.9375
19	2343	14.9375
19	2386	14.9375
19	250	14.9375
19	2905	14.9375
19	4626	14.9375
19	880	14.9375
19	186	14.875
19	2340	14.875
19	3821	14.875
19	4930	14.875
19	2355	14.8125
19	4874	14.8125
19	616	14.8125
19	647	14.8125
19	88	14.8125
19	1314	14.75
19	228	14.75
19	2325	14.75
19	2333	14.75
19	2726	14.75
19	409	14.75
19	4627	14.75
19	666	14.75
19	1943	14.6875
19	2706	14.6875
19	3543	14.6875
19	4702	14.6875
19	5166	14.6875
19	599	14.6875
19	66	14.6875
19	677	14.6875
19	683	14.6875
19	224	14.625
19	2370	14.625
19	2825	14.625
19	4934	14.625
19	564	14.625
19	641	14.625
19	643	14.625
19	655	14.625
19	1101	14.5625
19	210	14.5625
19	2263	14.5625
19	2426	14.5625
19	263	14.5625
19	2644	14.5625
19	2656	14.5625
19	3687	14.5625
19	4713	14.5625
19	531	14.5625
19	56	14.5625
19	874	14.5625
19	1342	14.5
19	22	14.5
19	2373	14.5
19	254	14.5
19	2567	14.5
19	2629	14.5
19	2643	14.5
19	5	14.5
19	5170	14.5
19	601	14.5
19	672	14.5
20	2567	23.75
20	548	23.25
20	4924	22.625
20	2498	22.5
20	3540	22.5
20	2338	22.375
20	2626	22.375
20	570	22.375
20	2298	22.25
20	2685	22.25
20	3588	22.25
20	4702	22.25
20	5051	22.25
20	5166	22.125
20	2325	22
20	4640	22
20	5073	22
20	531	22
20	2822	21.875
20	654	21.875
20	2710	21.75
20	414	21.75
20	428	21.75
20	5062	21.75
20	520	21.75
20	716	21.75
20	2805	21.625
20	456	21.625
20	4839	21.625
20	5007	21.625
20	532	21.625
20	2340	21.5
20	2769	21.5
20	299	21.5
20	444	21.5
20	599	21.5
20	66	21.5
20	1101	21.375
20	1362	21.375
20	2735	21.375
20	3672	21.375
20	5187	21.375
20	565	21.375
20	2323	21.25
20	2705	21.25
20	2726	21.25
20	2734	21.25
20	2771	21.25
20	2824	21.25
20	3599	21.25
20	389	21.25
20	44	21.25
20	470	21.25
20	643	21.25
20	2326	21.125
20	2763	21.125
20	2803	21.125
20	2825	21.125
20	349	21.125
20	4622	21.125
20	5207	21.125
20	602	21.125
20	614	21.125
20	619	21.125
20	641	21.125
20	666	21.125
20	1090	21
20	210	21
20	2686	21
20	2823	21
20	3810	21
20	409	21
20	417	21
20	4665	21
20	558	21
20	636	21
20	667	21
20	171	20.875
20	20	20.875
20	2315	20.875
20	2343	20.875
20	2589	20.875
20	2731	20.875
20	2747	20.875
20	2894	20.875
20	3621	20.875
20	432	20.875
20	4623	20.875
20	4626	20.875
20	553	20.875
20	593	20.875
20	608	20.875
20	609	20.875
20	655	20.875
20	826	20.875
20	12	20.75
20	2713	20.75
20	2802	20.75
20	3668	20.75
20	487	20.75
21	52	19
21	262	18.875
21	617	18.875
21	1249	18.625
21	60	18.625
21	1228	18.5
21	793	18.375
21	2710	18.25
21	2925	18.25
21	4937	18.25
21	1009	18
21	1248	18
21	177	18
21	833	18
21	1086	17.875
21	1200	17.875
21	2758	17.875
21	2825	17.875
21	3543	17.875
21	526	17.875
21	597	17.875
21	66	17.875
21	112	17.75
21	172	17.75
21	224	17.75
21	5184	17.75
21	5194	17.75
21	620	17.75
21	1224	17.625
21	195	17.625
21	77	17.625
21	1226	17.5
21	165	17.5
21	2653	17.5
21	2743	17.5
21	3001	17.5
21	3401	17.5
21	3736	17.5
21	4863	17.5
21	5157	17.5
21	557	17.5
21	1237	17.375
21	251	17.375
21	261	17.375
21	2622	17.375
21	2804	17.375
21	2973	17.375
21	3003	17.375
21	576	17.375
21	609	17.375
21	161	17.25
21	229	17.25
21	234	17.25
21	2464	17.25
21	2686	17.25
21	3310	17.25
21	4806	17.25
21	5052	17.25
21	5235	17.25
21	579	17.25
21	580	17.25
21	585	17.25
21	610	17.25
21	623	17.25
21	625	17.25
21	805	17.25
21	836	17.25
21	843	17.25
21	869	17.25
21	876	17.25
21	1036	17.125
21	1118	17.125
21	1277	17.125
21	1286	17.125
21	162	17.125
21	164	17.125
21	173	17.125
21	218	17.125
21	2261	17.125
21	230	17.125
21	253	17.125
21	2637	17.125
21	2706	17.125
21	272	17.125
21	2728	17.125
21	278	17.125
21	2791	17.125
21	3163	17.125
21	3217	17.125
21	3244	17.125
21	3333	17.125
21	3348	17.125
21	3546	17.125
21	4337	17.125
21	575	17.125
21	629	17.125
21	773	17.125
21	881	17.125
21	1082	17
21	1194	17
22	588	22.375
22	2685	22.25
22	315	21.875
22	354	21.875
22	614	21.875
22	3	21.625
22	336	21.625
22	618	21.5
22	319	21.375
22	2504	21.25
22	2676	21.25
22	290	21.25
22	332	21.25
22	413	21.25
22	2503	21.125
22	333	21.125
22	409	21.125
22	460	21.125
22	475	21.125
22	482	21.125
22	530	21.125
22	551	21.125
22	552	21.125
22	599	21.125
22	605	21.125
22	619	21.125
22	627	21.125
22	2634	21
22	287	21
22	316	21
22	325	21
22	334	21
22	346	21
22	347	21
22	385	21
22	429	21
22	435	21
22	456	21
22	499	21
22	505	21
22	590	21
22	608	21
22	609	21
22	654	21
22	656	21
22	658	21
22	281	20.875
22	289	20.875
22	320	20.875
22	324	20.875
22	345	20.875
22	356	20.875
22	386	20.875
22	416	20.875
22	458	20.875
22	558	20.875
22	560	20.875
22	577	20.875
22	581	20.875
22	610	20.875
22	655	20.875
22	2666	20.75
22	294	20.75
22	306	20.75
22	326	20.75
22	340	20.75
22	358	20.75
22	359	20.75
22	398	20.75
22	410	20.75
22	414	20.75
22	432	20.75
22	463	20.75
22	503	20.75
22	540	20.75
22	557	20.75
22	624	20.75
22	639	20.75
22	644	20.75
22	2451	20.625
22	2637	20.625
22	2672	20.625
22	2680	20.625
22	323	20.625
22	437	20.625
22	5	20.625
22	553	20.625
22	580	20.625
22	585	20.625
22	589	20.625
22	6	20.625
22	617	20.625
22	620	20.625
22	641	20.625
22	7	20.625
22	2498	20.5
22	2513	20.5
22	2652	20.5
22	2692	20.5
22	293	20.5
23	657	26.25
23	336	26
23	656	25.875
23	658	25.875
23	409	25.75
23	551	25.375
23	558	25.375
23	306	25.25
23	316	25.125
23	552	25.125
23	2504	25
23	406	25
23	553	25
23	599	25
23	603	25
23	654	25
23	588	24.875
23	354	24.75
23	410	24.75
23	416	24.75
23	487	24.75
23	561	24.75
23	601	24.75
23	2686	24.625
23	560	24.625
23	602	24.625
23	618	24.625
23	619	24.625
23	627	24.625
23	332	24.5
23	2644	24.375
23	2685	24.375
23	3	24.375
23	345	24.375
23	435	24.375
23	557	24.375
23	581	24.375
23	614	24.375
23	655	24.375
23	319	24.25
23	333	24.25
23	346	24.25
23	492	24.25
23	575	24.25
23	413	24.125
23	455	24.125
23	456	24.125
23	609	24.125
23	2666	24
23	347	24
23	402	24
23	417	24
23	530	24
23	589	24
23	6	24
23	641	24
23	642	24
23	645	24
23	2765	23.875
23	324	23.875
23	355	23.875
23	527	23.875
23	590	23.875
23	606	23.875
23	643	23.875
23	644	23.875
23	2513	23.75
23	385	23.75
23	404	23.75
23	459	23.75
23	475	23.75
23	2637	23.625
23	307	23.625
23	315	23.625
23	320	23.625
23	393	23.625
23	414	23.625
23	624	23.625
23	647	23.625
23	2802	23.5
23	281	23.5
23	293	23.5
23	314	23.5
23	356	23.5
23	400	23.5
23	562	23.5
23	571	23.5
23	596	23.5
23	623	23.5
23	2510	23.375
23	2634	23.375
23	2665	23.375
23	2676	23.375
23	2803	23.375
23	407	23.375
23	433	23.375
23	444	23.375
23	595	23.375
23	617	23.375
23	650	23.375
24	189	20.375
24	224	20.25
24	173	20.125
24	186	19.875
24	193	19.75
24	225	19.75
24	842	19.75
24	226	19.625
24	218	19.5
24	163	19.375
24	219	19.375
24	227	19.375
24	553	19.375
24	295	19.25
24	161	18.875
24	2645	18.75
24	214	18.625
24	222	18.625
24	2823	18.625
24	191	18.5
24	4926	18.5
24	7	18.5
24	749	18.5
24	831	18.5
24	2706	18.375
24	347	18.375
24	867	18.375
24	258	18.25
24	2802	18.25
24	5156	18.25
24	716	18.25
24	830	18.25
24	843	18.25
24	190	18.125
24	250	18.125
24	2543	18.125
24	2668	18.125
24	3014	18.125
24	339	18.125
24	2501	18
24	3024	18
24	4930	18
24	643	18
24	829	18
24	832	18
24	909	18
24	993	18
24	210	17.875
24	235	17.875
24	2670	17.875
24	334	17.875
24	393	17.875
24	5148	17.875
24	824	17.875
24	876	17.875
24	917	17.875
24	1077	17.75
24	2384	17.75
24	2692	17.75
24	333	17.75
24	4935	17.75
24	836	17.75
24	1066	17.625
24	1310	17.625
24	187	17.625
24	192	17.625
24	2499	17.625
24	253	17.625
24	2655	17.625
24	2685	17.625
24	2690	17.625
24	2773	17.625
24	281	17.625
24	323	17.625
24	3672	17.625
24	3715	17.625
24	4627	17.625
24	5154	17.625
24	533	17.625
24	541	17.625
24	821	17.625
24	833	17.625
24	160	17.5
24	2513	17.5
24	2629	17.5
24	2643	17.5
24	2676	17.5
24	3218	17.5
24	336	17.5
24	3699	17.5
24	409	17.5
24	474	17.5
24	49	17.5
24	5155	17.5
24	620	17.5
24	823	17.5
24	828	17.5
24	880	17.5
24	915	17.5
24	926	17.5
25	826	20.75
25	2634	20.125
25	874	20
25	214	19.875
25	2706	19.75
25	867	19.75
25	2716	19.625
25	849	19.625
25	872	19.625
25	926	19.625
25	2637	19.5
25	2626	19.375
25	4766	19.375
25	4850	19.375
25	619	19.375
25	993	19.375
25	2665	19.25
25	2710	19.25
25	2823	19.25
25	2498	19.125
25	2589	19.125
25	2804	19.125
25	575	19.125
25	749	19.125
25	876	19.125
25	1077	19
25	2666	19
25	2685	19
25	2774	19
25	599	19
25	224	18.875
25	2503	18.875
25	2709	18.875
25	2711	18.875
25	576	18.875
25	828	18.875
25	840	18.875
25	878	18.875
25	915	18.875
25	1009	18.75
25	1040	18.75
25	1055	18.75
25	2650	18.75
25	2707	18.75
25	2793	18.75
25	3687	18.75
25	4640	18.75
25	531	18.75
25	580	18.75
25	738	18.75
25	805	18.75
25	960	18.75
25	1362	18.625
25	2739	18.625
25	2791	18.625
25	483	18.625
25	533	18.625
25	616	18.625
25	841	18.625
25	240	18.5
25	250	18.5
25	2567	18.5
25	2822	18.5
25	2824	18.5
25	3543	18.5
25	626	18.5
25	666	18.5
25	823	18.5
25	831	18.5
25	1002	18.375
25	1010	18.375
25	210	18.375
25	225	18.375
25	244	18.375
25	2632	18.375
25	2686	18.375
25	2729	18.375
25	2768	18.375
25	2779	18.375
25	3541	18.375
25	3599	18.375
25	3843	18.375
25	4874	18.375
25	5195	18.375
25	548	18.375
25	590	18.375
25	597	18.375
25	623	18.375
25	861	18.375
25	870	18.375
25	1007	18.25
25	1323	18.25
25	2727	18.25
25	2738	18.25
25	2744	18.25
25	2773	18.25
25	2883	18.25
25	290	18.25
25	3655	18.25
25	3735	18.25
26	293	25.25
26	6	25
26	281	24.875
26	429	24.625
26	13	24.5
26	17	24.375
26	294	24.375
26	282	24.25
26	298	24.25
26	354	24.25
26	393	24.25
26	433	24.25
26	435	24.25
26	3	24.125
26	355	24.125
26	7	24.125
26	276	24
26	332	24
26	336	24
26	409	24
26	413	24
26	5	24
26	12	23.875
26	2	23.875
26	279	23.875
26	283	23.875
26	314	23.875
26	426	23.875
26	456	23.875
26	289	23.75
26	356	23.75
26	385	23.75
26	4	23.75
26	422	23.75
26	530	23.75
26	532	23.75
26	539	23.75
26	280	23.625
26	319	23.625
26	325	23.625
26	345	23.625
26	417	23.625
26	646	23.625
26	278	23.5
26	415	23.5
26	431	23.5
26	444	23.5
26	491	23.5
26	642	23.5
26	16	23.375
26	287	23.375
26	290	23.375
26	315	23.375
26	321	23.375
26	389	23.375
26	394	23.375
26	404	23.375
26	406	23.375
26	418	23.375
26	419	23.375
26	455	23.375
26	477	23.375
26	483	23.375
26	505	23.375
26	618	23.375
26	619	23.375
26	286	23.25
26	295	23.25
26	296	23.25
26	333	23.25
26	346	23.25
26	350	23.25
26	397	23.25
26	398	23.25
26	405	23.25
26	416	23.25
26	427	23.25
26	432	23.25
26	474	23.25
26	475	23.25
26	487	23.25
26	499	23.25
26	540	23.25
26	601	23.25
26	648	23.25
26	316	23.125
26	323	23.125
26	420	23.125
26	458	23.125
26	460	23.125
26	479	23.125
26	600	23.125
26	8	23.125
26	320	23
26	414	23
26	428	23
26	459	23
26	481	23
26	482	23
26	497	23
27	2686	12.75
27	2653	12.6875
27	281	12.6875
27	2	12.625
27	2504	12.625
27	2643	12.625
27	2665	12.625
27	2687	12.625
27	475	12.625
27	6	12.625
27	2638	12.5625
27	2668	12.5625
27	2685	12.5625
27	2802	12.5625
27	2803	12.5625
27	3	12.5625
27	402	12.5625
27	589	12.5625
27	590	12.5625
27	623	12.5625
27	2641	12.5
27	2644	12.5
27	2652	12.5
27	2654	12.5
27	2680	12.5
27	325	12.5
27	412	12.5
27	551	12.5
27	588	12.5
27	608	12.5
27	609	12.5
27	618	12.5
27	643	12.5
27	650	12.5
27	173	12.4375
27	2448	12.4375
27	2637	12.4375
27	2640	12.4375
27	2642	12.4375
27	2670	12.4375
27	2765	12.4375
27	2774	12.4375
27	2841	12.4375
27	294	12.4375
27	354	12.4375
27	356	12.4375
27	491	12.4375
27	619	12.4375
27	620	12.4375
27	642	12.4375
27	7	12.4375
27	175	12.375
27	2503	12.375
27	2510	12.375
27	2634	12.375
27	2639	12.375
27	2645	12.375
27	2667	12.375
27	2766	12.375
27	333	12.375
27	337	12.375
27	346	12.375
27	401	12.375
27	427	12.375
27	433	12.375
27	452	12.375
27	453	12.375
27	483	12.375
27	492	12.375
27	5163	12.375
27	5165	12.375
27	576	12.375
27	581	12.375
27	595	12.375
27	624	12.375
27	646	12.375
27	163	12.3125
27	185	12.3125
27	2457	12.3125
27	2466	12.3125
27	2512	12.3125
27	2688	12.3125
27	290	12.3125
27	3221	12.3125
27	332	12.3125
27	347	12.3125
27	391	12.3125
27	398	12.3125
27	419	12.3125
27	431	12.3125
27	432	12.3125
27	442	12.3125
27	4656	12.3125
27	505	12.3125
27	5159	12.3125
27	530	12.3125
27	606	12.3125
27	627	12.3125
27	647	12.3125
27	656	12.3125
28	5228	17
28	4733	16.125
28	4814	16.125
28	4640	15.5625
28	4651	15.5625
28	5230	15.4375
28	842	15.4375
28	5233	15.125
28	4753	15
28	4681	14.9375
28	5207	14.875
28	4683	14.8125
28	806	14.6875
28	5229	14.625
28	5231	14.625
28	3620	14.5625
28	4806	14.5625
28	4647	14.5
28	4654	14.5
28	4736	14.5
28	4836	14.5
28	5242	14.4375
28	2761	14.375
28	4705	14.375
28	4747	14.375
28	4709	14.3125
28	4676	14.25
28	4953	14.25
28	5208	14.25
28	5232	14.25
28	4718	14.1875
28	5234	14.1875
28	960	14.1875
28	4722	14.125
28	4731	14.125
28	4913	14.125
28	3638	14.0625
28	4645	14.0625
28	4652	14.0625
28	4660	14.0625
28	4670	14.0625
28	4685	14.0625
28	4742	14.0625
28	805	14.0625
28	4661	14
28	4672	14
28	4674	14
28	4687	14
28	4716	13.9375
28	4738	13.9375
28	4744	13.9375
28	4692	13.875
28	4694	13.875
28	832	13.875
28	4755	13.8125
28	824	13.8125
28	1063	13.75
28	4678	13.75
28	4703	13.75
28	4725	13.75
28	2674	13.6875
28	4649	13.6875
28	4680	13.6875
28	4689	13.6875
28	4711	13.6875
28	4729	13.6875
28	4740	13.6875
28	4749	13.6875
28	4751	13.6875
28	5239	13.6875
28	633	13.6875
28	3628	13.625
28	4641	13.625
28	564	13.625
28	634	13.625
28	827	13.625
28	224	13.5625
28	2759	13.5625
28	3614	13.5625
28	5157	13.5625
28	124	13.5
28	240	13.5
28	2446	13.5
28	2618	13.5
28	2707	13.5
28	4643	13.5
28	4707	13.5
28	4720	13.5
28	5224	13.5
28	5240	13.5
28	95	13.5
28	2600	13.4375
28	2659	13.4375
28	3098	13.4375
28	3944	13.4375
28	44	13.4375
28	4669	13.4375
28	4920	13.4375
28	128	13.375
28	139	13.375
29	428	16.75
29	1499	16.375
29	2726	16
29	2304	15.875
29	2324	15.875
29	2398	15.8125
29	5096	15.8125
29	1454	15.75
29	2020	15.75
29	2328	15.75
29	4237	15.75
29	4702	15.75
29	1477	15.6875
29	2325	15.625
29	3588	15.625
29	5073	15.625
29	2326	15.5625
29	3599	15.5625
29	3614	15.5625
29	5107	15.5625
29	548	15.5625
29	654	15.5625
29	2300	15.5
29	564	15.5
29	641	15.5
29	1362	15.4375
29	2627	15.4375
29	299	15.4375
29	3613	15.4375
29	558	15.4375
29	12	15.375
29	1943	15.375
29	1364	15.3125
29	2731	15.3125
29	2988	15.3125
29	4226	15.3125
29	627	15.3125
29	282	15.25
29	3621	15.25
29	4325	15.25
29	4996	15.25
29	5154	15.25
29	5169	15.25
29	826	15.25
29	1434	15.1875
29	2327	15.1875
29	3810	15.1875
29	5007	15.1875
29	5051	15.1875
29	3610	15.125
29	3616	15.125
29	432	15.125
29	4622	15.125
29	5072	15.125
29	5223	15.125
29	1430	15.0625
29	349	15.0625
29	642	15.0625
29	1084	15
29	1776	15
29	1998	15
29	2199	15
29	417	15
29	66	15
29	132	14.9375
29	1363	14.9375
29	2589	14.9375
29	2660	14.9375
29	2734	14.9375
29	5208	14.9375
29	224	14.875
29	2578	14.875
29	2713	14.875
29	5224	14.875
29	531	14.875
29	1010	14.8125
29	1210	14.8125
29	2769	14.8125
29	286	14.8125
29	3555	14.8125
29	4623	14.8125
29	487	14.8125
29	4935	14.8125
29	2299	14.75
29	2315	14.75
29	2377	14.75
29	2782	14.75
29	2793	14.75
29	3337	14.75
29	5157	14.75
29	559	14.75
29	599	14.75
29	1090	14.6875
29	1293	14.6875
29	1488	14.6875
29	210	14.6875
29	2258	14.6875
29	2338	14.6875
29	2883	14.6875
29	3452	14.6875
30	253	17
30	155	15.8125
30	219	15.8125
30	246	15.8125
30	221	15.5
30	66	15.5
30	173	15.4375
30	172	15.3125
30	175	15.3125
30	3851	15.3125
30	3883	15.3125
30	165	15.1875
30	3838	15.1875
30	3818	15.125
30	3958	15.0625
30	232	15
30	234	15
30	3886	15
30	3999	15
30	47	15
30	5205	14.9375
30	162	14.875
30	3805	14.875
30	3959	14.875
30	77	14.875
30	1049	14.8125
30	224	14.8125
30	247	14.8125
30	658	14.8125
30	758	14.8125
30	88	14.8125
30	881	14.8125
30	178	14.75
30	189	14.6875
30	1238	14.625
30	25	14.625
30	3853	14.625
30	3954	14.625
30	176	14.5625
30	26	14.5625
30	2665	14.5625
30	3852	14.5625
30	4466	14.5625
30	4524	14.5625
30	5195	14.5625
30	557	14.5625
30	835	14.5625
30	161	14.5
30	187	14.5
30	2574	14.5
30	3750	14.5
30	3817	14.5
30	3884	14.5
30	4596	14.5
30	5194	14.5
30	52	14.5
30	598	14.5
30	600	14.5
30	897	14.5
30	227	14.4375
30	51	14.4375
30	5199	14.4375
30	190	14.375
30	191	14.375
30	3672	14.375
30	3686	14.375
30	3936	14.375
30	4519	14.375
30	602	14.375
30	1046	14.3125
30	222	14.3125
30	225	14.3125
30	599	14.3125
30	840	14.3125
30	171	14.25
30	215	14.25
30	251	14.25
30	262	14.25
30	2744	14.25
30	2825	14.25
30	3347	14.25
30	3816	14.25
30	4051	14.25
30	4526	14.25
30	4966	14.25
30	748	14.25
30	163	14.1875
30	186	14.1875
30	250	14.1875
30	2645	14.1875
30	3213	14.1875
30	3619	14.1875
30	3850	14.1875
30	4851	14.1875
30	61	14.1875
30	784	14.1875
30	785	14.1875
30	926	14.1875
30	959	14.1875
30	1074	14.125
31	601	14.4375
31	643	14.3125
31	283	14.25
31	647	14.25
31	599	14.1875
31	598	13.8125
31	477	13.3125
31	603	13.3125
31	2513	13.125
31	2656	13.125
31	359	13.0625
31	557	13.0625
31	600	13.0625
31	616	13
31	312	12.9375
31	4	12.9375
31	636	12.9375
31	656	12.9375
31	449	12.8125
31	426	12.75
31	191	12.6875
31	619	12.6875
31	602	12.625
31	2727	12.5625
31	595	12.5625
31	2503	12.5
31	214	12.4375
31	2665	12.4375
31	3680	12.375
31	418	12.375
31	658	12.3125
31	16	12.25
31	184	12.25
31	2663	12.25
31	4863	12.25
31	4925	12.25
31	644	12.25
31	2498	12.1875
31	176	12.125
31	189	12.125
31	378	12.125
31	396	12.125
31	4874	12.125
31	593	12.125
31	638	12.125
31	642	12.125
31	4930	12.0625
31	624	12.0625
31	66	12.0625
31	2662	12
31	400	12
31	190	11.9375
31	192	11.9375
31	224	11.9375
31	225	11.9375
31	432	11.9375
31	627	11.9375
31	227	11.875
31	279	11.875
31	219	11.8125
31	2680	11.8125
31	2773	11.8125
31	281	11.8125
31	3589	11.8125
31	397	11.8125
31	230	11.75
31	2637	11.75
31	319	11.75
31	4805	11.75
31	4921	11.75
31	5233	11.75
31	539	11.75
31	187	11.6875
31	229	11.6875
31	336	11.6875
31	416	11.6875
31	4923	11.6875
31	4931	11.6875
31	5207	11.6875
31	5234	11.6875
31	655	11.6875
31	993	11.6875
31	232	11.625
31	2632	11.625
31	2686	11.625
31	2695	11.625
31	2711	11.625
31	5007	11.625
31	222	11.5625
31	2685	11.5625
31	438	11.5625
31	458	11.5625
31	5153	11.5625
31	552	11.5625
31	641	11.5625
31	2628	11.5
31	2776	11.5
31	2990	11.5
31	320	11.5
31	394	11.5
32	3489	21.25
32	224	20.625
32	1223	20.25
32	234	19.75
32	4799	19.75
32	1200	19.625
32	1721	19.625
32	5212	19.625
32	1645	19.5
32	2728	19.5
32	2772	19.5
32	2859	19.5
32	3300	19.375
32	585	19.375
32	3003	19.25
32	3116	19.25
32	3485	19.25
32	3807	19.25
32	1277	19.125
32	3873	19.125
32	4631	19.125
32	880	19.125
32	1659	19
32	2998	19
32	3334	19
32	3364	19
32	5175	19
32	1233	18.875
32	1510	18.875
32	1658	18.875
32	2208	18.875
32	251	18.875
32	2713	18.875
32	2717	18.875
32	2823	18.875
32	3187	18.875
32	3240	18.875
32	3332	18.875
32	3339	18.875
32	3493	18.875
32	4823	18.875
32	582	18.875
32	749	18.875
32	1226	18.75
32	1249	18.75
32	1283	18.75
32	1330	18.75
32	1644	18.75
32	2973	18.75
32	4885	18.75
32	4961	18.75
32	738	18.75
32	1323	18.625
32	1688	18.625
32	2727	18.625
32	3456	18.625
32	3457	18.625
32	3460	18.625
32	3815	18.625
32	4027	18.625
32	4926	18.625
32	5048	18.625
32	747	18.625
32	835	18.625
32	836	18.625
32	1274	18.5
32	1616	18.5
32	1697	18.5
32	173	18.5
32	1738	18.5
32	18	18.5
32	19	18.5
32	2032	18.5
32	2215	18.5
32	2634	18.5
32	2802	18.5
32	2825	18.5
32	3229	18.5
32	3297	18.5
32	3313	18.5
32	3455	18.5
32	3459	18.5
32	3704	18.5
32	4770	18.5
32	628	18.5
32	814	18.5
32	833	18.5
32	848	18.5
32	867	18.5
32	1257	18.375
32	1305	18.375
32	1471	18.375
32	1499	18.375
32	250	18.375
32	2659	18.375
32	3218	18.375
32	3312	18.375
32	3341	18.375
32	3345	18.375
32	3347	18.375
33	18	18.125
33	19	18
33	1499	16.625
33	747	16.625
33	1611	16.375
33	598	16.125
33	784	16.125
33	3543	16
33	1036	15.8125
33	1082	15.8125
33	1765	15.8125
33	773	15.8125
33	2668	15.75
33	782	15.75
33	1290	15.625
33	1421	15.625
33	1641	15.625
33	3546	15.625
33	3570	15.625
33	3616	15.625
33	4348	15.625
33	5157	15.625
33	620	15.625
33	835	15.625
33	919	15.625
33	2032	15.5625
33	5190	15.5625
33	748	15.5625
33	890	15.5625
33	1064	15.5
33	1223	15.5
33	1709	15.5
33	2791	15.5
33	3555	15.5
33	937	15.5
33	214	15.4375
33	3876	15.4375
33	1081	15.375
33	1297	15.375
33	2616	15.375
33	3493	15.375
33	3617	15.375
33	599	15.375
33	624	15.375
33	805	15.375
33	862	15.375
33	908	15.375
33	1008	15.3125
33	1169	15.3125
33	2667	15.3125
33	3169	15.3125
33	5185	15.3125
33	66	15.3125
33	826	15.3125
33	3334	15.25
33	3341	15.25
33	3610	15.25
33	3614	15.25
33	4048	15.25
33	4936	15.25
33	77	15.25
33	2758	15.1875
33	3695	15.1875
33	3805	15.1875
33	4937	15.1875
33	833	15.1875
33	874	15.1875
33	1007	15.125
33	1040	15.125
33	3079	15.125
33	3261	15.125
33	3710	15.125
33	3875	15.125
33	576	15.125
33	625	15.125
33	843	15.125
33	1002	15.0625
33	1063	15.0625
33	1083	15.0625
33	1086	15.0625
33	1127	15.0625
33	2637	15.0625
33	3217	15.0625
33	3239	15.0625
33	5052	15.0625
33	5208	15.0625
33	579	15.0625
33	633	15.0625
33	1037	15
33	3492	15
33	3544	15
33	3574	15
33	3613	15
33	3622	15
33	5154	15
33	629	15
33	1050	14.9375
33	1655	14.9375
33	2909	14.9375
33	3184	14.9375
34	2304	16.875
34	2324	16.75
34	2328	16.625
34	2726	16.125
34	2326	16
34	3492	16
34	5208	16
34	2258	15.9375
34	2300	15.9375
34	4237	15.9375
34	1084	15.75
34	2262	15.75
34	716	15.75
34	1477	15.6875
34	4702	15.5
34	1210	15.375
34	1290	15.3125
34	4713	15.3125
34	4932	15.25
34	1083	15.1875
34	2325	15.1875
34	2327	15.1875
34	2338	15.1875
34	3613	15.1875
34	4622	15.1875
34	5157	15.1875
34	826	15.1875
34	2578	15.125
34	2666	15.125
34	2731	15.125
34	4623	15.125
34	5078	15.125
34	5107	15.125
34	1090	15.0625
34	2340	15.0625
34	2626	15.0625
34	3876	15.0625
34	641	15.0625
34	2322	15
34	2398	15
34	1295	14.9375
34	1363	14.9375
34	2589	14.9375
34	2734	14.9375
34	2832	14.9375
34	2822	14.875
34	3458	14.875
34	1291	14.8125
34	1362	14.8125
34	1499	14.8125
34	2627	14.8125
34	3452	14.8125
34	3570	14.8125
34	3588	14.8125
34	3614	14.8125
34	2353	14.75
34	428	14.75
34	548	14.75
34	564	14.75
34	667	14.75
34	299	14.6875
34	3243	14.6875
34	349	14.6875
34	5185	14.6875
34	5193	14.6875
34	656	14.6875
34	1454	14.625
34	210	14.625
34	2301	14.625
34	2323	14.625
34	2341	14.625
34	3599	14.625
34	3622	14.625
34	5051	14.625
34	5169	14.625
34	5223	14.625
34	599	14.625
34	880	14.625
34	3621	14.5625
34	915	14.5625
34	1289	14.5
34	2009	14.5
34	2299	14.5
34	2306	14.5
34	2316	14.5
34	2401	14.5
34	2709	14.5
34	3337	14.5
34	3810	14.5
34	4226	14.5
34	2308	14.4375
34	234	14.4375
34	2343	14.4375
34	282	14.4375
34	3899	14.4375
34	5011	14.4375
34	5118	14.4375
34	531	14.4375
34	565	14.4375
34	926	14.4375
35	396	22.125
35	416	22.125
35	470	22
35	418	21.875
35	378	21.625
35	457	21
35	391	20.875
35	407	20.875
35	437	20.875
35	443	20.875
35	441	20.75
35	452	20.625
35	306	20.5
35	346	20.5
35	481	20.5
35	319	20.375
35	410	20.375
35	442	20.375
35	446	20.375
35	394	20.25
35	411	20.25
35	420	20.25
35	449	20.25
35	415	20.125
35	448	20.125
35	571	20.125
35	589	20.125
35	458	20
35	462	20
35	644	20
35	382	19.875
35	593	19.875
35	606	19.875
35	642	19.875
35	315	19.75
35	320	19.75
35	324	19.75
35	345	19.75
35	463	19.75
35	525	19.75
35	312	19.625
35	332	19.625
35	380	19.625
35	402	19.625
35	424	19.625
35	426	19.625
35	460	19.625
35	552	19.625
35	595	19.625
35	597	19.625
35	607	19.625
35	629	19.625
35	348	19.5
35	359	19.5
35	385	19.5
35	479	19.5
35	557	19.5
35	643	19.5
35	176	19.375
35	399	19.375
35	475	19.375
35	530	19.375
35	576	19.375
35	596	19.375
35	647	19.375
35	655	19.375
35	2810	19.25
35	383	19.25
35	609	19.25
35	610	19.25
35	645	19.25
35	2721	19.125
35	289	19.125
35	336	19.125
35	400	19.125
35	412	19.125
35	484	19.125
35	618	19.125
35	650	19.125
35	2644	19
35	2704	19
35	405	19
35	414	19
35	476	19
35	500	19
35	504	19
35	5163	19
35	570	19
35	608	19
35	620	19
35	16	18.875
35	227	18.875
35	2811	18.875
35	2824	18.875
35	283	18.875
35	3212	18.875
35	404	18.875
35	4478	18.875
35	505	18.875
35	507	18.875
36	225	20.25
36	219	19.625
36	256	19.625
36	119	19.5
36	252	19.5
36	77	19.5
36	63	19.25
36	153	19.125
36	129	18.75
36	234	18.75
36	176	18.625
36	5174	18.625
36	64	18.625
36	229	18.375
36	124	18.25
36	150	18.25
36	159	18.25
36	101	18.125
36	209	18.125
36	66	18.125
36	116	18
36	246	18
36	3227	18
36	4825	18
36	70	18
36	238	17.875
36	4798	17.875
36	5161	17.875
36	100	17.75
36	112	17.75
36	113	17.75
36	230	17.75
36	62	17.75
36	99	17.625
36	118	17.5
36	120	17.5
36	142	17.5
36	154	17.5
36	178	17.5
36	53	17.5
36	69	17.5
36	92	17.5
36	93	17.5
36	105	17.375
36	190	17.375
36	212	17.375
36	3210	17.375
36	98	17.375
36	136	17.25
36	323	17.25
36	72	17.25
36	82	17.25
36	84	17.25
36	85	17.25
36	111	17.125
36	139	17.125
36	158	17.125
36	259	17.125
36	580	17.125
36	97	17.125
36	115	17
36	128	17
36	151	17
36	196	17
36	26	17
36	262	17
36	3303	17
36	3638	17
36	104	16.875
36	117	16.875
36	141	16.875
36	143	16.875
36	145	16.875
36	147	16.875
36	184	16.875
36	22	16.875
36	2765	16.875
36	31	16.875
36	314	16.875
36	3209	16.875
36	3792	16.875
36	5145	16.875
36	5198	16.875
36	96	16.875
36	125	16.75
36	1285	16.75
36	130	16.75
36	138	16.75
36	156	16.75
36	183	16.75
36	255	16.75
36	3208	16.75
36	363	16.75
36	3800	16.75
36	49	16.75
36	515	16.75
36	78	16.75
36	88	16.75
36	157	16.625
36	179	16.625
37	4876	10.0625
37	592	9.9375
37	4875	9.875
37	4878	9.875
37	4877	9.8125
37	3221	9.6875
37	604	9.6875
37	4894	9.625
37	503	9.5625
37	561	9.5
37	16	9.4375
37	5031	9.4375
37	391	9.375
37	601	9.375
37	116	9.3125
37	4659	9.3125
37	4873	9.3125
37	699	9.3125
37	134	9.25
37	296	9.25
37	317	9.25
37	324	9.25
37	400	9.25
37	4882	9.25
37	4884	9.25
37	614	9.25
37	359	9.1875
37	367	9.1875
37	4887	9.1875
37	5080	9.1875
37	532	9.1875
37	979	9.1875
37	47	9.125
37	479	9.125
37	4871	9.125
37	4881	9.125
37	4889	9.125
37	4900	9.125
37	640	9.125
37	2472	9.0625
37	356	9.0625
37	385	9.0625
37	4888	9.0625
37	4890	9.0625
37	4891	9.0625
37	4898	9.0625
37	591	9.0625
37	603	9.0625
37	1809	9
37	226	9
37	326	9
37	333	9
37	3620	9
37	394	9
37	418	9
37	4892	9
37	4905	9
37	5032	9
37	5036	9
37	5038	9
37	5039	9
37	564	9
37	602	9
37	965	9
37	180	8.9375
37	2740	8.9375
37	2856	8.9375
37	289	8.9375
37	294	8.9375
37	315	8.9375
37	320	8.9375
37	323	8.9375
37	354	8.9375
37	420	8.9375
37	424	8.9375
37	4699	8.9375
37	4872	8.9375
37	4879	8.9375
37	4893	8.9375
37	5035	8.9375
37	5230	8.9375
37	605	8.9375
37	740	8.9375
37	110	8.875
37	121	8.875
37	124	8.875
37	1627	8.875
37	215	8.875
37	279	8.875
37	3	8.875
37	4	8.875
37	429	8.875
37	463	8.875
37	4870	8.875
37	4880	8.875
37	4899	8.875
37	5034	8.875
37	5152	8.875
37	5160	8.875
37	5243	8.875
38	226	14.9375
38	225	14.8125
38	161	14.6875
38	172	14.5625
38	186	14.5625
38	190	14.5625
38	193	14.5625
38	214	14.5
38	224	14.5
38	227	14.5
38	219	14.4375
38	394	14.4375
38	4876	14.4375
38	490	14.4375
38	523	14.4375
38	529	14.4375
38	160	14.375
38	215	14.375
38	257	14.375
38	446	14.375
38	496	14.375
38	498	14.375
38	514	14.375
38	538	14.375
38	657	14.375
38	164	14.3125
38	171	14.3125
38	173	14.3125
38	175	14.3125
38	191	14.3125
38	217	14.3125
38	230	14.3125
38	253	14.3125
38	2648	14.3125
38	4	14.3125
38	437	14.3125
38	476	14.3125
38	51	14.3125
38	622	14.3125
38	681	14.3125
38	163	14.25
38	180	14.25
38	184	14.25
38	218	14.25
38	222	14.25
38	229	14.25
38	378	14.25
38	424	14.25
38	66	14.25
38	95	14.25
38	165	14.1875
38	176	14.1875
38	182	14.1875
38	2267	14.1875
38	234	14.1875
38	239	14.1875
38	251	14.1875
38	2632	14.1875
38	376	14.1875
38	406	14.1875
38	472	14.1875
38	479	14.1875
38	4873	14.1875
38	4877	14.1875
38	559	14.1875
38	576	14.1875
38	140	14.125
38	183	14.125
38	213	14.125
38	228	14.125
38	2439	14.125
38	252	14.125
38	2633	14.125
38	283	14.125
38	4201	14.125
38	4681	14.125
38	4705	14.125
38	487	14.125
38	4889	14.125
38	503	14.125
38	564	14.125
38	625	14.125
38	67	14.125
38	673	14.125
38	77	14.125
38	1254	14.0625
38	1352	14.0625
38	178	14.0625
38	209	14.0625
38	232	14.0625
38	2428	14.0625
38	2503	14.0625
38	254	14.0625
38	2722	14.0625
38	282	14.0625
38	2989	14.0625
38	416	14.0625
38	470	14.0625
38	4875	14.0625
38	4893	14.0625
39	226	20.875
39	214	20.5
39	476	20.5
39	215	20.375
39	161	19.875
39	186	19.75
39	394	19.625
39	487	19.625
39	503	19.5
39	2629	19.375
39	472	19.375
39	225	19.25
39	406	19.25
39	2499	19.125
39	501	19.125
39	163	19
39	172	19
39	222	19
39	378	19
39	479	18.875
39	164	18.75
39	165	18.75
39	191	18.75
39	437	18.75
39	53	18.75
39	261	18.625
39	444	18.625
39	490	18.625
39	496	18.625
39	51	18.625
39	529	18.625
39	77	18.625
39	171	18.5
39	253	18.5
39	504	18.5
39	514	18.5
39	515	18.5
39	52	18.5
39	589	18.5
39	219	18.375
39	221	18.375
39	235	18.375
39	239	18.375
39	2622	18.375
39	2634	18.375
39	424	18.375
39	446	18.375
39	508	18.375
39	632	18.375
39	193	18.25
39	518	18.25
39	523	18.25
39	876	18.25
39	176	18.125
39	3843	18.125
39	416	18.125
39	5140	18.125
39	538	18.125
39	160	18
39	175	18
39	209	18
39	2655	18
39	283	18
39	481	18
39	498	18
39	657	18
39	848	18
39	1348	17.875
39	162	17.875
39	1698	17.875
39	230	17.875
39	2404	17.875
39	2739	17.875
39	2989	17.875
39	302	17.875
39	3360	17.875
39	370	17.875
39	374	17.875
39	468	17.875
39	568	17.875
39	576	17.875
39	644	17.875
39	210	17.75
39	2327	17.75
39	2611	17.75
39	2666	17.75
39	2743	17.75
39	2939	17.75
39	3655	17.75
39	431	17.75
39	457	17.75
39	5053	17.75
39	619	17.75
39	656	17.75
39	871	17.75
39	1318	17.625
39	227	17.625
39	237	17.625
39	2637	17.625
39	2644	17.625
40	191	11.125
40	214	10.6875
40	193	10.625
40	164	10.5
40	2381	10.375
40	182	10.3125
40	186	10.3125
40	161	10.25
40	163	10.25
40	222	10.25
40	218	10.1875
40	52	10.1875
40	234	10.125
40	235	10.125
40	2379	10.125
40	3183	10.125
40	57	10.125
40	187	10.0625
40	229	10.0625
40	2380	10.0625
40	2501	10.0625
40	2382	10
40	2384	10
40	172	9.9375
40	190	9.9375
40	227	9.9375
40	2377	9.875
40	2631	9.875
40	431	9.875
40	619	9.875
40	657	9.875
40	658	9.875
40	2385	9.8125
40	175	9.75
40	2953	9.75
40	601	9.75
40	176	9.6875
40	226	9.6875
40	2367	9.6875
40	2499	9.6875
40	2502	9.6875
40	2503	9.6875
40	5152	9.6875
40	189	9.625
40	2333	9.625
40	2368	9.625
40	2370	9.625
40	2372	9.625
40	2373	9.625
40	2657	9.625
40	2776	9.625
40	66	9.625
40	2374	9.5625
40	250	9.5625
40	2775	9.5625
40	4925	9.5625
40	602	9.5625
40	2326	9.5
40	2365	9.5
40	2632	9.5
40	2644	9.5
40	99	9.5
40	225	9.4375
40	2378	9.4375
40	2386	9.4375
40	2414	9.4375
40	2418	9.4375
40	4930	9.4375
40	5187	9.4375
40	600	9.4375
40	616	9.4375
40	2369	9.375
40	2371	9.375
40	2376	9.375
40	2383	9.375
40	4997	9.375
40	143	9.3125
40	2391	9.3125
40	2421	9.3125
40	2431	9.3125
40	2779	9.3125
40	4961	9.3125
40	77	9.3125
40	216	9.25
40	2361	9.25
40	2406	9.25
40	2630	9.25
40	2686	9.25
40	2773	9.25
40	2774	9.25
40	4635	9.25
40	49	9.25
40	595	9.25
40	2375	9.1875
40	2429	9.1875
40	251	9.1875
40	2634	9.1875
40	2850	9.1875
40	376	9.1875
40	4628	9.1875
41	5070	12.4375
41	3048	12.375
41	3140	12.375
41	3144	12.375
41	3312	12.375
41	1254	12.3125
41	2258	12.3125
41	2948	12.3125
41	3029	12.3125
41	3041	12.3125
41	3046	12.3125
41	3146	12.3125
41	3483	12.3125
41	4770	12.3125
41	4776	12.3125
41	4962	12.3125
41	847	12.3125
41	853	12.3125
41	859	12.3125
41	1018	12.25
41	1449	12.25
41	224	12.25
41	237	12.25
41	2700	12.25
41	2701	12.25
41	2944	12.25
41	2947	12.25
41	3023	12.25
41	3047	12.25
41	3056	12.25
41	3064	12.25
41	3085	12.25
41	3088	12.25
41	3104	12.25
41	3109	12.25
41	3115	12.25
41	3120	12.25
41	3121	12.25
41	3126	12.25
41	3135	12.25
41	3307	12.25
41	3309	12.25
41	3593	12.25
41	4635	12.25
41	4772	12.25
41	4925	12.25
41	4941	12.25
41	5056	12.25
41	5067	12.25
41	5172	12.25
41	5192	12.25
41	681	12.25
41	854	12.25
41	857	12.25
41	1007	12.1875
41	1181	12.1875
41	1230	12.1875
41	226	12.1875
41	2349	12.1875
41	2350	12.1875
41	239	12.1875
41	2697	12.1875
41	2941	12.1875
41	2943	12.1875
41	2961	12.1875
41	2969	12.1875
41	2972	12.1875
41	3033	12.1875
41	3036	12.1875
41	3042	12.1875
41	3054	12.1875
41	3059	12.1875
41	3066	12.1875
41	3067	12.1875
41	3074	12.1875
41	3076	12.1875
41	3091	12.1875
41	3096	12.1875
41	3100	12.1875
41	3102	12.1875
41	3107	12.1875
41	3111	12.1875
41	3113	12.1875
41	3117	12.1875
41	3119	12.1875
41	3123	12.1875
41	3124	12.1875
41	3129	12.1875
41	3137	12.1875
41	3142	12.1875
41	3173	12.1875
41	3308	12.1875
41	3317	12.1875
41	3320	12.1875
41	3370	12.1875
41	3435	12.1875
41	3517	12.1875
41	3576	12.1875
41	4784	12.1875
41	671	12.1875
42	472	21.5
42	503	21
42	504	20.5
42	492	19.75
42	483	19.625
42	541	19.625
42	500	19.5
42	533	19.5
42	508	19.375
42	515	19.375
42	619	19.375
42	378	19.25
42	491	19.25
42	526	19.25
42	476	19.125
42	518	19.125
42	176	19
42	501	19
42	525	19
42	219	18.875
42	230	18.875
42	532	18.875
42	636	18.875
42	163	18.75
42	516	18.75
42	540	18.75
42	481	18.625
42	507	18.625
42	222	18.5
42	235	18.5
42	165	18.375
42	437	18.375
42	635	18.375
42	229	18.25
42	253	18.25
42	261	18.25
42	295	18.25
42	576	18.25
42	580	18.25
42	581	18.25
42	610	18.25
42	614	18.25
42	161	18.125
42	214	18.125
42	2706	18.125
42	394	18.125
42	446	18.125
42	479	18.125
42	482	18.125
42	510	18.125
42	53	18.125
42	575	18.125
42	606	18.125
42	829	18.125
42	164	18
42	290	18
42	399	18
42	416	18
42	502	18
42	5172	18
42	524	18
42	620	18
42	631	18
42	77	18
42	827	18
42	876	18
42	225	17.875
42	2499	17.875
42	257	17.875
42	2666	17.875
42	2764	17.875
42	424	17.875
42	617	17.875
42	823	17.875
42	831	17.875
42	836	17.875
42	867	17.875
42	162	17.75
42	2637	17.75
42	5130	17.75
42	5164	17.75
42	559	17.75
42	824	17.75
42	832	17.75
42	183	17.625
42	191	17.625
42	215	17.625
42	224	17.625
42	2650	17.625
42	2687	17.625
42	287	17.625
42	402	17.625
42	487	17.625
42	5104	17.625
42	5117	17.625
42	5131	17.625
42	5142	17.625
42	534	17.625
42	647	17.625
42	227	17.5
43	250	13.0625
43	4885	12.5
43	2643	12.4375
43	99	12.4375
43	2665	12.375
43	52	12.375
43	625	12.375
43	224	12.3125
43	2680	12.25
43	44	12.25
43	624	12.25
43	143	12.1875
43	192	12.1875
43	235	12.1875
43	4627	12.1875
43	176	12.125
43	189	12.125
43	1998	12.125
43	2634	12.125
43	4680	12.125
43	658	12.125
43	151	12.0625
43	2578	12.0625
43	223	12
43	2326	12
43	234	12
43	2517	12
43	4702	12
43	4947	12
43	66	12
43	164	11.9375
43	2782	11.9375
43	61	11.9375
43	227	11.875
43	2825	11.875
43	3621	11.875
43	5062	11.875
43	229	11.8125
43	2644	11.8125
43	2653	11.8125
43	2894	11.8125
43	4626	11.8125
43	559	11.8125
43	57	11.8125
43	170	11.75
43	2323	11.75
43	2503	11.75
43	2513	11.75
43	2686	11.75
43	2735	11.75
43	3337	11.75
43	4623	11.75
43	4930	11.75
43	68	11.75
43	80	11.75
43	150	11.6875
43	182	11.6875
43	2657	11.6875
43	3450	11.6875
43	3821	11.6875
43	4637	11.6875
43	4925	11.6875
43	849	11.6875
43	91	11.6875
43	92	11.6875
43	2325	11.625
43	2510	11.625
43	1090	11.5625
43	136	11.5625
43	2020	11.5625
43	2340	11.5625
43	2645	11.5625
43	2667	11.5625
43	2706	11.5625
43	3102	11.5625
43	5	11.5625
43	5175	11.5625
43	5211	11.5625
43	620	11.5625
43	738	11.5625
43	993	11.5625
43	115	11.5
43	125	11.5
43	191	11.5
43	2627	11.5
43	2711	11.5
43	2883	11.5
43	4806	11.5
43	4874	11.5
43	5154	11.5
43	616	11.5
43	65	11.5
43	82	11.5
43	837	11.5
43	100	11.4375
43	159	11.4375
43	186	11.4375
43	254	11.4375
43	2668	11.4375
43	2685	11.4375
44	2427	25.125
44	2429	24.625
44	2338	24.5
44	2405	24.25
44	2347	24.125
44	2398	24.125
44	2428	23.875
44	2330	23.375
44	2401	23.375
44	2426	23.25
44	2306	23.125
44	2348	23.125
44	2349	23
44	2307	22.75
44	2362	22.75
44	2377	22.75
44	2366	22.625
44	2404	22.5
44	2321	22.25
44	2416	22.25
44	1363	22.125
44	2343	22.125
44	2350	22
44	2367	22
44	2400	22
44	2408	22
44	2418	22
44	727	22
44	2333	21.875
44	2371	21.875
44	4623	21.875
44	2422	21.75
44	2735	21.75
44	4237	21.75
44	2309	21.625
44	2351	21.625
44	5187	21.625
44	1362	21.5
44	2316	21.5
44	2365	21.5
44	2736	21.5
44	2331	21.375
44	2358	21.375
44	2361	21.375
44	2386	21.375
44	2421	21.375
44	2258	21.25
44	2317	21.25
44	2318	21.25
44	2339	21.25
44	2340	21.25
44	2341	21.25
44	2352	21.25
44	2372	21.25
44	2406	21.25
44	349	21.25
44	4226	21.25
44	531	21.25
44	667	21.25
44	1101	21.125
44	2310	21.125
44	2314	21.125
44	2327	21.125
44	2335	21.125
44	2353	21.125
44	2354	21.125
44	2589	21.125
44	2626	21.125
44	2323	21
44	5118	21
44	2263	20.875
44	2328	20.875
44	2415	20.875
44	2600	20.875
44	172	20.75
44	2346	20.75
44	3621	20.75
44	2329	20.625
44	2373	20.625
44	2905	20.625
44	3540	20.625
44	3832	20.625
44	2304	20.5
44	2308	20.5
44	2370	20.5
44	2374	20.5
44	2388	20.5
44	2391	20.5
44	2392	20.5
44	2410	20.5
44	2423	20.5
44	2424	20.5
44	2567	20.5
44	360	20.5
44	565	20.5
44	2326	20.375
44	2420	20.375
44	3633	20.375
44	4713	20.375
44	1090	20.25
45	332	30.125
45	336	30.125
45	314	29
45	2644	28.25
45	552	28.25
45	624	28.25
45	2503	28.125
45	2512	28
45	2513	28
45	551	28
45	2510	27.875
45	319	27.875
45	560	27.875
45	658	27.875
45	345	27.75
45	614	27.75
45	659	27.75
45	553	27.625
45	562	27.625
45	606	27.625
45	2652	27.5
45	2689	27.5
45	558	27.5
45	575	27.5
45	590	27.5
45	595	27.5
45	645	27.5
45	2643	27.375
45	2685	27.375
45	2705	27.375
45	346	27.375
45	599	27.375
45	610	27.375
45	619	27.375
45	279	27.25
45	320	27.25
45	321	27.25
45	323	27.25
45	433	27.25
45	650	27.25
45	2791	27.125
45	316	27.125
45	561	27.125
45	609	27.125
45	618	27.125
45	627	27.125
45	642	27.125
45	644	27.125
45	2444	27
45	2765	27
45	2802	27
45	413	27
45	5229	27
45	585	27
45	617	27
45	2645	26.875
45	2693	26.875
45	2714	26.875
45	289	26.875
45	290	26.875
45	337	26.875
45	391	26.875
45	409	26.875
45	616	26.875
45	315	26.75
45	333	26.75
45	406	26.75
45	550	26.75
45	601	26.75
45	602	26.75
45	648	26.75
45	2447	26.625
45	2504	26.625
45	2686	26.625
45	306	26.625
45	354	26.625
45	385	26.625
45	394	26.625
45	432	26.625
45	5157	26.625
45	5161	26.625
45	603	26.625
45	608	26.625
45	637	26.625
45	655	26.625
45	13	26.5
45	176	26.5
45	2441	26.5
45	2509	26.5
45	2642	26.5
45	2676	26.5
45	324	26.5
45	401	26.5
45	417	26.5
45	456	26.5
45	482	26.5
45	5	26.5
45	5207	26.5
45	559	26.5
45	589	26.5
46	354	15.9375
46	306	15.8125
46	576	15.6875
46	553	15.625
46	413	15.5625
46	599	15.5625
46	325	15.5
46	505	15.5
46	6	15.5
46	2452	15.375
46	355	15.375
46	455	15.375
46	658	15.3125
46	2442	15.25
46	294	15.25
46	337	15.25
46	398	15.25
46	442	15.25
46	552	15.25
46	619	15.25
46	603	15.1875
46	643	15.1875
46	2448	15.125
46	2685	15.125
46	410	15.125
46	402	15.0625
46	407	15.0625
46	551	15.0625
46	561	15.0625
46	588	15.0625
46	2449	15
46	2510	15
46	391	15
46	483	15
46	491	15
46	492	15
46	4931	15
46	609	15
46	627	15
46	639	15
46	8	15
46	2455	14.9375
46	3002	14.9375
46	415	14.9375
46	530	14.9375
46	608	14.9375
46	610	14.9375
46	631	14.9375
46	2706	14.875
46	333	14.875
46	346	14.875
46	3543	14.875
46	358	14.875
46	532	14.875
46	533	14.875
46	571	14.875
46	590	14.875
46	592	14.875
46	2444	14.8125
46	315	14.8125
46	404	14.8125
46	412	14.8125
46	475	14.8125
46	499	14.8125
46	560	14.8125
46	589	14.8125
46	618	14.8125
46	2504	14.75
46	2802	14.75
46	401	14.75
46	444	14.75
46	558	14.75
46	581	14.75
46	601	14.75
46	602	14.75
46	17	14.6875
46	2822	14.6875
46	287	14.6875
46	357	14.6875
46	389	14.6875
46	419	14.6875
46	431	14.6875
46	596	14.6875
46	605	14.6875
46	617	14.6875
46	620	14.6875
46	655	14.6875
46	2503	14.625
46	2513	14.625
46	2644	14.625
46	2645	14.625
46	2705	14.625
46	2810	14.625
46	2823	14.625
46	290	14.625
46	332	14.625
46	426	14.625
46	427	14.625
46	557	14.625
46	629	14.625
47	2826	11.6875
47	3213	11.625
47	3605	11.625
47	3543	11.4375
47	2738	11.25
47	3090	11.125
47	3233	11.125
47	3308	11.125
47	3709	11.0625
47	2989	11
47	3020	11
47	3100	11
47	3546	11
47	2769	10.9375
47	3004	10.9375
47	3021	10.9375
47	4792	10.9375
47	3002	10.875
47	3185	10.875
47	3217	10.875
47	3219	10.875
47	3225	10.875
47	3542	10.875
47	4786	10.875
47	2743	10.8125
47	2880	10.8125
47	3096	10.8125
47	3180	10.8125
47	3234	10.8125
47	3175	10.75
47	3218	10.75
47	3662	10.75
47	4785	10.75
47	4951	10.75
47	2966	10.6875
47	3003	10.6875
47	3035	10.6875
47	3042	10.6875
47	3182	10.6875
47	3687	10.6875
47	5052	10.6875
47	5212	10.6875
47	3045	10.625
47	3221	10.625
47	3553	10.625
47	712	10.625
47	2258	10.5625
47	2998	10.5625
47	3036	10.5625
47	3215	10.5625
47	3222	10.5625
47	2398	10.5
47	3001	10.5
47	3228	10.5
47	3244	10.5
47	3451	10.5
47	3612	10.5
47	3715	10.5
47	4850	10.5
47	636	10.5
47	2465	10.4375
47	2747	10.4375
47	2822	10.4375
47	3097	10.4375
47	3226	10.4375
47	3703	10.4375
47	632	10.4375
47	870	10.4375
47	2872	10.375
47	2948	10.375
47	2953	10.375
47	3019	10.375
47	3039	10.375
47	3091	10.375
47	3101	10.375
47	3223	10.375
47	3712	10.375
47	4839	10.375
47	660	10.375
47	1194	10.3125
47	1414	10.3125
47	2710	10.3125
47	3000	10.3125
47	3098	10.3125
47	3169	10.3125
47	3299	10.3125
47	3520	10.3125
47	4763	10.3125
47	4970	10.3125
47	716	10.3125
47	2470	10.25
47	2763	10.25
47	2788	10.25
47	3099	10.25
47	3122	10.25
47	3130	10.25
47	3157	10.25
47	3166	10.25
47	3191	10.25
47	3224	10.25
48	345	19.875
48	314	18
48	350	17.5
48	332	17.375
48	336	17.375
48	2674	17.25
48	319	17.125
48	2676	17
48	351	17
48	2444	16.75
48	2617	16.75
48	2644	16.75
48	320	16.75
48	2695	16.625
48	2791	16.625
48	2943	16.625
48	339	16.625
48	346	16.625
48	591	16.625
48	647	16.625
48	658	16.625
48	2472	16.5
48	2782	16.5
48	2862	16.5
48	306	16.5
48	659	16.5
48	2455	16.375
48	2705	16.375
48	487	16.375
48	575	16.375
48	602	16.375
48	624	16.375
48	2441	16.25
48	2447	16.25
48	2645	16.25
48	2672	16.25
48	321	16.25
48	551	16.25
48	558	16.25
48	562	16.25
48	601	16.25
48	95	16.25
48	2454	16.125
48	2513	16.125
48	2532	16.125
48	2643	16.125
48	2668	16.125
48	3079	16.125
48	3218	16.125
48	417	16.125
48	618	16.125
48	650	16.125
48	93	16.125
48	2432	16
48	2675	16
48	3169	16
48	3221	16
48	323	16
48	324	16
48	561	16
48	616	16
48	224	15.9375
48	287	15.9375
48	347	15.9375
48	348	15.9375
48	552	15.9375
48	592	15.9375
48	82	15.9375
48	164	15.875
48	2443	15.875
48	2510	15.875
48	2680	15.875
48	333	15.875
48	3619	15.875
48	638	15.875
48	640	15.875
48	100	15.8125
48	2503	15.8125
48	2714	15.8125
48	352	15.8125
48	133	15.75
48	2442	15.75
48	2512	15.75
48	2517	15.75
48	2642	15.75
48	2925	15.75
48	293	15.75
48	3098	15.75
48	337	15.75
48	354	15.75
48	3553	15.75
48	605	15.75
48	14	15.6875
48	2504	15.6875
48	279	15.6875
48	338	15.6875
48	3659	15.6875
48	389	15.6875
48	5157	15.6875
48	5229	15.6875
49	378	24.125
49	394	24.125
49	416	23.5
49	437	23.375
49	446	23.375
49	470	23.25
49	406	23.125
49	504	23.125
49	424	23
49	595	22.875
49	589	22.75
49	487	22.625
49	503	22.625
49	164	22.5
49	2706	22.5
49	402	22.5
49	500	22.5
49	165	22.375
49	2687	22.375
49	472	22.375
49	479	22.375
49	176	22.25
49	191	22.25
49	222	22.25
49	2686	22.25
49	444	22.25
49	645	22.25
49	400	22.125
49	476	22.125
49	525	22.125
49	644	22.125
49	163	22
49	391	22
49	481	22
49	507	22
49	553	22
49	597	22
49	642	22
49	2680	21.875
49	576	21.875
49	617	21.875
49	2644	21.75
49	396	21.75
49	4681	21.75
49	492	21.75
49	599	21.75
49	161	21.625
49	162	21.625
49	214	21.625
49	215	21.625
49	225	21.625
49	2643	21.625
49	2656	21.625
49	410	21.625
49	441	21.625
49	442	21.625
49	518	21.625
49	557	21.625
49	618	21.625
49	175	21.5
49	208	21.5
49	2502	21.5
49	3002	21.5
49	399	21.5
49	432	21.5
49	433	21.5
49	449	21.5
49	462	21.5
49	533	21.5
49	561	21.5
49	647	21.5
49	172	21.375
49	227	21.375
49	2802	21.375
49	2823	21.375
49	448	21.375
49	456	21.375
49	619	21.375
49	2499	21.25
49	2666	21.25
49	2727	21.25
49	390	21.25
49	415	21.25
49	463	21.25
49	5	21.25
49	52	21.25
49	620	21.25
49	657	21.25
49	77	21.25
49	279	21.125
49	2803	21.125
49	283	21.125
49	315	21.125
49	356	21.125
49	386	21.125
49	4685	21.125
49	51	21.125
49	515	21.125
49	540	21.125
49	593	21.125
50	2340	21
50	2325	20.25
50	210	20
50	2822	20
50	250	19.875
50	192	19.75
50	2589	19.625
50	867	19.625
50	3672	19.5
50	1101	19.375
50	2315	19.375
50	2731	19.375
50	565	19.375
50	624	19.375
50	2263	19.25
50	2498	19.25
50	2626	19.25
50	4702	19.25
50	531	19.25
50	66	19.25
50	2243	19.125
50	2323	19.125
50	2328	19.125
50	2706	19.125
50	2710	19.125
50	2726	19.125
50	349	19.125
50	3613	19.125
50	658	19.125
50	666	19.125
50	2326	19
50	2338	19
50	234	19
50	2634	19
50	2666	19
50	2685	19
50	2883	19
50	4623	19
50	667	19
50	2339	18.875
50	2823	18.875
50	3588	18.875
50	3821	18.875
50	548	18.875
50	716	18.875
50	872	18.875
50	2262	18.75
50	2306	18.75
50	2316	18.75
50	233	18.75
50	2343	18.75
50	2410	18.75
50	246	18.75
50	2478	18.75
50	2611	18.75
50	2643	18.75
50	2644	18.75
50	2711	18.75
50	2735	18.75
50	2771	18.75
50	3458	18.75
50	4237	18.75
50	4627	18.75
50	2513	18.625
50	2567	18.625
50	2707	18.625
50	2739	18.625
50	2745	18.625
50	2894	18.625
50	4640	18.625
50	5062	18.625
50	5085	18.625
50	551	18.625
50	558	18.625
50	564	18.625
50	619	18.625
50	826	18.625
50	836	18.625
50	926	18.625
50	1363	18.5
50	1364	18.5
50	2304	18.5
50	244	18.5
50	2510	18.5
50	2665	18.5
50	2686	18.5
50	2713	18.5
50	2744	18.5
50	3621	18.5
50	44	18.5
50	4626	18.5
50	2258	18.375
50	2317	18.375
50	2324	18.375
50	2645	18.375
50	3315	18.375
50	3452	18.375
50	4935	18.375
50	5166	18.375
50	5185	18.375
51	599	21
51	419	20.875
51	601	20.875
51	643	20.875
51	603	20.75
51	608	20.75
51	418	20.625
51	618	20.625
51	324	20.5
51	416	20.5
51	557	20.375
51	598	20.375
51	602	20.375
51	647	20.375
51	394	20.25
51	600	20.25
51	619	20.25
51	2652	20.125
51	2710	20.125
51	397	20.125
51	402	20.125
51	589	20.125
51	590	20.125
51	595	20.125
51	609	20.125
51	306	20
51	312	20
51	400	20
51	503	20
51	610	20
51	624	20
51	635	20
51	2641	19.875
51	2727	19.875
51	2802	19.875
51	315	19.875
51	319	19.875
51	354	19.875
51	398	19.875
51	6	19.875
51	620	19.875
51	645	19.875
51	650	19.875
51	279	19.75
51	283	19.75
51	346	19.75
51	3543	19.75
51	356	19.75
51	414	19.75
51	426	19.75
51	433	19.75
51	458	19.75
51	553	19.75
51	576	19.75
51	580	19.75
51	581	19.75
51	593	19.75
51	639	19.75
51	2686	19.625
51	281	19.625
51	410	19.625
51	413	19.625
51	585	19.625
51	623	19.625
51	636	19.625
51	13	19.5
51	333	19.5
51	336	19.5
51	3545	19.5
51	378	19.5
51	432	19.5
51	463	19.5
51	475	19.5
51	501	19.5
51	561	19.5
51	577	19.5
51	588	19.5
51	605	19.5
51	642	19.5
51	644	19.5
51	2503	19.375
51	2644	19.375
51	2666	19.375
51	2765	19.375
51	287	19.375
51	355	19.375
51	385	19.375
51	396	19.375
51	405	19.375
51	411	19.375
51	460	19.375
51	491	19.375
51	5163	19.375
51	552	19.375
51	617	19.375
51	625	19.375
51	631	19.375
51	14	19.25
51	16	19.25
51	2451	19.25
52	4021	12.25
52	3809	12
52	564	11.9375
52	3312	11.875
52	3581	11.875
52	3805	11.875
52	4069	11.875
52	457	11.875
52	552	11.875
52	593	11.875
52	2326	11.8125
52	2727	11.8125
52	2775	11.8125
52	2943	11.8125
52	3789	11.8125
52	3854	11.8125
52	588	11.8125
52	1402	11.75
52	2710	11.75
52	3060	11.75
52	3172	11.75
52	3553	11.75
52	3599	11.75
52	3745	11.75
52	3999	11.75
52	5062	11.75
52	597	11.75
52	616	11.75
52	655	11.75
52	1090	11.6875
52	1116	11.6875
52	2567	11.6875
52	2666	11.6875
52	2667	11.6875
52	2894	11.6875
52	2992	11.6875
52	3175	11.6875
52	3180	11.6875
52	3319	11.6875
52	3320	11.6875
52	3543	11.6875
52	3546	11.6875
52	3621	11.6875
52	3668	11.6875
52	3690	11.6875
52	3821	11.6875
52	44	11.6875
52	530	11.6875
52	647	11.6875
52	660	11.6875
52	1403	11.625
52	2258	11.625
52	244	11.625
52	2444	11.625
52	2478	11.625
52	2498	11.625
52	2514	11.625
52	2641	11.625
52	2738	11.625
52	2831	11.625
52	3099	11.625
52	3182	11.625
52	319	11.625
52	3226	11.625
52	354	11.625
52	3703	11.625
52	3712	11.625
52	3724	11.625
52	3742	11.625
52	3811	11.625
52	3832	11.625
52	4010	11.625
52	482	11.625
52	4850	11.625
52	503	11.625
52	524	11.625
52	636	11.625
52	650	11.625
52	870	11.625
52	1363	11.5625
52	2513	11.5625
52	2600	11.5625
52	2626	11.5625
52	2634	11.5625
52	2689	11.5625
52	2705	11.5625
52	2729	11.5625
52	2735	11.5625
52	2744	11.5625
52	2763	11.5625
52	2770	11.5625
52	2782	11.5625
52	2804	11.5625
52	2817	11.5625
52	2823	11.5625
52	2828	11.5625
52	2842	11.5625
52	287	11.5625
52	290	11.5625
52	2981	11.5625
53	418	18.625
53	642	18.625
53	306	18.5
53	396	18.5
53	655	18.25
53	346	18.125
53	391	18.125
53	470	18.125
53	16	18
53	308	17.875
53	6	17.875
53	2706	17.75
53	645	17.75
53	324	17.625
53	332	17.625
53	416	17.625
53	589	17.625
53	644	17.625
53	2705	17.5
53	319	17.5
53	429	17.5
53	441	17.5
53	17	17.375
53	289	17.375
53	345	17.375
53	414	17.375
53	442	17.375
53	553	17.375
53	609	17.375
53	610	17.375
53	2680	17.25
53	2687	17.25
53	457	17.25
53	66	17.25
53	2666	17.125
53	320	17.125
53	325	17.125
53	410	17.125
53	415	17.125
53	427	17.125
53	432	17.125
53	476	17.125
53	558	17.125
53	570	17.125
53	576	17.125
53	595	17.125
53	623	17.125
53	176	17
53	2686	17
53	333	17
53	402	17
53	463	17
53	530	17
53	571	17
53	605	17
53	647	17
53	2644	16.875
53	2744	16.875
53	2802	16.875
53	281	16.875
53	2823	16.875
53	2824	16.875
53	336	16.875
53	338	16.875
53	462	16.875
53	479	16.875
53	5163	16.875
53	561	16.875
53	618	16.875
53	619	16.875
53	643	16.875
53	14	16.75
53	2567	16.75
53	2709	16.75
53	287	16.75
53	315	16.75
53	378	16.75
53	389	16.75
53	394	16.75
53	407	16.75
53	419	16.75
53	481	16.75
53	482	16.75
53	539	16.75
53	592	16.75
53	606	16.75
53	631	16.75
53	632	16.75
53	2323	16.625
53	244	16.625
53	2503	16.625
53	2532	16.625
53	2643	16.625
53	2704	16.625
53	2707	16.625
53	2710	16.625
53	279	16.625
53	3543	16.625
53	386	16.625
53	398	16.625
54	3843	18.875
54	3360	18.5
54	3655	18.375
54	5140	18.375
54	871	18.375
54	2739	18.25
54	2626	17.75
54	4850	17.75
54	2611	17.625
54	1363	17.5
54	210	17.5
54	2260	17.5
54	4226	17.5
54	4259	17.5
54	1314	17.375
54	2567	17.375
54	2634	17.375
54	2734	17.375
54	3588	17.375
54	44	17.375
54	4702	17.375
54	716	17.375
54	1362	17.25
54	2298	17.125
54	2726	17.125
54	3821	17
54	428	17
54	1009	16.875
54	214	16.875
54	4809	16.875
54	548	16.875
54	826	16.875
54	2301	16.75
54	2398	16.75
54	2498	16.75
54	2826	16.75
54	4303	16.75
54	4766	16.75
54	660	16.75
54	18	16.625
54	20	16.625
54	2735	16.625
54	2744	16.625
54	299	16.625
54	3452	16.625
54	3543	16.625
54	4237	16.625
54	4839	16.625
54	5051	16.625
54	564	16.625
54	1090	16.5
54	2243	16.5
54	2589	16.5
54	2618	16.5
54	3614	16.5
54	4622	16.5
54	4640	16.5
54	1320	16.375
54	2302	16.375
54	2326	16.375
54	2632	16.375
54	3451	16.375
54	3486	16.375
54	3610	16.375
54	409	16.375
54	4626	16.375
54	1477	16.25
54	2256	16.25
54	2504	16.25
54	2731	16.25
54	3613	16.25
54	3810	16.25
54	4765	16.25
54	2258	16.125
54	234	16.125
54	3621	16.125
54	3704	16.125
54	4519	16.125
54	4623	16.125
54	5107	16.125
54	531	16.125
54	598	16.125
54	837	16.125
54	1010	16
54	1454	16
54	2262	16
54	2300	16
54	2658	16
54	2872	16
54	2905	16
54	3450	16
54	5062	16
54	667	16
54	2745	15.9375
54	2916	15.9375
54	2939	15.9375
54	2950	15.9375
54	565	15.9375
54	872	15.9375
54	1088	15.875
55	665	12
55	663	11.75
55	732	11.75
55	721	11.625
55	717	11.5
55	725	11.4375
55	3941	11.3125
55	723	11.1875
55	728	11.1875
55	731	11.0625
55	3317	11
55	3120	10.9375
55	3702	10.875
55	714	10.875
55	3101	10.8125
55	685	10.75
55	716	10.75
55	3032	10.6875
55	3140	10.6875
55	3319	10.6875
55	677	10.6875
55	718	10.6875
55	730	10.625
55	3135	10.5625
55	3142	10.5625
55	722	10.5625
55	3139	10.4375
55	3306	10.4375
55	3452	10.4375
55	2848	10.375
55	3143	10.375
55	3107	10.3125
55	3112	10.3125
55	3308	10.3125
55	3316	10.3125
55	3036	10.25
55	3100	10.25
55	3109	10.25
55	3121	10.25
55	3125	10.25
55	3144	10.25
55	3310	10.25
55	3098	10.1875
55	3111	10.1875
55	3115	10.1875
55	3122	10.1875
55	3137	10.1875
55	3314	10.1875
55	701	10.1875
55	3020	10.125
55	3037	10.125
55	3096	10.125
55	3141	10.125
55	3145	10.125
55	3312	10.125
55	3320	10.125
55	4109	10.125
55	2989	10.0625
55	3097	10.0625
55	3099	10.0625
55	3104	10.0625
55	3128	10.0625
55	3307	10.0625
55	3322	10.0625
55	3694	10.0625
55	662	10.0625
55	724	10.0625
55	1463	10
55	3110	10
55	3130	10
55	3180	10
55	4791	10
55	3035	9.9375
55	3040	9.9375
55	3041	9.9375
55	3091	9.9375
55	3113	9.9375
55	3114	9.9375
55	3124	9.9375
55	3129	9.9375
55	3136	9.9375
55	3244	9.9375
55	3313	9.9375
55	3687	9.9375
55	3935	9.9375
55	3068	9.875
55	3108	9.875
55	3344	9.875
55	664	9.875
55	709	9.875
55	712	9.875
55	1093	9.8125
55	1193	9.8125
55	1287	9.8125
55	2895	9.8125
55	3045	9.8125
55	3126	9.8125
55	3146	9.8125
55	3318	9.8125
55	3483	9.8125
56	286	25
56	606	24.5
56	287	24.375
56	278	24.25
56	276	24.125
56	651	23.875
56	558	23.75
56	618	23.625
56	2782	23.375
56	657	23.25
56	560	23.125
56	12	23
56	279	23
56	404	22.875
56	627	22.875
56	549	22.75
56	654	22.75
56	3009	22.625
56	431	22.625
56	620	22.625
56	2823	22.5
56	625	22.5
56	646	22.5
56	2	22.375
56	3639	22.25
56	577	22.25
56	632	22.25
56	3544	22.125
56	5018	22.125
56	282	22
56	3099	22
56	406	22
56	658	22
56	849	22
56	2858	21.875
56	2998	21.875
56	3319	21.875
56	3566	21.875
56	3613	21.875
56	3628	21.875
56	409	21.875
56	4996	21.875
56	598	21.875
56	605	21.875
56	2358	21.75
56	2644	21.75
56	2727	21.75
56	2769	21.75
56	2835	21.75
56	3225	21.75
56	3616	21.75
56	599	21.75
56	656	21.75
56	2504	21.625
56	2510	21.625
56	2771	21.625
56	2786	21.625
56	2811	21.625
56	3000	21.625
56	3015	21.625
56	5161	21.625
56	531	21.625
56	550	21.625
56	580	21.625
56	638	21.625
56	867	21.625
56	2503	21.5
56	2839	21.5
56	2992	21.5
56	3620	21.5
56	3622	21.5
56	4680	21.5
56	5233	21.5
56	619	21.5
56	869	21.5
56	931	21.5
56	2643	21.375
56	2704	21.375
56	3169	21.375
56	3175	21.375
56	3798	21.375
56	417	21.375
56	4807	21.375
56	551	21.375
56	559	21.375
56	593	21.375
56	614	21.375
56	623	21.375
56	624	21.375
56	652	21.375
56	2459	21.25
56	2805	21.25
56	290	21.25
56	3025	21.25
56	3096	21.25
56	3272	21.25
56	3312	21.25
56	3617	21.25
56	3619	21.25
56	397	21.25
57	599	22.375
57	603	22.375
57	576	22.25
57	598	22.25
57	602	22.25
57	618	22.125
57	601	22
57	619	22
57	2667	21.75
57	595	21.75
57	641	21.75
57	3546	21.625
57	627	21.625
57	6	21.5
57	2686	21.375
57	2727	21.375
57	314	21.375
57	406	21.375
57	557	21.375
57	625	21.375
57	658	21.375
57	306	21.25
57	394	21.25
57	413	21.25
57	414	21.25
57	416	21.25
57	590	21.25
57	624	21.25
57	645	21.25
57	336	21.125
57	410	21.125
57	433	21.125
57	456	21.125
57	562	21.125
57	575	21.125
57	596	21.125
57	609	21.125
57	614	21.125
57	620	21.125
57	66	21.125
57	13	21
57	2773	21
57	279	21
57	338	21
57	391	21
57	402	21
57	492	21
57	560	21
57	606	21
57	608	21
57	623	21
57	642	21
57	643	21
57	17	20.875
57	2637	20.875
57	2666	20.875
57	3543	20.875
57	419	20.875
57	426	20.875
57	530	20.875
57	551	20.875
57	588	20.875
57	600	20.875
57	635	20.875
57	644	20.875
57	647	20.875
57	14	20.75
57	2644	20.75
57	319	20.75
57	354	20.75
57	397	20.75
57	431	20.75
57	539	20.75
57	553	20.75
57	589	20.75
57	655	20.75
57	2652	20.625
57	2710	20.625
57	2766	20.625
57	281	20.625
57	294	20.625
57	304	20.625
57	324	20.625
57	378	20.625
57	407	20.625
57	437	20.625
57	479	20.625
57	481	20.625
57	5207	20.625
57	605	20.625
57	616	20.625
57	657	20.625
57	2503	20.5
57	2641	20.5
57	2665	20.5
57	2769	20.5
57	2802	20.5
57	345	20.5
57	398	20.5
57	532	20.5
58	221	18
58	66	17.5
58	224	17
58	993	17
58	210	16.875
58	841	16.875
58	190	16.625
58	225	16.625
58	835	16.625
58	232	16.375
58	599	16.375
58	915	16.375
58	173	16.25
58	251	16.25
58	2710	16.25
58	598	16.25
58	77	16.25
58	843	16.25
58	161	16.125
58	176	16.125
58	246	16.125
58	785	16.125
58	171	16
58	230	16
58	840	16
58	1046	15.9375
58	219	15.9375
58	233	15.9375
58	602	15.9375
58	960	15.9375
58	1329	15.875
58	187	15.875
58	234	15.875
58	600	15.875
58	165	15.8125
58	192	15.8125
58	212	15.8125
58	22	15.8125
58	235	15.8125
58	3543	15.8125
58	503	15.8125
58	51	15.8125
58	160	15.75
58	186	15.75
58	227	15.75
58	241	15.75
58	250	15.75
58	2666	15.75
58	2804	15.75
58	44	15.75
58	172	15.6875
58	214	15.6875
58	229	15.6875
58	590	15.6875
58	647	15.6875
58	213	15.625
58	2989	15.625
58	5164	15.625
58	5233	15.625
58	658	15.625
58	765	15.625
58	926	15.625
58	5194	15.5625
58	595	15.5625
58	601	15.5625
58	874	15.5625
58	1077	15.5
58	189	15.5
58	562	15.5
58	619	15.5
58	754	15.5
58	603	15.4375
58	624	15.4375
58	162	15.375
58	175	15.375
58	217	15.375
58	218	15.375
58	228	15.375
58	3852	15.375
58	5152	15.375
58	5155	15.375
58	561	15.375
58	805	15.375
58	4874	15.3125
58	959	15.3125
58	2498	15.25
58	2667	15.25
58	57	15.25
58	825	15.25
58	1024	15.1875
58	1044	15.1875
58	140	15.1875
58	215	15.1875
58	244	15.1875
58	253	15.1875
58	3546	15.1875
58	394	15.1875
58	397	15.1875
58	5156	15.1875
58	749	15.1875
59	400	17.75
59	281	17.375
59	561	17.375
59	606	17.25
59	608	17.25
59	610	17.25
59	614	17.25
59	409	17
59	418	17
59	650	17
59	575	16.875
59	656	16.875
59	2504	16.75
59	372	16.75
59	431	16.75
59	5207	16.75
59	595	16.75
59	658	16.75
59	338	16.625
59	411	16.625
59	5157	16.625
59	5229	16.625
59	559	16.625
59	560	16.625
59	562	16.625
59	589	16.625
59	643	16.625
59	2643	16.5
59	2644	16.5
59	2705	16.5
59	5156	16.5
59	551	16.5
59	585	16.5
59	617	16.5
59	644	16.5
59	2638	16.375
59	2639	16.375
59	2686	16.375
59	2765	16.375
59	278	16.375
59	279	16.375
59	2989	16.375
59	444	16.375
59	616	16.375
59	623	16.375
59	2685	16.25
59	412	16.25
59	426	16.25
59	433	16.25
59	456	16.25
59	458	16.25
59	499	16.25
59	552	16.25
59	553	16.25
59	580	16.25
59	639	16.25
59	17	16.125
59	189	16.125
59	2652	16.125
59	319	16.125
59	398	16.125
59	413	16.125
59	419	16.125
59	5007	16.125
59	5163	16.125
59	5164	16.125
59	5233	16.125
59	530	16.125
59	557	16.125
59	581	16.125
59	592	16.125
59	599	16.125
59	603	16.125
59	609	16.125
59	618	16.125
59	619	16.125
59	624	16.125
59	648	16.125
59	654	16.125
59	659	16.125
59	2498	16
59	2510	16
59	2640	16
59	2645	16
59	2774	16
59	321	16
59	401	16
59	432	16
59	5228	16
59	5230	16
59	602	16
59	625	16
59	628	16
59	633	16
59	637	16
59	191	15.9375
59	286	15.9375
59	393	15.9375
59	402	15.9375
59	410	15.9375
60	221	20.375
60	232	20.375
60	190	19
60	187	18.875
60	214	18.625
60	503	18.5
60	161	18.375
60	172	18.375
60	175	18.375
60	191	18.375
60	210	18.375
60	233	18.375
60	44	18.375
60	222	18
60	599	18
60	600	18
60	215	17.875
60	254	17.875
60	2710	17.875
60	66	17.875
60	163	17.75
60	213	17.75
60	230	17.75
60	51	17.75
60	557	17.75
60	173	17.625
60	218	17.625
60	229	17.625
60	598	17.625
60	186	17.5
60	400	17.5
60	603	17.5
60	160	17.375
60	246	17.375
60	2503	17.375
60	601	17.375
60	1329	17.25
60	217	17.25
60	226	17.25
60	2685	17.25
60	2804	17.25
60	394	17.25
60	52	17.25
60	595	17.25
60	602	17.25
60	647	17.25
60	993	17.25
60	171	17.125
60	234	17.125
60	608	17.125
60	189	17
60	192	17
60	227	17
60	253	17
60	593	17
60	88	17
60	165	16.875
60	224	16.875
60	228	16.875
60	2666	16.875
60	5194	16.875
60	597	16.875
60	619	16.875
60	77	16.875
60	1289	16.75
60	176	16.75
60	193	16.75
60	2806	16.75
60	4937	16.75
60	5156	16.75
60	562	16.75
60	22	16.625
60	250	16.625
60	312	16.625
60	354	16.625
60	4923	16.625
60	590	16.625
60	624	16.625
60	842	16.625
60	1238	16.5
60	182	16.5
60	219	16.5
60	2260	16.5
60	2628	16.5
60	2634	16.5
60	2637	16.5
60	2670	16.5
60	283	16.5
60	56	16.5
60	618	16.5
60	645	16.5
60	656	16.5
60	658	16.5
60	835	16.5
60	216	16.375
60	2686	16.375
60	281	16.375
60	530	16.375
60	588	16.375
60	605	16.375
61	2644	9.4375
61	4925	9.375
61	154	9.3125
61	659	9.0625
61	241	9
61	591	8.9375
61	1018	8.875
61	128	8.875
61	372	8.875
61	5229	8.875
61	531	8.875
61	559	8.875
61	624	8.875
61	3040	8.8125
61	3079	8.8125
61	4651	8.8125
61	150	8.75
61	224	8.75
61	2746	8.75
61	2947	8.75
61	3035	8.75
61	3037	8.75
61	3060	8.75
61	550	8.75
61	571	8.75
61	614	8.75
61	95	8.75
61	244	8.6875
61	2513	8.6875
61	2634	8.6875
61	2782	8.6875
61	3101	8.6875
61	3112	8.6875
61	401	8.6875
61	415	8.6875
61	479	8.6875
61	491	8.6875
61	553	8.6875
61	599	8.6875
61	618	8.6875
61	62	8.6875
61	124	8.625
61	2444	8.625
61	293	8.625
61	2942	8.625
61	2943	8.625
61	3039	8.625
61	3057	8.625
61	354	8.625
61	389	8.625
61	391	8.625
61	417	8.625
61	444	8.625
61	5233	8.625
61	555	8.625
61	592	8.625
61	616	8.625
61	623	8.625
61	650	8.625
61	655	8.625
61	977	8.625
61	990	8.625
61	2659	8.5625
61	2705	8.5625
61	2941	8.5625
61	3036	8.5625
61	3096	8.5625
61	3120	8.5625
61	409	8.5625
61	4926	8.5625
61	551	8.5625
61	590	8.5625
61	601	8.5625
61	605	8.5625
61	627	8.5625
61	78	8.5625
61	130	8.5
61	159	8.5
61	16	8.5
61	192	8.5
61	2633	8.5
61	2745	8.5
61	281	8.5
61	2883	8.5
61	2948	8.5
61	3097	8.5
61	3099	8.5
61	386	8.5
61	412	8.5
61	432	8.5
61	456	8.5
61	5007	8.5
61	5159	8.5
61	5174	8.5
61	564	8.5
61	575	8.5
61	588	8.5
61	609	8.5
61	641	8.5
61	100	8.4375
62	210	26.375
62	214	25.625
62	57	25
62	3540	24.875
62	3672	24.5
62	234	24.25
62	2685	24
62	3180	24
62	2504	23.875
62	596	23.875
62	172	23.75
62	218	23.75
62	250	23.75
62	598	23.75
62	186	23.625
62	2626	23.625
62	2634	23.625
62	654	23.625
62	2338	23.5
62	2641	23.5
62	5072	23.5
62	5090	23.5
62	531	23.5
62	2643	23.375
62	3183	23.375
62	44	23.375
62	560	23.375
62	66	23.375
62	667	23.375
62	161	23.25
62	3543	23.25
62	3668	23.25
62	3673	23.25
62	4337	23.25
62	4950	23.25
62	3613	23.125
62	428	23.125
62	5232	23.125
62	562	23.125
62	716	23.125
62	189	23
62	191	23
62	2429	23
62	2503	23
62	3588	23
62	52	23
62	548	23
62	625	23
62	2398	22.875
62	251	22.875
62	2642	22.875
62	2666	22.875
62	2686	22.875
62	2872	22.875
62	3547	22.875
62	4303	22.875
62	5140	22.875
62	5185	22.875
62	187	22.75
62	216	22.75
62	229	22.75
62	2567	22.75
62	4702	22.75
62	5107	22.75
62	5152	22.75
62	635	22.75
62	641	22.75
62	2262	22.625
62	2298	22.625
62	2306	22.625
62	232	22.625
62	235	22.625
62	2418	22.625
62	283	22.625
62	3621	22.625
62	4627	22.625
62	4937	22.625
62	5010	22.625
62	5219	22.625
62	561	22.625
62	570	22.625
62	630	22.625
62	655	22.625
62	658	22.625
62	826	22.625
62	193	22.5
62	221	22.5
62	2343	22.5
62	2350	22.5
62	2498	22.5
62	2637	22.5
62	2646	22.5
62	2726	22.5
62	2727	22.5
62	3614	22.5
62	4839	22.5
62	5166	22.5
62	5231	22.5
62	595	22.5
62	600	22.5
63	354	17.125
63	549	16.5
63	5126	16.25
63	5127	15.875
63	327	15.75
63	599	15.75
63	438	15.6875
63	5121	15.6875
63	618	15.6875
63	603	15.625
63	296	15.4375
63	601	15.4375
63	5112	15.375
63	5145	15.375
63	617	15.375
63	289	15.3125
63	5229	15.3125
63	2675	15.25
63	5139	15.25
63	5125	15.1875
63	5141	15.1875
63	5147	15.1875
63	394	15.125
63	627	15.125
63	2773	15.0625
63	5146	15.0625
63	602	15.0625
63	2734	15
63	5101	15
63	552	15
63	608	15
63	414	14.9375
63	5134	14.9375
63	5117	14.875
63	532	14.875
63	551	14.875
63	2635	14.8125
63	2705	14.8125
63	2727	14.8125
63	2766	14.8125
63	2803	14.8125
63	332	14.8125
63	491	14.8125
63	5119	14.8125
63	5128	14.8125
63	416	14.75
63	5148	14.75
63	60	14.75
63	283	14.6875
63	336	14.6875
63	398	14.6875
63	459	14.6875
63	619	14.6875
63	651	14.6875
63	8	14.6875
63	2706	14.625
63	2765	14.625
63	314	14.625
63	479	14.625
63	5136	14.625
63	2717	14.5625
63	413	14.5625
63	4651	14.5625
63	4931	14.5625
63	5133	14.5625
63	2250	14.5
63	437	14.5
63	4627	14.5
63	4925	14.5
63	5091	14.5
63	5142	14.5
63	5185	14.5
63	2091	14.4375
63	2513	14.4375
63	2764	14.4375
63	2767	14.4375
63	2776	14.4375
63	345	14.4375
63	404	14.4375
63	475	14.4375
63	487	14.4375
63	560	14.4375
63	595	14.4375
63	656	14.4375
63	2111	14.375
63	2751	14.375
63	2802	14.375
63	287	14.375
63	31	14.375
63	419	14.375
63	499	14.375
63	505	14.375
63	5113	14.375
63	562	14.375
63	604	14.375
63	623	14.375
63	655	14.375
63	657	14.375
63	176	14.3125
63	2730	14.3125
64	2726	19.5
64	558	19.5
64	210	19.25
64	3613	19.25
64	655	19.25
64	624	19.125
64	2686	19
64	2710	19
64	2822	19
64	3543	19
64	562	19
64	599	19
64	616	19
64	2321	18.875
64	2498	18.875
64	2665	18.875
64	444	18.875
64	5171	18.875
64	658	18.875
64	66	18.875
64	192	18.75
64	2323	18.75
64	241	18.75
64	2589	18.75
64	2634	18.75
64	3545	18.75
64	3546	18.75
64	406	18.75
64	560	18.75
64	564	18.75
64	654	18.75
64	2666	18.625
64	641	18.625
64	870	18.625
64	1363	18.5
64	2325	18.5
64	2326	18.5
64	2567	18.5
64	2706	18.5
64	2738	18.5
64	2749	18.5
64	2771	18.5
64	2805	18.5
64	4925	18.5
64	561	18.5
64	565	18.5
64	590	18.5
64	614	18.5
64	2680	18.375
64	2825	18.375
64	487	18.375
64	571	18.375
64	627	18.375
64	12	18.25
64	217	18.25
64	224	18.25
64	2263	18.25
64	234	18.25
64	2600	18.25
64	2744	18.25
64	5051	18.25
64	585	18.25
64	594	18.25
64	600	18.25
64	831	18.25
64	849	18.25
64	872	18.25
64	233	18.125
64	244	18.125
64	246	18.125
64	2505	18.125
64	2626	18.125
64	2644	18.125
64	2713	18.125
64	2731	18.125
64	2823	18.125
64	2916	18.125
64	3621	18.125
64	3672	18.125
64	409	18.125
64	4640	18.125
64	5074	18.125
64	531	18.125
64	548	18.125
64	598	18.125
64	623	18.125
64	837	18.125
64	171	18
64	2353	18
64	2668	18
64	2685	18
64	2734	18
64	2735	18
64	2747	18
64	2768	18
64	2939	18
64	299	18
64	3218	18
64	3219	18
64	4807	18
65	525	10.375
65	2871	10.3125
65	827	10.3125
65	3734	10.25
65	518	10.25
65	533	10.25
65	541	10.1875
65	2446	10.125
65	2447	10.125
65	491	10.0625
65	500	10.0625
65	2548	10
65	2444	9.9375
65	2449	9.9375
65	2450	9.9375
65	3696	9.9375
65	492	9.9375
65	2549	9.875
65	2716	9.875
65	823	9.875
65	225	9.8125
65	3735	9.8125
65	442	9.8125
65	912	9.8125
65	237	9.75
65	3213	9.75
65	3519	9.75
65	3566	9.75
65	4961	9.75
65	609	9.75
65	747	9.75
65	2743	9.625
65	294	9.625
65	3055	9.625
65	3208	9.625
65	3703	9.625
65	415	9.625
65	4804	9.625
65	821	9.625
65	212	9.5625
65	3381	9.5625
65	3527	9.5625
65	517	9.5625
65	581	9.5625
65	830	9.5625
65	2118	9.5
65	2455	9.5
65	2674	9.5
65	2791	9.5
65	3525	9.5
65	484	9.5
65	836	9.5
65	224	9.4375
65	2546	9.4375
65	2942	9.4375
65	4798	9.4375
65	516	9.4375
65	874	9.4375
65	960	9.4375
65	2452	9.375
65	2464	9.375
65	2635	9.375
65	2673	9.375
65	3528	9.375
65	3529	9.375
65	4496	9.375
65	861	9.375
65	2443	9.3125
65	3186	9.3125
65	3246	9.3125
65	3537	9.3125
65	3538	9.3125
65	3695	9.3125
65	3736	9.3125
65	4649	9.3125
65	4854	9.3125
65	824	9.3125
65	829	9.3125
65	916	9.3125
65	2451	9.25
65	2488	9.25
65	2717	9.25
65	2873	9.25
65	3211	9.25
65	3590	9.25
65	3656	9.25
65	401	9.25
65	483	9.25
65	828	9.25
65	884	9.25
65	913	9.25
65	1014	9.1875
65	236	9.1875
65	2466	9.1875
65	2926	9.1875
65	325	9.1875
65	3365	9.1875
65	354	9.1875
65	3714	9.1875
65	3738	9.1875
66	685	19
66	666	17.5
66	668	17.5
66	679	17.5
66	717	17.5
66	712	17.125
66	664	17
66	718	17
66	700	16.75
66	3328	16.625
66	677	16.5
66	721	16.5
66	669	16.375
66	694	16.375
66	673	16.25
66	719	16.25
66	3020	16.125
66	688	16.125
66	716	16.125
66	704	16
66	3805	15.9375
66	683	15.9375
66	711	15.9375
66	680	15.75
66	701	15.75
66	3327	15.6875
66	665	15.6875
66	684	15.6875
66	708	15.6875
66	691	15.625
66	713	15.625
66	671	15.5625
66	3021	15.5
66	1286	15.4375
66	3157	15.375
66	3180	15.375
66	3482	15.375
66	3673	15.375
66	870	15.375
66	2743	15.3125
66	675	15.3125
66	3228	15.25
66	993	15.25
66	2998	15.1875
66	3219	15.1875
66	3234	15.1875
66	3299	15.1875
66	710	15.1875
66	3233	15.125
66	3679	15.125
66	3004	15.0625
66	3397	15.0625
66	682	15.0625
66	722	15.0625
66	2032	15
66	3226	15
66	3227	15
66	5210	15
66	3002	14.9375
66	3173	14.9375
66	3182	14.9375
66	3542	14.9375
66	670	14.9375
66	672	14.9375
66	3131	14.875
66	3161	14.875
66	3215	14.875
66	2999	14.8125
66	3014	14.8125
66	3724	14.8125
66	4800	14.8125
66	637	14.8125
66	2949	14.75
66	3425	14.75
66	4771	14.75
66	4786	14.75
66	693	14.75
66	728	14.75
66	2896	14.6875
66	3003	14.6875
66	3172	14.6875
66	3320	14.6875
66	3546	14.6875
66	1287	14.625
66	2907	14.625
66	3001	14.625
66	3216	14.625
66	3494	14.625
66	3946	14.625
66	695	14.625
66	3047	14.5625
66	3149	14.5625
66	3218	14.5625
66	3223	14.5625
66	3235	14.5625
66	3319	14.5625
66	3483	14.5625
66	3590	14.5625
66	4775	14.5625
66	2668	14.5
67	2498	17
67	647	17
67	4925	16.875
67	624	16.875
67	2685	16.75
67	182	16.625
67	2513	16.625
67	66	16.625
67	2478	16.5
67	2510	16.5
67	171	16.375
67	229	16.375
67	228	16.25
67	2503	16.25
67	2644	16.25
67	4665	16.25
67	561	16.25
67	2009	16.125
67	250	16.125
67	3175	16.125
67	658	16.125
67	176	16
67	2325	16
67	2504	16
67	2822	16
67	4928	16
67	5205	16
67	627	16
67	867	16
67	2428	15.9375
67	254	15.9375
67	2665	15.9375
67	2666	15.9375
67	354	15.9375
67	389	15.9375
67	4935	15.9375
67	503	15.9375
67	2643	15.875
67	4927	15.875
67	4948	15.875
67	605	15.875
67	95	15.875
67	233	15.8125
67	246	15.8125
67	872	15.8125
67	1364	15.75
67	2434	15.75
67	2633	15.75
67	2645	15.75
67	2765	15.75
67	565	15.75
67	616	15.75
67	637	15.75
67	2637	15.6875
67	281	15.6875
67	290	15.6875
67	393	15.6875
67	409	15.6875
67	5	15.6875
67	532	15.6875
67	545	15.6875
67	654	15.6875
67	224	15.625
67	2634	15.625
67	2656	15.625
67	2686	15.625
67	2766	15.625
67	413	15.625
67	4627	15.625
67	650	15.625
67	1341	15.5625
67	1998	15.5625
67	2667	15.5625
67	2705	15.5625
67	3002	15.5625
67	4809	15.5625
67	4931	15.5625
67	643	15.5625
67	1342	15.5
67	2444	15.5
67	2653	15.5
67	2680	15.5
67	2802	15.5
67	287	15.5
67	2883	15.5
67	2894	15.5
67	455	15.5
67	5007	15.5
67	617	15.5
67	625	15.5
67	2502	15.4375
67	2543	15.4375
67	2652	15.4375
67	2668	15.4375
67	2706	15.4375
67	391	15.4375
67	5166	15.4375
67	738	15.4375
67	1499	15.375
67	217	15.375
68	211	26.75
68	3100	24.75
68	2839	24.625
68	2941	24.625
68	2940	24.5
68	3407	24.5
68	3091	24.375
68	3675	24.375
68	2144	24.125
68	3405	24.125
68	2942	24
68	2960	24
68	3079	24
68	3162	24
68	3401	23.875
68	2520	23.75
68	2521	23.75
68	2525	23.75
68	2925	23.75
68	3168	23.75
68	3312	23.75
68	3314	23.75
68	3419	23.75
68	3670	23.75
68	1072	23.625
68	1290	23.625
68	2489	23.625
68	2618	23.625
68	2792	23.625
68	3077	23.625
68	3167	23.625
68	3403	23.625
68	2524	23.5
68	2526	23.5
68	2971	23.5
68	3076	23.5
68	3096	23.5
68	3279	23.5
68	3428	23.5
68	5017	23.5
68	2463	23.375
68	2568	23.375
68	2757	23.375
68	2926	23.375
68	2970	23.375
68	3073	23.375
68	3120	23.375
68	3286	23.375
68	3293	23.375
68	3402	23.375
68	3406	23.375
68	4763	23.375
68	4860	23.375
68	5193	23.375
68	5197	23.375
68	2519	23.25
68	2540	23.25
68	2659	23.25
68	2780	23.25
68	2828	23.25
68	3001	23.25
68	3074	23.25
68	3136	23.25
68	3169	23.25
68	3203	23.25
68	3271	23.25
68	3438	23.25
68	3458	23.25
68	3595	23.25
68	3611	23.25
68	3874	23.25
68	4850	23.25
68	5222	23.25
68	1023	23.125
68	1075	23.125
68	1363	23.125
68	2511	23.125
68	2533	23.125
68	2872	23.125
68	2947	23.125
68	2955	23.125
68	3281	23.125
68	3282	23.125
68	3283	23.125
68	3304	23.125
68	3305	23.125
68	3352	23.125
68	3431	23.125
68	3571	23.125
68	3704	23.125
68	3943	23.125
68	3945	23.125
68	4852	23.125
68	4853	23.125
68	2191	23
68	2831	23
68	2928	23
68	2949	23
68	3065	23
68	3119	23
69	221	14
69	190	13.875
69	66	13
69	256	12.875
69	230	12.8125
69	178	12.6875
69	77	12.5625
69	172	12.3125
69	234	12.3125
69	214	12.25
69	210	12.1875
69	219	12.1875
69	225	12.1875
69	598	12.1875
69	182	12.125
69	232	12.125
69	252	12.125
69	171	12.0625
69	176	12.0625
69	229	12.0625
69	246	12.0625
69	1352	12
69	163	12
69	165	12
69	186	12
69	161	11.9375
69	44	11.9375
69	1134	11.875
69	1329	11.875
69	183	11.8125
69	213	11.8125
69	235	11.8125
69	162	11.75
69	187	11.75
69	51	11.75
69	993	11.75
69	3339	11.6875
69	557	11.6875
69	129	11.625
69	1449	11.625
69	173	11.625
69	222	11.625
69	228	11.625
69	2804	11.625
69	2989	11.625
69	3450	11.625
69	503	11.625
69	835	11.625
69	189	11.5625
69	2015	11.5625
69	215	11.5625
69	2710	11.5625
69	3233	11.5625
69	785	11.5625
69	226	11.5
69	312	11.5
69	3182	11.5
69	3234	11.5
69	346	11.5
69	3850	11.5
69	4766	11.5
69	909	11.5
69	139	11.4375
69	1967	11.4375
69	218	11.4375
69	253	11.4375
69	2637	11.4375
69	2692	11.4375
69	2772	11.4375
69	2849	11.4375
69	982	11.4375
69	175	11.375
69	223	11.375
69	224	11.375
69	3227	11.375
69	5205	11.375
69	579	11.375
69	636	11.375
69	88	11.375
69	1335	11.3125
69	160	11.3125
69	191	11.3125
69	1972	11.3125
69	3003	11.3125
69	3154	11.3125
69	3235	11.3125
69	386	11.3125
69	4803	11.3125
69	4826	11.3125
69	5152	11.3125
69	5198	11.3125
69	824	11.3125
69	829	11.3125
69	1969	11.25
69	233	11.25
69	3015	11.25
69	3025	11.25
69	3228	11.25
69	3666	11.25
69	5156	11.25
70	580	25
70	581	24.375
70	610	24.125
70	483	24
70	524	23.875
70	540	23.875
70	575	23.75
70	585	23.625
70	619	23.625
70	532	23.5
70	605	23.25
70	608	23.25
70	636	23.25
70	637	23.25
70	13	23.125
70	616	23.125
70	628	23.125
70	648	23.125
70	2645	23
70	278	23
70	570	23
70	576	23
70	2706	22.875
70	286	22.875
70	17	22.75
70	354	22.75
70	482	22.75
70	516	22.75
70	542	22.75
70	594	22.75
70	595	22.75
70	606	22.75
70	639	22.75
70	827	22.75
70	2666	22.625
70	2707	22.625
70	338	22.625
70	596	22.625
70	603	22.625
70	624	22.625
70	629	22.625
70	632	22.625
70	658	22.625
70	2710	22.5
70	409	22.5
70	413	22.5
70	5062	22.5
70	5157	22.5
70	551	22.5
70	559	22.5
70	638	22.5
70	2727	22.375
70	290	22.375
70	3621	22.375
70	479	22.375
70	561	22.375
70	565	22.375
70	589	22.375
70	599	22.375
70	602	22.375
70	867	22.375
70	2503	22.25
70	2652	22.25
70	2686	22.25
70	2709	22.25
70	287	22.25
70	455	22.25
70	525	22.25
70	530	22.25
70	562	22.25
70	600	22.25
70	617	22.25
70	650	22.25
70	1165	22.125
70	3543	22.125
70	491	22.125
70	558	22.125
70	588	22.125
70	590	22.125
70	872	22.125
70	2498	22
70	2680	22
70	2773	22
70	283	22
70	382	22
70	414	22
70	432	22
70	456	22
70	481	22
70	492	22
70	500	22
70	515	22
70	533	22
70	577	22
70	633	22
70	635	22
70	641	22
70	870	22
70	2626	21.875
70	2705	21.875
71	479	9.6875
71	1254	9.625
71	2336	9.5625
71	4876	9.5625
71	681	9.5625
71	1007	9.5
71	2267	9.5
71	2529	9.5
71	4651	9.5
71	4890	9.5
71	4894	9.5
71	5035	9.5
71	622	9.5
71	704	9.5
71	3146	9.4375
71	3554	9.4375
71	4428	9.4375
71	464	9.4375
71	4868	9.4375
71	4879	9.4375
71	4891	9.4375
71	4892	9.4375
71	4958	9.4375
71	5032	9.4375
71	5043	9.4375
71	5080	9.4375
71	5192	9.4375
71	963	9.4375
71	1019	9.375
71	1454	9.375
71	2258	9.375
71	226	9.375
71	2331	9.375
71	3046	9.375
71	3085	9.375
71	3113	9.375
71	3140	9.375
71	3144	9.375
71	4201	9.375
71	4408	9.375
71	4867	9.375
71	4870	9.375
71	4871	9.375
71	4875	9.375
71	4877	9.375
71	4888	9.375
71	4893	9.375
71	4900	9.375
71	5034	9.375
71	5037	9.375
71	5041	9.375
71	5056	9.375
71	657	9.375
71	674	9.375
71	696	9.375
71	820	9.375
71	974	9.375
71	1064	9.3125
71	1102	9.3125
71	1326	9.3125
71	1334	9.3125
71	1355	9.3125
71	16	9.3125
71	2312	9.3125
71	2349	9.3125
71	2359	9.3125
71	2567	9.3125
71	296	9.3125
71	3048	9.3125
71	3102	9.3125
71	3107	9.3125
71	3109	9.3125
71	3267	9.3125
71	3635	9.3125
71	4233	9.3125
71	4635	9.3125
71	4776	9.3125
71	4864	9.3125
71	4872	9.3125
71	4873	9.3125
71	4880	9.3125
71	4887	9.3125
71	4889	9.3125
71	4898	9.3125
71	4899	9.3125
71	4905	9.3125
71	4941	9.3125
71	4987	9.3125
71	4989	9.3125
71	5031	9.3125
71	5038	9.3125
71	5039	9.3125
71	5058	9.3125
71	5107	9.3125
71	5243	9.3125
71	671	9.3125
71	672	9.3125
71	690	9.3125
71	705	9.3125
71	730	9.3125
72	221	19.25
72	3360	19.25
72	190	19.125
72	656	19
72	3704	18.875
72	4303	18.875
72	5140	18.875
72	2260	18.75
72	4735	18.75
72	161	18.625
72	3843	18.625
72	1318	18.5
72	160	18.5
72	172	18.5
72	191	18.5
72	210	18.5
72	233	18.5
72	4765	18.5
72	5107	18.5
72	66	18.5
72	192	18.375
72	2611	18.375
72	2626	18.375
72	4237	18.375
72	4259	18.375
72	871	18.375
72	214	18.25
72	2325	18.25
72	3543	18.25
72	224	18.125
72	2939	18.125
72	3655	18.125
72	599	18.125
72	658	18.125
72	841	18.125
72	218	18
72	558	18
72	840	18
72	868	18
72	1024	17.875
72	215	17.875
72	2326	17.875
72	2398	17.875
72	2634	17.875
72	3450	17.875
72	3610	17.875
72	484	17.875
72	4850	17.875
72	531	17.875
72	561	17.875
72	654	17.875
72	828	17.875
72	874	17.875
72	926	17.875
72	213	17.75
72	2300	17.75
72	2739	17.75
72	2916	17.75
72	302	17.75
72	3697	17.75
72	370	17.75
72	374	17.75
72	4169	17.75
72	468	17.75
72	568	17.75
72	589	17.75
72	598	17.75
72	1320	17.625
72	1430	17.625
72	171	17.625
72	187	17.625
72	189	17.625
72	234	17.625
72	2427	17.625
72	2504	17.625
72	2627	17.625
72	2824	17.625
72	2988	17.625
72	3451	17.625
72	4337	17.625
72	4594	17.625
72	5074	17.625
72	530	17.625
72	1112	17.5
72	1776	17.5
72	2323	17.5
72	2709	17.5
72	2710	17.5
72	3452	17.5
72	3486	17.5
72	4226	17.5
72	5154	17.5
72	5239	17.5
72	593	17.5
72	601	17.5
72	826	17.5
72	915	17.5
72	1314	17.375
72	1363	17.375
72	1787	17.375
73	232	18.375
73	224	17.375
73	2939	17.375
73	5053	17.375
73	173	17.125
73	2627	17.125
73	193	17
73	3450	17
73	66	17
73	171	16.875
73	1998	16.875
73	4928	16.875
73	51	16.875
73	599	16.875
73	1174	16.75
73	1352	16.75
73	161	16.75
73	213	16.75
73	22	16.75
73	233	16.75
73	2503	16.75
73	2504	16.75
73	2642	16.75
73	184	16.625
73	186	16.625
73	221	16.625
73	2498	16.625
73	658	16.625
73	176	16.5
73	217	16.5
73	234	16.5
73	246	16.5
73	2478	16.5
73	2632	16.5
73	2677	16.5
73	2727	16.5
73	3374	16.5
73	4918	16.5
73	503	16.5
73	5205	16.5
73	182	16.375
73	190	16.375
73	227	16.375
73	2321	16.375
73	2676	16.375
73	2685	16.375
73	4941	16.375
73	172	16.25
73	189	16.25
73	20	16.25
73	214	16.25
73	230	16.25
73	2452	16.25
73	254	16.25
73	56	16.25
73	655	16.25
73	1077	16.125
73	218	16.125
73	2502	16.125
73	252	16.125
73	2637	16.125
73	4627	16.125
73	58	16.125
73	647	16.125
73	1341	16
73	175	16
73	215	16
73	250	16
73	2823	16
73	3175	16
73	4803	16
73	4983	16
73	228	15.9375
73	2510	15.9375
73	253	15.9375
73	2634	15.9375
73	2513	15.875
73	2645	15.875
73	2800	15.875
73	2822	15.875
73	3348	15.875
73	354	15.875
73	3704	15.875
73	585	15.875
73	160	15.8125
73	222	15.8125
73	229	15.8125
73	251	15.8125
73	263	15.8125
73	2743	15.8125
73	598	15.8125
73	609	15.8125
73	191	15.75
73	2630	15.75
73	3024	15.75
73	3690	15.75
73	410	15.75
73	482	15.75
73	601	15.75
73	155	15.6875
74	2498	18.75
74	2321	18.625
74	2656	18.375
74	2630	18
74	210	17.875
74	2632	17.875
74	3543	17.875
74	3679	17.875
74	677	17.875
74	3712	17.75
74	2501	17.625
74	2510	17.625
74	2685	17.625
74	2939	17.625
74	3655	17.625
74	3843	17.625
74	4765	17.625
74	2306	17.5
74	2503	17.5
74	2628	17.5
74	667	17.5
74	643	17.375
74	644	17.375
74	658	17.375
74	2726	17.25
74	2739	17.25
74	716	17.25
74	2447	17.125
74	2499	17.125
74	2611	17.125
74	2872	17.125
74	3545	17.125
74	558	17.125
74	666	17.125
74	2428	17
74	2429	17
74	2634	17
74	2637	17
74	2643	17
74	2666	17
74	2713	17
74	4766	17
74	568	17
74	598	17
74	2427	16.875
74	2505	16.875
74	2689	16.875
74	1163	16.75
74	214	16.75
74	2262	16.75
74	2307	16.75
74	2308	16.75
74	2348	16.75
74	2822	16.75
74	3542	16.75
74	3546	16.75
74	3613	16.75
74	636	16.75
74	679	16.75
74	2404	16.625
74	2600	16.625
74	2629	16.625
74	3384	16.625
74	3572	16.625
74	548	16.625
74	1112	16.5
74	1173	16.5
74	1352	16.5
74	2338	16.5
74	2398	16.5
74	2399	16.5
74	2507	16.5
74	2645	16.5
74	2646	16.5
74	2665	16.5
74	2916	16.5
74	2989	16.5
74	3668	16.5
74	503	16.5
74	5166	16.5
74	565	16.5
74	600	16.5
74	625	16.5
74	655	16.5
74	1318	16.375
74	2260	16.375
74	234	16.375
74	2471	16.375
74	2502	16.375
74	2504	16.375
74	2506	16.375
74	2648	16.375
74	2657	16.375
74	290	16.375
74	409	16.375
74	4259	16.375
74	4863	16.375
74	5011	16.375
74	588	16.375
74	672	16.375
75	6	13
75	356	12.875
75	294	12.8125
75	336	12.6875
75	333	12.4375
75	346	12.4375
75	361	12.4375
75	614	12.4375
75	391	12.375
75	390	12.3125
75	401	12.3125
75	405	12.3125
75	427	12.3125
75	442	12.3125
75	341	12.25
75	359	12.25
75	386	12.1875
75	609	12.1875
75	398	12.125
75	415	12.125
75	456	12.125
75	643	12.125
75	320	12.0625
75	337	12.0625
75	345	12.0625
75	589	12.0625
75	419	12
75	354	11.9375
75	462	11.9375
75	2709	11.875
75	319	11.875
75	485	11.875
75	358	11.8125
75	412	11.8125
75	429	11.8125
75	610	11.8125
75	414	11.75
75	551	11.75
75	596	11.75
75	325	11.6875
75	332	11.6875
75	404	11.6875
75	416	11.6875
75	475	11.6875
75	532	11.6875
75	645	11.6875
75	355	11.625
75	402	11.625
75	413	11.625
75	433	11.625
75	4936	11.625
75	2811	11.5625
75	407	11.5625
75	608	11.5625
75	293	11.5
75	314	11.5
75	321	11.5
75	357	11.5
75	409	11.5
75	552	11.5
75	620	11.5
75	315	11.4375
75	362	11.4375
75	431	11.4375
75	515	11.4375
75	655	11.4375
75	8	11.4375
75	2959	11.375
75	426	11.375
75	457	11.375
75	4931	11.375
75	518	11.375
75	553	11.375
75	581	11.375
75	623	11.375
75	17	11.3125
75	2810	11.3125
75	347	11.3125
75	385	11.3125
75	441	11.3125
75	455	11.3125
75	463	11.3125
75	558	11.3125
75	576	11.3125
75	602	11.3125
75	618	11.3125
75	642	11.3125
75	2705	11.25
75	2706	11.25
75	324	11.25
75	393	11.25
75	483	11.25
75	484	11.25
75	491	11.25
75	492	11.25
75	5163	11.25
75	619	11.25
75	2513	11.1875
75	378	11.1875
75	389	11.1875
76	66	22
76	189	21.125
76	88	21.125
76	191	20.875
76	246	20.875
76	44	20.875
76	190	20.75
76	224	20.625
76	55	20.625
76	155	20.5
76	186	20.5
76	20	20.5
76	210	20.375
76	217	20.375
76	22	20.25
76	233	20.25
76	602	20.125
76	213	20
76	2858	20
76	58	20
76	601	20
76	171	19.875
76	214	19.875
76	57	19.875
76	603	19.875
76	161	19.75
76	172	19.75
76	176	19.75
76	182	19.75
76	193	19.75
76	254	19.75
76	227	19.625
76	263	19.625
76	2668	19.625
76	77	19.625
76	192	19.5
76	232	19.5
76	234	19.5
76	250	19.5
76	4966	19.5
76	557	19.5
76	160	19.375
76	221	19.375
76	228	19.375
76	2988	19.375
76	3014	19.375
76	417	19.375
76	558	19.375
76	229	19.25
76	5207	19.25
76	599	19.25
76	218	19.125
76	2644	19.125
76	2744	19.125
76	3225	19.125
76	598	19.125
76	2503	19
76	2705	19
76	3173	19
76	3543	19
76	5205	19
76	600	19
76	654	19
76	658	19
76	3079	18.875
76	3616	18.875
76	3710	18.875
76	3999	18.875
76	581	18.875
76	173	18.75
76	226	18.75
76	2680	18.75
76	2727	18.75
76	354	18.75
76	503	18.75
76	51	18.75
76	52	18.75
76	5232	18.75
76	56	18.75
76	590	18.75
76	645	18.75
76	175	18.625
76	2423	18.625
76	247	18.625
76	2666	18.625
76	2804	18.625
76	3172	18.625
76	3805	18.625
76	426	18.625
76	624	18.625
76	627	18.625
76	2343	18.5
76	253	18.5
76	2685	18.5
76	2731	18.5
76	2734	18.5
76	2800	18.5
76	2822	18.5
76	2823	18.5
76	3613	18.5
77	558	21.25
77	539	21
77	3	20.875
77	561	20.875
77	570	20.75
77	644	20.75
77	571	20.625
77	432	20.5
77	444	20.5
77	627	20.5
77	642	20.5
77	589	20.375
77	599	20.375
77	601	20.375
77	645	20.375
77	655	20.375
77	658	20.375
77	394	20.25
77	426	20.25
77	475	20.25
77	606	20.25
77	2567	20.125
77	409	20.125
77	608	20.125
77	609	20.125
77	610	20.125
77	623	20.125
77	643	20.125
77	650	20.125
77	281	20
77	410	20
77	417	20
77	455	20
77	456	20
77	5	20
77	540	20
77	656	20
77	12	19.875
77	306	19.875
77	3546	19.875
77	400	19.875
77	402	19.875
77	413	19.875
77	481	19.875
77	532	19.875
77	590	19.875
77	596	19.875
77	619	19.875
77	641	19.875
77	654	19.875
77	389	19.75
77	391	19.75
77	414	19.75
77	442	19.75
77	553	19.75
77	595	19.75
77	1979	19.625
77	393	19.625
77	397	19.625
77	422	19.625
77	433	19.625
77	500	19.625
77	524	19.625
77	616	19.625
77	647	19.625
77	2323	19.5
77	2644	19.5
77	2744	19.5
77	3543	19.5
77	3672	19.5
77	5156	19.5
77	593	19.5
77	618	19.5
77	637	19.5
77	13	19.375
77	2685	19.375
77	2705	19.375
77	2802	19.375
77	289	19.375
77	2998	19.375
77	386	19.375
77	479	19.375
77	580	19.375
77	581	19.375
77	585	19.375
77	598	19.375
77	602	19.375
77	648	19.375
77	2478	19.25
77	2633	19.25
77	372	19.25
77	382	19.25
77	385	19.25
77	398	19.25
77	411	19.25
77	552	19.25
77	560	19.25
77	588	19.25
77	614	19.25
77	624	19.25
78	520	17.875
78	575	17.625
78	616	17.625
78	524	17.5
78	562	17.5
78	619	17.5
78	479	17.375
78	483	17.375
78	503	17.375
78	481	17.25
78	532	17.25
78	614	17.25
78	492	17.125
78	576	17.125
78	606	17.125
78	636	17.125
78	500	17
78	551	17
78	637	17
78	413	16.875
78	482	16.875
78	641	16.875
78	354	16.75
78	491	16.75
78	540	16.75
78	559	16.75
78	560	16.75
78	590	16.75
78	632	16.75
78	648	16.75
78	525	16.625
78	533	16.625
78	627	16.625
78	382	16.5
78	406	16.5
78	414	16.5
78	487	16.5
78	561	16.5
78	618	16.5
78	620	16.5
78	654	16.5
78	2705	16.375
78	2773	16.375
78	515	16.375
78	5157	16.375
78	565	16.375
78	599	16.375
78	602	16.375
78	617	16.375
78	2707	16.25
78	286	16.25
78	433	16.25
78	4651	16.25
78	508	16.25
78	531	16.25
78	580	16.25
78	601	16.25
78	634	16.25
78	655	16.25
78	2509	16.125
78	2765	16.125
78	2769	16.125
78	394	16.125
78	426	16.125
78	455	16.125
78	456	16.125
78	5229	16.125
78	552	16.125
78	594	16.125
78	610	16.125
78	624	16.125
78	2652	16
78	2706	16
78	401	16
78	404	16
78	504	16
78	541	16
78	571	16
78	603	16
78	605	16
78	631	16
78	638	16
78	658	16
78	849	16
78	2731	15.9375
78	287	15.9375
78	391	15.9375
78	405	15.9375
78	417	15.9375
78	419	15.9375
78	497	15.9375
78	581	15.9375
78	623	15.9375
78	633	15.9375
78	2510	15.875
78	386	15.875
78	389	15.875
78	415	15.875
78	542	15.875
78	548	15.875
79	3628	11.25
79	3592	11.0625
79	2755	10.9375
79	3555	10.875
79	2792	10.75
79	599	10.75
79	603	10.6875
79	3130	10.625
79	3004	10.5625
79	3036	10.5625
79	3051	10.5625
79	3234	10.5625
79	324	10.5625
79	601	10.4375
79	645	10.4375
79	109	10.375
79	2822	10.375
79	2925	10.375
79	3221	10.375
79	592	10.375
79	2947	10.3125
79	2990	10.3125
79	3091	10.3125
79	3622	10.3125
79	590	10.3125
79	2998	10.25
79	3576	10.25
79	100	10.1875
79	246	10.1875
79	2775	10.1875
79	2853	10.1875
79	2881	10.1875
79	2913	10.1875
79	2943	10.1875
79	3002	10.1875
79	3571	10.1875
79	3638	10.1875
79	570	10.1875
79	224	10.125
79	2695	10.125
79	2770	10.125
79	2823	10.125
79	3067	10.125
79	3149	10.125
79	3591	10.125
79	3639	10.125
79	45	10.125
79	5231	10.125
79	600	10.125
79	124	10.0625
79	1441	10.0625
79	2802	10.0625
79	2842	10.0625
79	2849	10.0625
79	2946	10.0625
79	3169	10.0625
79	3227	10.0625
79	481	10.0625
79	4955	10.0625
79	557	10.0625
79	602	10.0625
79	62	10.0625
79	647	10.0625
79	66	10.0625
79	2504	10
79	2744	10
79	2786	10
79	2939	10
79	299	10
79	3254	10
79	3618	10
79	3620	10
79	394	10
79	532	10
79	2449	9.9375
79	2616	9.9375
79	2649	9.9375
79	2790	9.9375
79	3085	9.9375
79	3100	9.9375
79	3172	9.9375
79	3548	9.9375
79	3572	9.9375
79	365	9.9375
79	414	9.9375
79	576	9.9375
79	591	9.9375
79	635	9.9375
79	644	9.9375
79	2614	9.875
79	3312	9.875
79	3425	9.875
79	3547	9.875
79	3583	9.875
79	3640	9.875
79	3678	9.875
79	400	9.875
79	4113	9.875
79	426	9.875
79	640	9.875
80	518	10.3125
80	416	10.25
80	391	10.1875
80	2823	10.125
80	3553	10.125
80	402	10.125
80	224	10.0625
80	2727	10.0625
80	4021	10.0625
80	1323	10
80	189	10
80	446	9.9375
80	4941	9.9375
80	600	9.9375
80	2712	9.8125
80	2773	9.8125
80	2842	9.8125
80	319	9.8125
80	396	9.8125
80	415	9.8125
80	420	9.8125
80	4925	9.8125
80	525	9.8125
80	169	9.75
80	3182	9.75
80	449	9.75
80	531	9.75
80	555	9.75
80	590	9.75
80	599	9.75
80	655	9.75
80	124	9.6875
80	191	9.6875
80	3547	9.6875
80	414	9.6875
80	432	9.6875
80	589	9.6875
80	602	9.6875
80	643	9.6875
80	827	9.6875
80	880	9.6875
80	2605	9.625
80	2746	9.625
80	281	9.625
80	407	9.625
80	409	9.625
80	437	9.625
80	458	9.625
80	4935	9.625
80	540	9.625
80	592	9.625
80	624	9.625
80	641	9.625
80	2427	9.5625
80	2454	9.5625
80	2543	9.5625
80	2644	9.5625
80	2680	9.5625
80	2745	9.5625
80	2776	9.5625
80	3131	9.5625
80	378	9.5625
80	412	9.5625
80	4926	9.5625
80	533	9.5625
80	593	9.5625
80	601	9.5625
80	610	9.5625
80	658	9.5625
80	14	9.5
80	227	9.5
80	2349	9.5
80	2513	9.5
80	279	9.5
80	2794	9.5
80	333	9.5
80	386	9.5
80	4010	9.5
80	411	9.5
80	442	9.5
80	452	9.5
80	456	9.5
80	576	9.5
80	6	9.5
80	605	9.5
80	874	9.5
80	1314	9.4375
80	2705	9.4375
80	2998	9.4375
80	394	9.4375
80	426	9.4375
80	570	9.4375
80	591	9.4375
80	614	9.4375
80	617	9.4375
80	636	9.4375
80	1389	9.375
80	2444	9.375
80	2653	9.375
80	355	9.375
81	5051	23.625
81	870	23.5
81	4932	23.375
81	609	23.25
81	3218	23.125
81	409	23.125
81	2726	23
81	3219	23
81	831	22.875
81	2706	22.75
81	3588	22.75
81	564	22.75
81	599	22.75
81	2260	22.625
81	5155	22.625
81	872	22.625
81	2735	22.5
81	5157	22.5
81	5193	22.5
81	2685	22.375
81	2823	22.375
81	3452	22.375
81	3543	22.375
81	4640	22.375
81	608	22.375
81	618	22.375
81	5062	22.25
81	548	22.25
81	580	22.25
81	1363	22.125
81	2504	22.125
81	2567	22.125
81	2744	22.125
81	3621	22.125
81	4519	22.125
81	4874	22.125
81	2710	22
81	2731	22
81	2764	22
81	2859	22
81	2939	22
81	3002	22
81	3484	22
81	561	22
81	568	22
81	619	22
81	826	22
81	837	22
81	224	21.875
81	2498	21.875
81	2510	21.875
81	2634	21.875
81	2645	21.875
81	2767	21.875
81	2916	21.875
81	3010	21.875
81	3360	21.875
81	354	21.875
81	432	21.875
81	474	21.875
81	4930	21.875
81	4935	21.875
81	5140	21.875
81	5164	21.875
81	624	21.875
81	639	21.875
81	871	21.875
81	1454	21.75
81	1499	21.75
81	2589	21.75
81	2600	21.75
81	2637	21.75
81	2653	21.75
81	2709	21.75
81	2740	21.75
81	2743	21.75
81	2822	21.75
81	2825	21.75
81	3003	21.75
81	3201	21.75
81	3234	21.75
81	3243	21.75
81	3383	21.75
81	3545	21.75
81	3899	21.75
81	475	21.75
81	4766	21.75
81	482	21.75
81	4839	21.75
81	4850	21.75
81	4924	21.75
81	4931	21.75
81	558	21.75
81	571	21.75
81	593	21.75
81	598	21.75
81	610	21.75
81	647	21.75
81	849	21.75
81	1009	21.625
82	214	24.25
82	44	24.25
82	66	24.25
82	191	23.875
82	210	23.875
82	172	23.75
82	189	23.75
82	190	23.75
82	233	23.625
82	192	23.375
82	217	23.375
82	2626	23.375
82	161	23.25
82	234	23.125
82	599	23.125
82	171	23
82	250	22.875
82	603	22.875
82	193	22.75
82	548	22.75
82	224	22.625
82	232	22.625
82	2503	22.625
82	2686	22.625
82	57	22.625
82	602	22.625
82	186	22.5
82	3588	22.5
82	3672	22.5
82	254	22.375
82	428	22.375
82	590	22.375
82	598	22.375
82	600	22.375
82	182	22.25
82	213	22.25
82	2731	22.25
82	2822	22.25
82	4702	22.25
82	601	22.25
82	624	22.25
82	88	22.25
82	2398	22.125
82	246	22.125
82	2498	22.125
82	2567	22.125
82	2666	22.125
82	2710	22.125
82	2824	22.125
82	3599	22.125
82	576	22.125
82	647	22.125
82	176	22
82	20	22
82	2323	22
82	51	22
82	52	22
82	570	22
82	160	21.875
82	218	21.875
82	228	21.875
82	229	21.875
82	2665	21.875
82	3543	21.875
82	3613	21.875
82	5232	21.875
82	593	21.875
82	619	21.875
82	645	21.875
82	716	21.875
82	2685	21.75
82	2823	21.75
82	3540	21.75
82	531	21.75
82	666	21.75
82	2627	21.625
82	3555	21.625
82	3614	21.625
82	3616	21.625
82	394	21.625
82	656	21.625
82	2727	21.5
82	2744	21.5
82	3628	21.5
82	3668	21.5
82	3704	21.5
82	409	21.5
82	4303	21.5
82	5007	21.5
82	5073	21.5
82	558	21.5
82	56	21.5
82	623	21.5
82	1362	21.375
82	155	21.375
82	2350	21.375
82	2504	21.375
82	2589	21.375
82	2734	21.375
82	278	21.375
83	982	22
83	960	21
83	1023	20.875
83	1064	20.75
83	993	20.75
83	915	20.625
83	841	20.375
83	867	20.25
83	764	20.125
83	1086	20
83	4771	20
83	881	19.75
83	874	19.625
83	3172	19.5
83	3482	19.5
83	1065	19.375
83	4770	19.375
83	773	19.375
83	1008	19.25
83	685	19.25
83	749	19.125
83	821	19.125
83	971	19.125
83	1037	19
83	1007	18.875
83	1012	18.875
83	1049	18.875
83	3805	18.875
83	862	18.875
83	2637	18.75
83	3858	18.75
83	3999	18.75
83	784	18.75
83	848	18.75
83	926	18.75
83	1045	18.5
83	1071	18.5
83	3857	18.5
83	826	18.5
83	1016	18.375
83	1075	18.375
83	3312	18.375
83	3883	18.375
83	4851	18.375
83	679	18.375
83	746	18.375
83	748	18.375
83	803	18.375
83	823	18.375
83	861	18.375
83	876	18.375
83	884	18.375
83	890	18.375
83	786	18.25
83	880	18.25
83	948	18.25
83	3546	18.125
83	3547	18.125
83	738	18.125
83	802	18.125
83	830	18.125
83	869	18.125
83	870	18.125
83	2504	18
83	2666	18
83	2668	18
83	2942	18
83	3584	18
83	750	18
83	833	18
83	959	18
83	1024	17.875
83	1082	17.875
83	1087	17.875
83	2716	17.875
83	3161	17.875
83	3481	17.875
83	4961	17.875
83	66	17.875
83	717	17.875
83	718	17.875
83	765	17.875
83	800	17.875
83	801	17.875
83	805	17.875
83	814	17.875
83	828	17.875
83	836	17.875
83	1050	17.75
83	1446	17.75
83	2032	17.75
83	250	17.75
83	2665	17.75
83	2791	17.75
83	3173	17.75
83	3543	17.75
83	677	17.75
83	840	17.75
83	875	17.75
83	1002	17.625
84	3172	18.375
84	66	17.5
84	214	17.375
84	191	17.25
84	58	17.25
84	171	17.125
84	182	17.125
84	246	17.125
84	3024	17.125
84	189	17
84	2800	17
84	62	17
84	22	16.875
84	233	16.875
84	3014	16.875
84	5232	16.875
84	217	16.75
84	2666	16.75
84	2667	16.75
84	190	16.625
84	227	16.625
84	2665	16.625
84	2668	16.625
84	548	16.625
84	218	16.5
84	3225	16.5
84	3616	16.5
84	213	16.375
84	224	16.375
84	3543	16.375
84	3546	16.375
84	55	16.375
84	186	16.25
84	192	16.25
84	20	16.25
84	228	16.25
84	278	16.25
84	668	16.25
84	670	16.25
84	232	16.125
84	254	16.125
84	3015	16.125
84	3482	16.125
84	3618	16.125
84	3628	16.125
84	44	16.125
84	667	16.125
84	176	16
84	2504	16
84	3214	16
84	625	16
84	2503	15.9375
84	603	15.9375
84	716	15.9375
84	160	15.875
84	250	15.875
84	3130	15.875
84	3622	15.875
84	4771	15.875
84	2352	15.8125
84	2819	15.8125
84	155	15.75
84	2680	15.75
84	2744	15.75
84	3182	15.75
84	3599	15.75
84	3812	15.75
84	4809	15.75
84	210	15.6875
84	2323	15.6875
84	2771	15.6875
84	2791	15.6875
84	2990	15.6875
84	3613	15.6875
84	5233	15.6875
84	576	15.6875
84	599	15.6875
84	88	15.6875
84	2478	15.625
84	2644	15.625
84	2977	15.625
84	299	15.625
84	3173	15.625
84	3621	15.625
84	4786	15.625
84	56	15.625
84	624	15.625
84	172	15.5625
84	2731	15.5625
84	3019	15.5625
84	51	15.5625
84	604	15.5625
84	664	15.5625
84	1356	15.5
84	161	15.5
84	2578	15.5
84	2641	15.5
84	2686	15.5
84	2727	15.5
84	3169	15.5
85	860	21.25
85	2600	21.125
85	3349	21.125
85	3633	21.125
85	4759	21.125
85	301	21
85	1119	20.875
85	727	20.875
85	1173	20.75
85	2905	20.625
85	369	20.625
85	3832	20.625
85	450	20.625
85	1137	20.5
85	2736	20.5
85	1090	20.375
85	1118	20.375
85	1101	20.25
85	1133	20.25
85	1182	20.125
85	1129	19.875
85	1185	19.875
85	1225	19.875
85	1130	19.75
85	1362	19.75
85	349	19.75
85	4226	19.75
85	531	19.75
85	1175	19.625
85	3599	19.625
85	4724	19.625
85	1132	19.5
85	1147	19.5
85	3326	19.5
85	466	19.5
85	1131	19.375
85	1169	19.375
85	1176	19.375
85	1177	19.375
85	1183	19.375
85	1184	19.375
85	1419	19.375
85	1125	19.25
85	1414	19.25
85	3341	19.25
85	3810	19.25
85	4248	19.25
85	4622	19.25
85	1117	19.125
85	1126	19.125
85	1127	19.125
85	1165	19.125
85	1174	19.125
85	1220	19.125
85	1248	19.125
85	4624	19
85	1113	18.875
85	1395	18.875
85	4702	18.875
85	1181	18.75
85	1186	18.75
85	1230	18.75
85	4839	18.75
85	5129	18.75
85	826	18.75
85	1139	18.625
85	1170	18.625
85	1316	18.625
85	1413	18.625
85	3342	18.625
85	1193	18.5
85	1422	18.5
85	2734	18.5
85	3337	18.5
85	1162	18.375
85	1217	18.375
85	1128	18.25
85	1292	18.25
85	1366	18.25
85	1396	18.25
85	1415	18.25
85	2299	18.25
85	3485	18.25
85	1405	18.125
85	1412	18.125
85	1423	18.125
85	1424	18.125
85	1665	18.125
85	1138	18
85	1179	18
85	1963	18
85	1143	17.875
85	1168	17.875
85	1403	17.875
85	1420	17.875
85	1975	17.875
85	2165	17.875
85	2186	17.875
85	1115	17.75
85	1116	17.75
86	1297	13.25
86	2292	13.25
86	905	13.25
86	1115	13.125
86	1116	13.125
86	1290	13.125
86	5204	13.125
86	1191	13.0625
86	18	13.0625
86	4031	13.0625
86	1228	13
86	1415	13
86	4489	13
86	5200	13
86	1018	12.9375
86	1128	12.9375
86	1171	12.9375
86	1295	12.9375
86	1310	12.9375
86	19	12.9375
86	3047	12.9375
86	3058	12.9375
86	3239	12.9375
86	3316	12.9375
86	49	12.9375
86	901	12.9375
86	99	12.9375
86	1114	12.875
86	1144	12.875
86	1186	12.875
86	1190	12.875
86	161	12.875
86	1641	12.875
86	272	12.875
86	3119	12.875
86	4632	12.875
86	4678	12.875
86	4937	12.875
86	5099	12.875
86	67	12.875
86	671	12.875
86	78	12.875
86	1015	12.8125
86	1129	12.8125
86	1176	12.8125
86	1421	12.8125
86	1632	12.8125
86	1765	12.8125
86	1997	12.8125
86	239	12.8125
86	4490	12.8125
86	4747	12.8125
86	4885	12.8125
86	4888	12.8125
86	4958	12.8125
86	5194	12.8125
86	53	12.8125
86	673	12.8125
86	674	12.8125
86	681	12.8125
86	100	12.75
86	1019	12.75
86	108	12.75
86	1083	12.75
86	1085	12.75
86	1187	12.75
86	1224	12.75
86	1237	12.75
86	1277	12.75
86	1397	12.75
86	142	12.75
86	148	12.75
86	157	12.75
86	159	12.75
86	1611	12.75
86	1653	12.75
86	1909	12.75
86	218	12.75
86	226	12.75
86	2914	12.75
86	2948	12.75
86	3029	12.75
86	3048	12.75
86	3052	12.75
86	3057	12.75
86	3063	12.75
86	3078	12.75
86	3089	12.75
86	3326	12.75
86	3334	12.75
86	3667	12.75
86	3913	12.75
86	4711	12.75
86	4871	12.75
86	4875	12.75
86	4876	12.75
86	4890	12.75
86	5039	12.75
86	5172	12.75
86	5176	12.75
87	4927	24.75
87	4935	24.75
87	250	24.5
87	246	24.125
87	235	24
87	5012	24
87	4948	23.75
87	836	23.75
87	839	23.75
87	866	23.75
87	913	23.75
87	2513	23.625
87	4924	23.625
87	874	23.625
87	917	23.5
87	230	23.25
87	4626	23.125
87	1323	23
87	224	23
87	3175	23
87	4785	23
87	4928	23
87	4931	23
87	4947	23
87	4964	23
87	867	23
87	880	22.875
87	916	22.875
87	229	22.75
87	49	22.75
87	4926	22.75
87	50	22.75
87	5150	22.75
87	184	22.625
87	2294	22.625
87	234	22.625
87	4627	22.625
87	4925	22.625
87	4961	22.625
87	5174	22.625
87	183	22.5
87	225	22.5
87	2657	22.5
87	2823	22.5
87	3182	22.5
87	4930	22.5
87	5166	22.5
87	709	22.5
87	838	22.5
87	926	22.5
87	1341	22.375
87	1342	22.375
87	1356	22.375
87	219	22.375
87	5007	22.375
87	5148	22.375
87	1345	22.25
87	2543	22.25
87	258	22.25
87	4932	22.25
87	4937	22.25
87	5187	22.25
87	827	22.25
87	255	22.125
87	2822	22.125
87	3167	22.125
87	4874	22.125
87	4907	22.125
87	760	22.125
87	1066	22
87	1340	22
87	2551	22
87	257	22
87	261	22
87	323	22
87	3343	22
87	4885	22
87	5190	22
87	708	22
87	832	22
87	1329	21.875
87	1352	21.875
87	2448	21.875
87	2645	21.875
87	3345	21.875
87	4858	21.875
87	4934	21.875
87	5198	21.875
87	872	21.875
87	1455	21.75
87	192	21.75
87	2676	21.75
87	2773	21.75
87	3553	21.75
87	3583	21.75
87	4809	21.75
87	5006	21.75
87	5186	21.75
87	553	21.75
87	749	21.75
88	982	21.75
88	4798	21.375
88	821	21.375
88	1046	21.25
88	1016	21.125
88	2637	21.125
88	915	21
88	1012	20.875
88	1013	20.75
88	876	20.625
88	1008	20.5
88	1021	20.5
88	1446	20.5
88	1086	20.375
88	2504	20.375
88	4770	20.375
88	685	20.375
88	823	20.375
88	1007	20.25
88	3482	20.25
88	827	20.25
88	3858	20.125
88	764	20.125
88	1011	20
88	5047	20
88	671	20
88	802	20
88	867	20
88	884	20
88	1055	19.875
88	2032	19.875
88	2858	19.875
88	773	19.875
88	835	19.875
88	881	19.875
88	960	19.875
88	1023	19.75
88	1064	19.75
88	3805	19.75
88	4811	19.75
88	5170	19.75
88	748	19.75
88	749	19.75
88	841	19.75
88	862	19.75
88	874	19.75
88	1082	19.625
88	3014	19.625
88	3161	19.625
88	3546	19.625
88	4771	19.625
88	5193	19.625
88	793	19.625
88	814	19.625
88	840	19.625
88	1002	19.5
88	1065	19.5
88	250	19.5
88	2546	19.5
88	2791	19.5
88	2925	19.5
88	2942	19.5
88	3172	19.5
88	5019	19.5
88	588	19.5
88	673	19.5
88	718	19.5
88	825	19.5
88	2180	19.375
88	219	19.375
88	3300	19.375
88	3481	19.375
88	3878	19.375
88	77	19.375
88	829	19.375
88	831	19.375
88	866	19.375
88	883	19.375
88	909	19.375
88	948	19.375
88	2634	19.25
88	2743	19.25
88	2744	19.25
88	2878	19.25
88	3666	19.25
88	3702	19.25
88	3849	19.25
88	3857	19.25
88	4797	19.25
88	4850	19.25
88	5059	19.25
88	742	19.25
88	822	19.25
88	828	19.25
88	830	19.25
88	1040	19.125
88	1049	19.125
88	1127	19.125
88	1357	19.125
88	2823	19.125
89	2727	25.375
89	2262	25.125
89	2738	25
89	5073	24.5
89	2750	24.375
89	3613	24.25
89	2298	24.125
89	5225	24.125
89	2643	24
89	444	24
89	3616	23.875
89	2680	23.75
89	2263	23.625
89	2567	23.625
89	2744	23.625
89	2823	23.625
89	3588	23.5
89	3618	23.375
89	642	23.375
89	2626	23.25
89	2644	23.125
89	2687	23.125
89	2726	23.125
89	2763	23.125
89	5207	23.125
89	5220	23.125
89	2589	23
89	3620	23
89	4661	23
89	5223	23
89	5229	23
89	5234	23
89	2745	22.875
89	2765	22.875
89	3619	22.875
89	428	22.875
89	4651	22.875
89	5224	22.875
89	849	22.875
89	2642	22.75
89	2706	22.75
89	2709	22.75
89	2710	22.75
89	2767	22.75
89	2769	22.75
89	4702	22.75
89	5233	22.75
89	589	22.75
89	595	22.75
89	658	22.75
89	227	22.625
89	2294	22.625
89	2324	22.625
89	2759	22.625
89	3166	22.625
89	3544	22.625
89	3555	22.625
89	3622	22.625
89	4863	22.625
89	5154	22.625
89	5187	22.625
89	5238	22.625
89	553	22.625
89	558	22.625
89	560	22.625
89	599	22.625
89	645	22.625
89	2277	22.5
89	2650	22.5
89	2705	22.5
89	2731	22.5
89	2734	22.5
89	2740	22.5
89	2771	22.5
89	2776	22.5
89	283	22.5
89	299	22.5
89	3617	22.5
89	3843	22.5
89	4931	22.5
89	5003	22.5
89	2641	22.375
89	2802	22.375
89	2824	22.375
89	3002	22.375
89	3097	22.375
89	3614	22.375
89	394	22.375
89	4665	22.375
89	4937	22.375
89	5072	22.375
89	5157	22.375
89	5164	22.375
89	5168	22.375
89	520	22.375
89	531	22.375
89	561	22.375
89	608	22.375
89	2293	22.25
89	2498	22.25
90	3173	15.5625
90	717	15.375
90	5069	15.0625
90	4775	14.8125
90	2849	14.5625
90	662	14.5625
90	712	14.5625
90	2282	14.5
90	2842	14.5
90	685	14.5
90	3483	14.375
90	2939	14.3125
90	2988	14.3125
90	3004	14.3125
90	660	14.3125
90	1434	14.25
90	3482	14.25
90	4772	14.25
90	2820	14.1875
90	5011	14.1875
90	3297	14.125
90	4774	14.125
90	2181	14.0625
90	3160	14
90	2972	13.9375
90	3019	13.9375
90	3020	13.9375
90	3672	13.9375
90	3702	13.9375
90	836	13.9375
90	2961	13.875
90	3025	13.875
90	3327	13.875
90	3679	13.875
90	3700	13.875
90	5054	13.875
90	711	13.875
90	993	13.875
90	2466	13.8125
90	2858	13.8125
90	2998	13.8125
90	3009	13.8125
90	3172	13.8125
90	3021	13.75
90	5010	13.75
90	5070	13.75
90	636	13.75
90	1286	13.6875
90	2864	13.6875
90	3046	13.6875
90	3180	13.6875
90	3183	13.6875
90	3540	13.6875
90	5044	13.6875
90	721	13.6875
90	3234	13.625
90	3235	13.625
90	3695	13.625
90	5059	13.625
90	5067	13.625
90	2498	13.5625
90	3174	13.5625
90	4773	13.5625
90	672	13.5625
90	3228	13.5
90	3328	13.5
90	3668	13.5
90	4771	13.5
90	4786	13.5
90	668	13.5
90	2706	13.4375
90	3233	13.4375
90	3343	13.4375
90	3703	13.4375
90	3707	13.4375
90	679	13.4375
90	2882	13.375
90	3175	13.375
90	3673	13.375
90	3805	13.375
90	617	13.375
90	3181	13.3125
90	5220	13.3125
90	2444	13.25
90	2692	13.25
90	2904	13.25
90	3017	13.25
90	3742	13.25
90	670	13.25
90	861	13.25
90	870	13.25
90	3320	13.1875
90	3464	13.1875
90	2773	13.125
90	2856	13.125
90	2880	13.125
90	2925	13.125
90	3083	13.125
90	3299	13.125
90	3357	13.125
91	2283	15.75
91	2262	15.6875
91	2263	15.5
91	2264	15.4375
91	2298	15.125
91	2286	15
91	2270	14.75
91	2278	14.75
91	2280	14.5
91	2607	14.5
91	2277	14.4375
91	2294	14.4375
91	2256	14.375
91	2282	14.375
91	2293	14.3125
91	2265	14.1875
91	2268	14.1875
91	2295	14.125
91	2266	14
91	2301	14
91	2284	13.75
91	2287	13.75
91	2300	13.6875
91	5010	13.6875
91	2288	13.625
91	2299	13.5625
91	2666	13.5625
91	5217	13.5625
91	2589	13.375
91	3023	13.3125
91	5154	13.3125
91	5218	13.3125
91	5223	13.3125
91	1710	13.25
91	2269	13.25
91	2744	13.25
91	3570	13.25
91	2609	13.1875
91	3581	13.1875
91	4961	13.1875
91	5166	13.1875
91	5220	13.1875
91	3546	13.125
91	4780	13.125
91	2610	13.0625
91	3542	13.0625
91	3599	13.0625
91	5185	13.0625
91	1532	13
91	2306	13
91	2620	13
91	2629	13
91	3182	13
91	3613	13
91	4834	13
91	2540	12.9375
91	2752	12.9375
91	2779	12.9375
91	3572	12.9375
91	3596	12.9375
91	4787	12.9375
91	4863	12.9375
91	4938	12.9375
91	5003	12.9375
91	5152	12.9375
91	5206	12.9375
91	5209	12.9375
91	2415	12.8125
91	2648	12.8125
91	3176	12.8125
91	3593	12.8125
91	3621	12.8125
91	2545	12.75
91	2637	12.75
91	2644	12.75
91	2707	12.75
91	2776	12.75
91	2872	12.75
91	3555	12.75
91	3708	12.75
91	3730	12.75
91	5011	12.75
91	5092	12.75
91	5187	12.75
91	5234	12.75
91	2315	12.6875
91	2326	12.6875
91	3682	12.6875
91	3712	12.6875
91	3724	12.6875
91	4627	12.6875
91	5087	12.6875
91	5096	12.6875
91	5219	12.6875
91	5224	12.6875
91	5232	12.6875
91	805	12.6875
91	3326	12.625
91	3590	12.625
91	3616	12.625
92	673	11.8125
92	679	11.6875
92	666	11.5625
92	700	11.5
92	672	11.4375
92	664	11.375
92	685	11.375
92	717	11.375
92	667	11.3125
92	688	11.3125
92	704	11.3125
92	662	11.25
92	668	11.25
92	669	11.25
92	716	11.25
92	665	11.125
92	671	11.125
92	674	11.125
92	719	11.125
92	670	11.0625
92	691	11.0625
92	693	11.0625
92	2738	11
92	660	11
92	3036	10.9375
92	3225	10.9375
92	3234	10.9375
92	675	10.9375
92	677	10.9375
92	3709	10.875
92	680	10.875
92	708	10.875
92	710	10.875
92	3157	10.8125
92	683	10.8125
92	694	10.8125
92	695	10.8125
92	701	10.8125
92	712	10.8125
92	3046	10.75
92	2706	10.6875
92	2826	10.6875
92	4931	10.6875
92	5044	10.6875
92	702	10.6875
92	874	10.6875
92	227	10.625
92	2880	10.625
92	3004	10.625
92	4940	10.625
92	637	10.625
92	870	10.625
92	1363	10.5625
92	224	10.5625
92	2398	10.5625
92	2498	10.5625
92	3014	10.5625
92	3021	10.5625
92	3096	10.5625
92	3227	10.5625
92	3320	10.5625
92	3621	10.5625
92	5052	10.5625
92	5062	10.5625
92	718	10.5625
92	738	10.5625
92	2032	10.5
92	2258	10.5
92	244	10.5
92	2478	10.5
92	2666	10.5
92	2773	10.5
92	2858	10.5
92	3024	10.5
92	3175	10.5
92	3180	10.5
92	3182	10.5
92	4786	10.5
92	49	10.5
92	5010	10.5
92	588	10.5
92	636	10.5
92	678	10.5
92	705	10.5
92	713	10.5
92	173	10.4375
92	2600	10.4375
92	2822	10.4375
92	2894	10.4375
92	3120	10.4375
92	3130	10.4375
92	3308	10.4375
92	3337	10.4375
92	3702	10.4375
92	3712	10.4375
92	3805	10.4375
92	4626	10.4375
92	4925	10.4375
92	4996	10.4375
92	564	10.4375
93	4075	22.625
93	4078	21.875
93	4072	21.5
93	4076	21.5
93	4079	21.5
93	4036	21.125
93	4077	21
93	1026	20.875
93	1037	20.875
93	3750	20.75
93	3848	20.625
93	4050	20.625
93	1041	20.5
93	3756	20.5
93	4030	20.5
93	4054	20.5
93	1023	20.375
93	4087	20.375
93	4782	20.375
93	3149	20.25
93	3873	20.25
93	3945	20.25
93	4028	20.25
93	4038	20.25
93	4081	20.25
93	3754	20.125
93	4064	20.125
93	3760	20
93	4056	20
93	3759	19.875
93	3943	19.875
93	4061	19.875
93	4780	19.875
93	3475	19.75
93	3493	19.75
93	3904	19.75
93	4052	19.75
93	4073	19.75
93	4769	19.75
93	4845	19.75
93	5066	19.75
93	919	19.75
93	3479	19.625
93	3868	19.625
93	3138	19.5
93	4063	19.5
93	4068	19.5
93	1028	19.375
93	3038	19.375
93	3749	19.375
93	4037	19.375
93	4055	19.375
93	4058	19.375
93	4071	19.375
93	4831	19.375
93	4852	19.375
93	5059	19.375
93	3039	19.25
93	3072	19.25
93	3378	19.25
93	3883	19.25
93	3919	19.25
93	4027	19.25
93	4066	19.25
93	4070	19.25
93	4082	19.25
93	4770	19.25
93	804	19.25
93	2977	19.125
93	3869	19.125
93	3879	19.125
93	3932	19.125
93	4048	19.125
93	4060	19.125
93	4099	19.125
93	1018	19
93	1287	19
93	3391	19
93	3745	19
93	4039	19
93	4067	19
93	4085	19
93	918	19
93	2891	18.875
93	3083	18.875
93	3184	18.875
93	3288	18.875
93	3480	18.875
93	3884	18.875
93	3926	18.875
93	3965	18.875
93	4051	18.875
93	4059	18.875
93	4062	18.875
93	4851	18.875
93	5214	18.875
93	868	18.875
93	971	18.875
93	1019	18.75
93	2866	18.75
94	4237	18.125
94	2589	17.625
94	2726	17.625
94	3588	17.625
94	3621	17.5
94	4623	17.5
94	1363	17.375
94	2301	17.375
94	2258	17.25
94	2326	17.25
94	2735	17.25
94	2567	17.125
94	3821	17.125
94	716	17.125
94	3843	17
94	44	17
94	4622	17
94	4626	17
94	4702	17
94	872	17
94	1090	16.875
94	1101	16.875
94	2262	16.875
94	2263	16.875
94	3360	16.875
94	3613	16.875
94	3614	16.875
94	4226	16.875
94	5051	16.875
94	564	16.875
94	210	16.75
94	3337	16.75
94	4713	16.75
94	565	16.75
94	826	16.75
94	2298	16.625
94	2323	16.625
94	2731	16.625
94	3655	16.625
94	5140	16.625
94	871	16.625
94	1499	16.5
94	2340	16.5
94	2883	16.5
94	3452	16.5
94	349	16.5
94	3810	16.5
94	727	16.5
94	1009	16.375
94	2626	16.375
94	2739	16.375
94	1362	16.25
94	20	16.25
94	2304	16.25
94	2338	16.25
94	2503	16.25
94	2611	16.25
94	5118	16.25
94	5166	16.25
94	5185	16.25
94	531	16.25
94	548	16.25
94	668	16.25
94	867	16.25
94	1477	16.125
94	18	16.125
94	192	16.125
94	2325	16.125
94	2498	16.125
94	2666	16.125
94	2769	16.125
94	3486	16.125
94	3709	16.125
94	5062	16.125
94	5073	16.125
94	667	16.125
94	2734	16
94	4932	16
94	5149	16
94	2373	15.9375
94	624	15.9375
94	636	15.9375
94	2243	15.875
94	2324	15.875
94	2343	15.875
94	2403	15.875
94	2634	15.875
94	2822	15.875
94	2894	15.875
94	1010	15.8125
94	2333	15.8125
94	2351	15.8125
94	3672	15.8125
94	4627	15.8125
94	4669	15.8125
94	662	15.8125
94	2685	15.75
94	2872	15.75
94	299	15.75
94	3315	15.75
95	221	9.8125
95	187	9.25
95	232	9.125
95	1453	9.0625
95	190	9
95	2190	9
95	1329	8.9375
95	2550	8.9375
95	4141	8.9375
95	835	8.9375
95	1464	8.8125
95	2144	8.8125
95	246	8.8125
95	1430	8.75
95	22	8.75
95	4145	8.75
95	602	8.75
95	2135	8.6875
95	222	8.6875
95	58	8.6875
95	66	8.6875
95	88	8.6875
95	1341	8.625
95	1676	8.625
95	186	8.625
95	254	8.625
95	2989	8.625
95	600	8.625
95	252	8.5625
95	598	8.5625
95	704	8.5625
95	739	8.5625
95	798	8.5625
95	155	8.5
95	210	8.5
95	2469	8.5
95	44	8.5
95	5235	8.5
95	592	8.5
95	140	8.4375
95	1452	8.4375
95	171	8.4375
95	215	8.4375
95	2250	8.4375
95	233	8.4375
95	2616	8.4375
95	3142	8.4375
95	3351	8.4375
95	3439	8.4375
95	4149	8.4375
95	691	8.4375
95	1289	8.375
95	1435	8.375
95	1449	8.375
95	175	8.375
95	2130	8.375
95	228	8.375
95	23	8.375
95	2468	8.375
95	4140	8.375
95	4284	8.375
95	1050	8.3125
95	16	8.3125
95	1693	8.3125
95	1935	8.3125
95	1939	8.3125
95	2004	8.3125
95	2133	8.3125
95	296	8.3125
95	356	8.3125
95	398	8.3125
95	4831	8.3125
95	51	8.3125
95	5221	8.3125
95	56	8.3125
95	701	8.3125
95	709	8.3125
95	1342	8.25
95	1352	8.25
95	1664	8.25
95	1861	8.25
95	1948	8.25
95	20	8.25
95	2184	8.25
95	3169	8.25
95	4286	8.25
95	482	8.25
95	503	8.25
95	559	8.25
95	599	8.25
95	611	8.25
95	665	8.25
95	1134	8.1875
95	1203	8.1875
95	1450	8.1875
95	1466	8.1875
95	1669	8.1875
95	213	8.1875
95	2251	8.1875
95	2545	8.1875
96	224	10.125
96	227	10.0625
96	229	10
96	66	10
96	172	9.875
96	173	9.875
96	190	9.875
96	210	9.875
96	232	9.875
96	161	9.75
96	218	9.75
96	226	9.75
96	590	9.75
96	217	9.6875
96	3628	9.6875
96	171	9.625
96	189	9.625
96	225	9.625
96	221	9.5625
96	2503	9.5625
96	3131	9.5625
96	394	9.5625
96	4442	9.5625
96	4941	9.5625
96	57	9.5625
96	608	9.5625
96	626	9.5625
96	182	9.5
96	186	9.5
96	193	9.5
96	216	9.5
96	230	9.5
96	234	9.5
96	2637	9.5
96	346	9.5
96	52	9.5
96	625	9.5
96	191	9.4375
96	192	9.4375
96	233	9.4375
96	2627	9.4375
96	2685	9.4375
96	2822	9.4375
96	3216	9.4375
96	3697	9.4375
96	4315	9.4375
96	479	9.4375
96	597	9.4375
96	669	9.4375
96	213	9.375
96	214	9.375
96	250	9.375
96	2504	9.375
96	2670	9.375
96	324	9.375
96	3668	9.375
96	4307	9.375
96	5152	9.375
96	592	9.375
96	599	9.375
96	600	9.375
96	637	9.375
96	662	9.375
96	666	9.375
96	88	9.375
96	993	9.375
96	1329	9.3125
96	160	9.3125
96	175	9.3125
96	187	9.3125
96	228	9.3125
96	251	9.3125
96	252	9.3125
96	253	9.3125
96	254	9.3125
96	2567	9.3125
96	2652	9.3125
96	2668	9.3125
96	2686	9.3125
96	3057	9.3125
96	3543	9.3125
96	3546	9.3125
96	3704	9.3125
96	397	9.3125
96	4486	9.3125
96	458	9.3125
96	460	9.3125
96	598	9.3125
96	602	9.3125
96	606	9.3125
96	644	9.3125
96	672	9.3125
96	140	9.25
96	155	9.25
96	16	9.25
96	219	9.25
96	22	9.25
96	2650	9.25
96	2695	9.25
96	2802	9.25
97	354	23
97	551	21.625
97	306	21.375
97	599	21.25
97	658	21.25
97	552	21.125
97	549	21
97	336	20.875
97	601	20.75
97	603	20.75
97	438	20.625
97	618	20.625
97	414	20.5
97	324	20.375
97	435	20.375
97	560	20.375
97	602	20.375
97	345	20.25
97	413	20.25
97	581	20.25
97	604	20.25
97	656	20.25
97	657	20.25
97	410	20.125
97	558	20.125
97	7	20.125
97	332	20
97	333	20
97	404	20
97	456	20
97	588	20
97	627	20
97	645	20
97	307	19.875
97	346	19.875
97	409	19.875
97	553	19.875
97	561	19.875
97	575	19.875
97	576	19.875
97	314	19.75
97	416	19.75
97	557	19.75
97	608	19.75
97	614	19.75
97	619	19.75
97	642	19.75
97	654	19.75
97	655	19.75
97	319	19.625
97	402	19.625
97	406	19.625
97	492	19.625
97	595	19.625
97	6	19.625
97	16	19.5
97	2685	19.5
97	316	19.5
97	459	19.5
97	562	19.5
97	617	19.5
97	623	19.5
97	651	19.5
97	2705	19.375
97	347	19.375
97	455	19.375
97	487	19.375
97	491	19.375
97	590	19.375
97	593	19.375
97	606	19.375
97	644	19.375
97	2504	19.25
97	2765	19.25
97	2773	19.25
97	283	19.25
97	294	19.25
97	338	19.25
97	385	19.25
97	407	19.25
97	417	19.25
97	442	19.25
97	596	19.25
97	609	19.25
97	8	19.25
97	2503	19.125
97	2635	19.125
97	3	19.125
97	315	19.125
97	325	19.125
97	415	19.125
97	452	19.125
97	475	19.125
97	482	19.125
97	505	19.125
97	610	19.125
97	624	19.125
97	2644	19
97	2675	19
97	323	19
98	654	18.125
98	657	18
98	570	17.5
98	576	17.5
98	575	17.375
98	627	17.25
98	656	17.25
98	455	17.125
98	457	17.125
98	571	17.125
98	606	17.125
98	524	16.875
98	525	16.875
98	565	16.875
98	638	16.875
98	417	16.75
98	456	16.75
98	655	16.75
98	3169	16.625
98	551	16.625
98	599	16.625
98	631	16.625
98	641	16.625
98	559	16.5
98	632	16.5
98	869	16.5
98	531	16.375
98	594	16.375
98	658	16.375
98	2321	16.25
98	428	16.25
98	619	16.25
98	623	16.25
98	1003	16.125
98	360	16
98	598	16
98	610	16
98	2422	15.9375
98	487	15.9375
98	526	15.9375
98	558	15.9375
98	773	15.9375
98	2400	15.8125
98	2600	15.8125
98	3312	15.8125
98	4930	15.8125
98	5190	15.8125
98	600	15.8125
98	2323	15.75
98	3079	15.75
98	409	15.75
98	413	15.75
98	2258	15.6875
98	2347	15.6875
98	2643	15.6875
98	552	15.6875
98	2343	15.625
98	2758	15.625
98	553	15.625
98	608	15.625
98	849	15.625
98	3226	15.5625
98	406	15.5625
98	5062	15.5625
98	827	15.5625
98	2405	15.5
98	2644	15.5
98	2781	15.5
98	3231	15.5
98	603	15.5
98	738	15.5
98	2398	15.4375
98	2423	15.4375
98	2992	15.4375
98	3253	15.4375
98	3999	15.4375
98	492	15.4375
98	55	15.4375
98	601	15.4375
98	2642	15.375
98	2653	15.375
98	286	15.375
98	2947	15.375
98	316	15.375
98	349	15.375
98	3883	15.375
98	611	15.375
98	1082	15.3125
98	2353	15.3125
98	2444	15.3125
98	250	15.3125
98	2634	15.3125
98	2685	15.3125
98	2705	15.3125
98	3227	15.3125
98	3235	15.3125
98	435	15.3125
98	564	15.3125
98	624	15.3125
98	648	15.3125
99	670	18.5
99	660	18.375
99	664	18.25
99	716	18.125
99	662	17.125
99	712	16.875
99	685	16.75
99	668	16.625
99	672	16.5
99	677	16.5
99	700	16.375
99	710	16.375
99	3004	16.25
99	3025	16.25
99	3234	16.25
99	666	16.25
99	3020	16.125
99	5010	16
99	2820	15.9375
99	3235	15.9375
99	711	15.875
99	2706	15.8125
99	2498	15.75
99	3046	15.75
99	3096	15.75
99	3668	15.75
99	3700	15.75
99	3709	15.75
99	721	15.75
99	3312	15.6875
99	3673	15.6875
99	717	15.6875
99	2939	15.625
99	3695	15.625
99	2668	15.5625
99	2998	15.5625
99	667	15.5625
99	2667	15.5
99	2773	15.5
99	3130	15.5
99	3540	15.5
99	3710	15.5
99	2666	15.4375
99	3014	15.4375
99	3182	15.4375
99	3225	15.4375
99	3702	15.4375
99	2398	15.375
99	2823	15.375
99	3233	15.375
99	3663	15.375
99	4839	15.375
99	2674	15.3125
99	3024	15.3125
99	3157	15.3125
99	3180	15.3125
99	3564	15.3125
99	673	15.3125
99	2826	15.25
99	3021	15.25
99	4809	15.25
99	4940	15.25
99	679	15.25
99	2692	15.1875
99	2775	15.1875
99	3100	15.1875
99	3712	15.1875
99	1230	15.125
99	2880	15.125
99	3009	15.125
99	3019	15.125
99	3098	15.125
99	639	15.125
99	2977	15.0625
99	3051	15.0625
99	3169	15.0625
99	3229	15.0625
99	675	15.0625
99	189	15
99	2716	15
99	2858	15
99	3172	15
99	3219	15
99	3621	15
99	3805	15
99	600	15
99	224	14.9375
99	3037	14.9375
99	3131	14.9375
99	3183	14.9375
99	5062	14.9375
99	704	14.9375
99	2832	14.875
99	3036	14.875
99	3099	14.875
99	3328	14.875
99	3555	14.875
99	3614	14.875
99	3672	14.875
99	5012	14.875
100	4713	18.875
100	1363	18.75
100	4237	18.75
100	4623	18.5
100	300	18.375
100	2905	18.25
100	3832	18.25
100	450	18.125
100	2298	17.75
100	360	17.75
100	3633	17.75
100	1101	17.625
100	2258	17.625
100	545	17.625
100	2326	17.5
100	2329	17.5
100	2736	17.5
100	3349	17.5
100	2600	17.375
100	3588	17.375
100	4759	17.375
100	860	17.375
100	2301	17.25
100	2334	17.25
100	2355	17.25
100	2393	17.25
100	2726	17.25
100	4226	17.25
100	5118	17.25
100	18	17.125
100	2386	17.125
100	727	17.125
100	2304	17
100	2308	17
100	2333	17
100	2388	17
100	349	17
100	3555	17
100	565	17
100	716	17
100	771	17
100	1362	16.875
100	2307	16.875
100	2338	16.875
100	2353	16.875
100	2421	16.875
100	2589	16.875
100	2300	16.75
100	2370	16.75
100	849	16.75
100	2327	16.625
100	2328	16.625
100	2367	16.625
100	2372	16.625
100	2399	16.625
100	564	16.625
100	694	16.625
100	872	16.625
100	915	16.625
100	2165	16.5
100	2262	16.5
100	2302	16.5
100	2330	16.5
100	2337	16.5
100	2374	16.5
100	5051	16.5
100	210	16.375
100	2293	16.375
100	2324	16.375
100	2335	16.375
100	2336	16.375
100	2343	16.375
100	2349	16.375
100	2409	16.375
100	2424	16.375
100	2429	16.375
100	3613	16.375
100	3621	16.375
100	4702	16.375
100	531	16.375
100	55	16.375
100	2263	16.25
100	2407	16.25
100	2414	16.25
100	2416	16.25
100	3810	16.25
100	1510	16.125
100	2310	16.125
100	2373	16.125
100	2384	16.125
100	2394	16.125
100	2395	16.125
100	2426	16.125
100	2498	16.125
100	299	16.125
100	3337	16.125
100	542	16.125
100	2341	16
100	2365	16
100	2387	16
101	2634	21
101	624	21
101	2665	20.75
101	3546	20.75
101	2567	20.625
101	2666	20.625
101	531	20.5
101	645	20.5
101	2504	20.375
101	2680	20.375
101	618	20.375
101	241	20.25
101	2644	20.25
101	561	20.25
101	585	20.25
101	650	20.25
101	657	20.25
101	926	20.25
101	2802	20.125
101	409	20.125
101	562	20.125
101	608	20.125
101	619	20.125
101	641	20.125
101	644	20.125
101	2685	20
101	3672	20
101	4930	20
101	558	20
101	242	19.875
101	2478	19.875
101	2498	19.875
101	2513	19.875
101	2626	19.875
101	2642	19.875
101	2652	19.875
101	2706	19.875
101	400	19.875
101	432	19.875
101	475	19.875
101	551	19.875
101	2628	19.75
101	2640	19.75
101	290	19.75
101	3543	19.75
101	550	19.75
101	570	19.75
101	599	19.75
101	609	19.75
101	627	19.75
101	658	19.75
101	867	19.75
101	2632	19.625
101	2656	19.625
101	2686	19.625
101	2705	19.625
101	601	19.625
101	614	19.625
101	616	19.625
101	642	19.625
101	2446	19.5
101	2645	19.5
101	2670	19.5
101	503	19.5
101	575	19.5
101	590	19.5
101	593	19.5
101	605	19.5
101	655	19.5
101	224	19.375
101	2627	19.375
101	2643	19.375
101	2727	19.375
101	2744	19.375
101	394	19.375
101	433	19.375
101	647	19.375
101	880	19.375
101	192	19.25
101	2441	19.25
101	2503	19.25
101	2629	19.25
101	2672	19.25
101	2675	19.25
101	2774	19.25
101	281	19.25
101	3686	19.25
101	402	19.25
101	487	19.25
101	540	19.25
101	552	19.25
101	553	19.25
101	571	19.25
101	617	19.25
101	643	19.25
101	2306	19.125
101	2510	19.125
101	2650	19.125
101	2667	19.125
101	2823	19.125
102	267	16.375
102	229	15.8125
102	247	15.75
102	2738	15.75
102	3490	15.6875
102	43	15.6875
102	222	15.625
102	2730	15.625
102	4605	15.625
102	162	15.5625
102	2825	15.5625
102	548	15.5625
102	246	15.5
102	52	15.5
102	226	15.4375
102	51	15.4375
102	1252	15.375
102	269	15.375
102	3166	15.375
102	250	15.3125
102	2817	15.3125
102	184	15.25
102	266	15.25
102	643	15.25
102	2443	15.1875
102	262	15.1875
102	2687	15.1875
102	40	15.1875
102	835	15.1875
102	913	15.1875
102	144	15.125
102	164	15.125
102	2711	15.125
102	870	15.125
102	230	15.0625
102	252	15.0625
102	2727	15.0625
102	4626	15.0625
102	782	15.0625
102	1010	15
102	1454	15
102	171	15
102	268	15
102	2734	15
102	3343	15
102	66	15
102	791	15
102	880	15
102	174	14.9375
102	224	14.9375
102	2324	14.9375
102	234	14.9375
102	2726	14.9375
102	34	14.9375
102	917	14.9375
102	175	14.875
102	22	14.875
102	242	14.875
102	4926	14.875
102	533	14.875
102	824	14.875
102	874	14.875
102	235	14.8125
102	2709	14.8125
102	3435	14.8125
102	3460	14.8125
102	589	14.8125
102	771	14.8125
102	795	14.8125
102	915	14.8125
102	1289	14.75
102	1322	14.75
102	2957	14.75
102	4640	14.75
102	5187	14.75
102	5193	14.75
102	541	14.75
102	1292	14.6875
102	1378	14.6875
102	160	14.6875
102	177	14.6875
102	2148	14.6875
102	225	14.6875
102	251	14.6875
102	2643	14.6875
102	2710	14.6875
102	2778	14.6875
102	447	14.6875
102	4937	14.6875
102	5062	14.6875
102	55	14.6875
102	865	14.6875
102	1281	14.625
102	189	14.625
102	2686	14.625
102	2772	14.625
102	29	14.625
102	2928	14.625
102	2976	14.625
102	3337	14.625
103	670	15.9375
103	688	15.8125
103	701	15.6875
103	685	15.5625
103	679	15.375
103	674	15
103	666	14.8125
103	664	14.625
103	683	14.5
103	671	14.4375
103	675	14.4375
103	705	14.25
103	673	14.125
103	680	14.125
103	677	13.875
103	713	13.8125
103	3020	13.75
103	678	13.6875
103	2763	13.625
103	672	13.5625
103	717	13.5625
103	694	13.5
103	3308	13.375
103	711	13.3125
103	716	13.3125
103	2643	13.25
103	668	13.1875
103	3225	13.125
103	2668	13.0625
103	719	13
103	3090	12.9375
103	3710	12.9375
103	710	12.9375
103	2667	12.875
103	3185	12.875
103	667	12.875
103	681	12.875
103	2758	12.75
103	625	12.75
103	700	12.75
103	3045	12.6875
103	3096	12.6875
103	3805	12.6875
103	3046	12.625
103	3098	12.625
103	3234	12.625
103	3037	12.5625
103	3709	12.5625
103	623	12.5625
103	633	12.5625
103	704	12.5625
103	2977	12.5
103	3097	12.5
103	3219	12.5
103	575	12.5
103	632	12.5
103	721	12.5
103	3036	12.4375
103	3131	12.4375
103	3543	12.4375
103	3546	12.4375
103	695	12.4375
103	2769	12.375
103	2775	12.375
103	3222	12.375
103	3312	12.375
103	3596	12.375
103	5062	12.375
103	650	12.375
103	2738	12.25
103	2970	12.25
103	3019	12.25
103	3101	12.25
103	3196	12.25
103	3218	12.25
103	5174	12.25
103	571	12.25
103	588	12.25
103	738	12.25
103	831	12.25
103	2666	12.1875
103	601	12.1875
103	620	12.1875
103	2640	12.125
103	2642	12.125
103	2765	12.125
103	2881	12.125
103	3100	12.125
103	3184	12.125
103	3359	12.125
103	3764	12.125
103	3804	12.125
103	2733	12.0625
103	2773	12.0625
103	281	12.0625
103	3021	12.0625
103	3083	12.0625
103	3119	12.0625
103	3310	12.0625
103	3550	12.0625
104	394	22
104	378	21.875
104	416	21.75
104	402	21.375
104	437	21.375
104	619	21.25
104	406	21.125
104	589	21.125
104	623	21
104	3	20.875
104	424	20.875
104	444	20.875
104	446	20.875
104	413	20.75
104	433	20.75
104	400	20.625
104	431	20.625
104	557	20.625
104	618	20.625
104	393	20.5
104	503	20.5
104	595	20.5
104	645	20.5
104	658	20.5
104	2706	20.375
104	409	20.375
104	487	20.375
104	617	20.375
104	620	20.375
104	2628	20.25
104	2802	20.25
104	336	20.25
104	410	20.25
104	455	20.25
104	515	20.25
104	576	20.25
104	608	20.25
104	644	20.25
104	657	20.25
104	2499	20.125
104	2666	20.125
104	391	20.125
104	396	20.125
104	432	20.125
104	442	20.125
104	456	20.125
104	470	20.125
104	472	20.125
104	475	20.125
104	5	20.125
104	561	20.125
104	599	20.125
104	609	20.125
104	642	20.125
104	650	20.125
104	390	20
104	459	20
104	481	20
104	492	20
104	610	20
104	614	20
104	627	20
104	655	20
104	2504	19.875
104	2686	19.875
104	290	19.875
104	376	19.875
104	585	19.875
104	641	19.875
104	16	19.75
104	2632	19.75
104	2644	19.75
104	2670	19.75
104	2687	19.75
104	2803	19.75
104	332	19.75
104	453	19.75
104	458	19.75
104	476	19.75
104	504	19.75
104	553	19.75
104	637	19.75
104	2705	19.625
104	320	19.625
104	418	19.625
104	429	19.625
104	490	19.625
104	501	19.625
104	540	19.625
104	552	19.625
104	571	19.625
104	590	19.625
104	606	19.625
104	624	19.625
104	643	19.625
104	164	19.5
104	2510	19.5
104	2650	19.5
104	2652	19.5
104	2774	19.5
105	224	19.125
105	2706	18.125
105	2685	18
105	2686	18
105	4785	18
105	2778	17.875
105	2727	17.75
105	3024	17.625
105	227	17.5
105	3014	17.5
105	12	17.375
105	225	17.375
105	246	17.375
105	2503	17.375
105	2939	17.375
105	4809	17.375
105	4839	17.375
105	4962	17.375
105	192	17.25
105	2756	17.25
105	2773	17.25
105	2823	17.25
105	2881	17.25
105	3450	17.25
105	5062	17.25
105	584	17.25
105	189	17.125
105	444	17.125
105	4791	17.125
105	1077	17
105	241	17
105	2749	17
105	2772	17
105	2793	17
105	3019	17
105	3599	17
105	4941	17
105	5010	17
105	2842	16.875
105	2872	16.875
105	4850	16.875
105	244	16.75
105	2478	16.75
105	2641	16.75
105	2709	16.75
105	2764	16.75
105	2775	16.75
105	3225	16.75
105	3614	16.75
105	4940	16.75
105	520	16.75
105	173	16.625
105	191	16.625
105	2734	16.625
105	2763	16.625
105	2802	16.625
105	2815	16.625
105	3017	16.625
105	3020	16.625
105	3182	16.625
105	3312	16.625
105	3343	16.625
105	3588	16.625
105	5148	16.625
105	641	16.625
105	872	16.625
105	2707	16.5
105	2731	16.5
105	2769	16.5
105	2770	16.5
105	2782	16.5
105	2942	16.5
105	2950	16.5
105	3175	16.5
105	3180	16.5
105	3244	16.5
105	338	16.5
105	3493	16.5
105	3621	16.5
105	428	16.5
105	470	16.5
105	4931	16.5
105	4935	16.5
105	5029	16.5
105	557	16.5
105	668	16.5
105	0	16.375
105	1241	16.375
105	13	16.375
105	226	16.375
105	240	16.375
105	2445	16.375
105	2498	16.375
105	2510	16.375
105	2659	16.375
105	2728	16.375
105	2735	16.375
105	2977	16.375
105	3181	16.375
105	3315	16.375
106	3875	12.0625
106	2258	11.75
106	4043	11.75
106	2176	11.6875
106	4045	11.6875
106	4046	11.625
106	200	11.5625
106	202	11.5625
106	4041	11.5625
106	1021	11.5
106	177	11.5
106	195	11.5
106	211	11.5
106	3077	11.5
106	3860	11.5
106	4044	11.5
106	196	11.4375
106	197	11.4375
106	205	11.4375
106	208	11.4375
106	3074	11.4375
106	3089	11.4375
106	3862	11.4375
106	3874	11.4375
106	4013	11.4375
106	4042	11.4375
106	1019	11.375
106	204	11.375
106	2187	11.375
106	3422	11.375
106	4055	11.375
106	166	11.3125
106	3774	11.3125
106	4053	11.3125
106	4860	11.3125
106	206	11.25
106	209	11.25
106	3075	11.25
106	3088	11.25
106	3405	11.25
106	3646	11.25
106	3905	11.25
106	4040	11.25
106	4760	11.25
106	1499	11.1875
106	1641	11.1875
106	188	11.1875
106	201	11.1875
106	207	11.1875
106	3040	11.1875
106	3062	11.1875
106	3076	11.1875
106	3080	11.1875
106	3082	11.1875
106	3423	11.1875
106	3770	11.1875
106	3771	11.1875
106	3861	11.1875
106	4048	11.1875
106	4050	11.1875
106	4066	11.1875
106	1072	11.125
106	2941	11.125
106	3033	11.125
106	3057	11.125
106	3060	11.125
106	3067	11.125
106	3070	11.125
106	3079	11.125
106	3406	11.125
106	3868	11.125
106	3876	11.125
106	4039	11.125
106	4761	11.125
106	1084	11.0625
106	2944	11.0625
106	2946	11.0625
106	2951	11.0625
106	3048	11.0625
106	3073	11.0625
106	3084	11.0625
106	3087	11.0625
106	3100	11.0625
106	3115	11.0625
106	4063	11.0625
106	1041	11
106	212	11
106	3035	11
106	3039	11
106	3058	11
106	3059	11
106	3064	11
106	3078	11
106	3081	11
106	3090	11
106	3123	11
106	3407	11
106	3772	11
106	3894	11
106	3897	11
107	1933	16.5
107	1825	16.25
107	1826	14.75
107	2023	14.6875
107	1962	14.5625
107	3650	14
107	3598	13.9375
107	2469	13.8125
107	2560	13.625
107	3601	13.625
107	2564	13.5
107	3302	13.4375
107	2926	13.375
107	1502	13.3125
107	2444	13.3125
107	1797	13.125
107	1926	13.125
107	1110	13.0625
107	2446	13.0625
107	2549	13.0625
107	870	13.0625
107	1105	12.9375
107	3411	12.9375
107	1792	12.875
107	1988	12.875
107	2576	12.875
107	1134	12.8125
107	1312	12.8125
107	1957	12.8125
107	2791	12.8125
107	5182	12.75
107	912	12.75
107	1505	12.625
107	1805	12.625
107	2447	12.625
107	3420	12.625
107	5137	12.625
107	5179	12.625
107	1816	12.5625
107	2929	12.5625
107	2930	12.5625
107	3654	12.5625
107	5162	12.5
107	1016	12.375
107	2142	12.375
107	2449	12.375
107	3215	12.375
107	3515	12.375
107	3595	12.375
107	2031	12.3125
107	3663	12.3125
107	2565	12.25
107	3445	12.25
107	3517	12.25
107	3659	12.25
107	1106	12.1875
107	1810	12.1875
107	2452	12.1875
107	2548	12.1875
107	3023	12.1875
107	3299	12.1875
107	5173	12.1875
107	747	12.1875
107	1501	12.125
107	3234	12.125
107	3239	12.125
107	2488	12.0625
107	3419	12.0625
107	3514	12.0625
107	4772	12.0625
107	5181	12.0625
107	1011	12
107	1554	12
107	3382	12
107	1104	11.9375
107	2614	11.9375
107	3328	11.9375
107	3424	11.9375
107	3444	11.9375
107	3448	11.9375
107	3516	11.9375
107	3661	11.9375
107	4949	11.9375
107	889	11.9375
107	1796	11.875
107	1804	11.875
107	2716	11.875
107	2820	11.875
107	2989	11.875
107	3858	11.875
107	5125	11.875
107	3213	11.8125
107	5177	11.8125
107	685	11.8125
107	821	11.8125
107	2188	11.75
107	3511	11.75
107	4970	11.75
107	5095	11.75
107	1288	11.6875
108	656	19.25
108	4237	17.75
108	457	17.625
108	655	17.5
108	2405	17.375
108	570	17.375
108	654	17.125
108	571	16.875
108	2406	16.75
108	2735	16.75
108	4713	16.75
108	1362	16.625
108	657	16.625
108	1363	16.5
108	2258	16.5
108	2339	16.5
108	564	16.5
108	2400	16.375
108	456	16.375
108	2398	16.25
108	576	16.25
108	627	16.25
108	2330	16.125
108	2402	16.125
108	2307	16
108	2347	16
108	2883	16
108	5051	16
108	531	16
108	2353	15.9375
108	2377	15.9375
108	2418	15.9375
108	2420	15.9375
108	598	15.9375
108	2323	15.875
108	2414	15.875
108	524	15.875
108	525	15.875
108	837	15.875
108	3337	15.8125
108	3621	15.8125
108	4623	15.8125
108	612	15.8125
108	641	15.8125
108	2309	15.75
108	2784	15.75
108	548	15.75
108	2298	15.6875
108	2403	15.6875
108	2404	15.6875
108	2407	15.6875
108	2415	15.6875
108	2589	15.6875
108	5062	15.6875
108	2338	15.625
108	2444	15.625
108	349	15.625
108	3806	15.625
108	3821	15.625
108	66	15.625
108	177	15.5625
108	2301	15.5625
108	2315	15.5625
108	3581	15.5625
108	4622	15.5625
108	417	15.5
108	88	15.5
108	216	15.4375
108	2341	15.4375
108	2781	15.4375
108	3810	15.4375
108	428	15.4375
108	44	15.4375
108	1090	15.375
108	210	15.375
108	2321	15.375
108	2340	15.375
108	2429	15.375
108	2905	15.375
108	299	15.375
108	599	15.375
108	2165	15.3125
108	2408	15.3125
108	2413	15.3125
108	2711	15.3125
108	3588	15.3125
108	4226	15.3125
108	611	15.3125
108	1510	15.25
108	2410	15.25
108	3455	15.25
108	3808	15.25
108	4010	15.25
108	562	15.25
108	161	15.1875
108	1938	15.1875
108	2310	15.1875
108	2332	15.1875
108	2343	15.1875
108	2401	15.1875
109	345	15.5
109	350	14.0625
109	336	14
109	351	13.5625
109	14	13.5
109	323	13.125
109	349	13.125
109	589	13
109	314	12.875
109	299	12.75
109	341	12.6875
109	531	12.625
109	532	12.625
109	352	12.5625
109	332	12.5
109	564	12.4375
109	1373	12.375
109	582	12.375
109	609	12.3125
109	1372	12.25
109	551	12.25
109	2947	12.125
109	356	12.125
109	5228	12.0625
109	278	12
109	316	12
109	540	11.9375
109	603	11.9375
109	1221	11.875
109	324	11.875
109	1721	11.8125
109	2619	11.8125
109	2943	11.8125
109	575	11.8125
109	1203	11.75
109	1268	11.75
109	1330	11.75
109	2479	11.75
109	460	11.75
109	617	11.75
109	641	11.75
109	1266	11.6875
109	255	11.6875
109	2645	11.6875
109	2944	11.6875
109	4837	11.6875
109	2596	11.625
109	584	11.625
109	645	11.625
109	1021	11.5625
109	1256	11.5625
109	1665	11.5625
109	2229	11.5625
109	2928	11.5625
109	3143	11.5625
109	337	11.5625
109	3638	11.5625
109	4233	11.5625
109	4851	11.5625
109	923	11.5625
109	1335	11.5
109	270	11.5
109	293	11.5
109	295	11.5
109	8	11.5
109	1545	11.4375
109	3051	11.4375
109	3087	11.4375
109	3140	11.4375
109	739	11.4375
109	1288	11.375
109	1843	11.375
109	1854	11.375
109	1016	11.3125
109	1787	11.3125
109	2641	11.3125
109	2792	11.3125
109	2935	11.3125
109	386	11.3125
109	650	11.3125
109	818	11.3125
109	1212	11.25
109	144	11.25
109	2473	11.25
109	3221	11.25
109	401	11.25
109	4030	11.25
109	4312	11.25
109	562	11.25
109	643	11.25
109	651	11.25
109	1250	11.1875
109	1419	11.1875
109	1602	11.1875
109	2634	11.1875
109	3098	11.1875
109	449	11.1875
109	4946	11.1875
109	1052	11.125
109	1338	11.125
110	2735	14.875
110	2739	14.625
110	531	14.625
110	564	14.625
110	2707	14.5625
110	1010	14.5
110	2706	14.5
110	4850	14.5
110	3843	14.4375
110	826	14.4375
110	2589	14.375
110	548	14.375
110	2567	14.3125
110	3588	14.3125
110	2298	14.1875
110	2823	14.1875
110	3360	14.1875
110	1363	14.125
110	44	14.125
110	2702	14.0625
110	2710	14.0625
110	349	14.0625
110	872	14.0625
110	2764	14
110	2768	14
110	3655	14
110	565	14
110	849	14
110	1009	13.9375
110	2767	13.9375
110	372	13.9375
110	5140	13.9375
110	867	13.9375
110	871	13.9375
110	2711	13.875
110	2773	13.875
110	716	13.875
110	837	13.875
110	3621	13.8125
110	428	13.8125
110	636	13.8125
110	2626	13.75
110	2731	13.75
110	2744	13.75
110	299	13.75
110	619	13.75
110	2708	13.6875
110	2709	13.6875
110	2804	13.6875
110	3821	13.6875
110	4237	13.6875
110	1362	13.625
110	2769	13.625
110	4626	13.625
110	1090	13.5625
110	2326	13.5625
110	2758	13.5625
110	2803	13.5625
110	2824	13.5625
110	4622	13.5625
110	4839	13.5625
110	562	13.5625
110	210	13.5
110	2734	13.5
110	3452	13.5
110	18	13.4375
110	224	13.4375
110	2716	13.4375
110	2763	13.4375
110	2822	13.4375
110	2883	13.4375
110	3810	13.4375
110	4226	13.4375
110	4640	13.4375
110	5166	13.4375
110	66	13.4375
110	870	13.4375
110	233	13.375
110	2611	13.375
110	2727	13.375
110	2745	13.375
110	2774	13.375
110	3486	13.375
110	550	13.375
110	551	13.375
110	575	13.375
110	576	13.375
110	1101	13.3125
110	192	13.3125
110	2258	13.3125
110	2686	13.3125
110	2738	13.3125
110	2759	13.3125
110	2771	13.3125
110	2793	13.3125
110	464	13.3125
110	4702	13.3125
110	524	13.3125
110	645	13.3125
110	660	13.3125
111	5206	14.3125
111	2555	14.125
111	548	14.0625
111	3564	14
111	3621	14
111	2567	13.9375
111	4965	13.875
111	5185	13.875
111	306	13.8125
111	4809	13.8125
111	5003	13.75
111	2350	13.625
111	2735	13.625
111	3588	13.5625
111	3613	13.5625
111	4924	13.5625
111	5085	13.5625
111	716	13.5625
111	4640	13.5
111	3709	13.4375
111	1909	13.375
111	3628	13.375
111	2589	13.25
111	314	13.25
111	5072	13.25
111	5243	13.25
111	660	13.25
111	5090	13.1875
111	564	13.1875
111	3533	13.125
111	2338	13.0625
111	338	13.0625
111	3617	13
111	4850	13
111	668	13
111	2351	12.9375
111	667	12.9375
111	2756	12.875
111	2883	12.875
111	349	12.875
111	4871	12.875
111	4895	12.875
111	666	12.875
111	1362	12.8125
111	2734	12.75
111	3629	12.75
111	470	12.75
111	20	12.6875
111	2398	12.6875
111	2822	12.6875
111	3599	12.6875
111	4912	12.6875
111	5167	12.6875
111	5232	12.6875
111	1320	12.625
111	214	12.625
111	2732	12.625
111	2826	12.625
111	428	12.625
111	5108	12.625
111	596	12.625
111	4348	12.5625
111	4623	12.5625
111	4867	12.5625
111	5010	12.5625
111	5118	12.5625
111	662	12.5625
111	2702	12.5
111	2769	12.5
111	3668	12.5
111	4337	12.5
111	5223	12.5
111	531	12.5
111	0	12.4375
111	3540	12.4375
111	4129	12.4375
111	4540	12.4375
111	4950	12.4375
111	641	12.4375
111	645	12.4375
111	66	12.4375
111	1090	12.375
111	2262	12.375
111	2301	12.375
111	2349	12.375
111	4214	12.375
111	4382	12.375
111	4702	12.375
111	4814	12.375
111	4863	12.375
111	5166	12.375
111	5169	12.375
111	1454	12.3125
111	2726	12.3125
111	2727	12.3125
111	2731	12.3125
111	2782	12.3125
111	279	12.3125
111	3520	12.3125
111	3544	12.3125
112	2849	15.875
112	4962	15.625
112	4776	15.5625
112	3345	15.5
112	224	15.1875
112	3344	15.125
112	3468	15.125
112	4822	15.125
112	5056	15.125
112	5059	15.125
112	2842	15.0625
112	5011	15.0625
112	3019	14.9375
112	2844	14.875
112	3395	14.875
112	5069	14.875
112	3374	14.8125
112	3309	14.75
112	3343	14.75
112	4767	14.6875
112	5054	14.6875
112	5060	14.6875
112	3005	14.625
112	4775	14.625
112	239	14.5625
112	3462	14.5625
112	4844	14.5625
112	244	14.5
112	2961	14.5
112	3389	14.5
112	3464	14.5
112	3473	14.5
112	5070	14.5
112	2887	14.4375
112	2939	14.4375
112	2972	14.4375
112	3016	14.4375
112	3160	14.4375
112	4826	14.4375
112	5067	14.4375
112	237	14.375
112	3297	14.375
112	3339	14.375
112	3347	14.375
112	3396	14.375
112	3443	14.375
112	3450	14.375
112	3469	14.375
112	2834	14.3125
112	2854	14.3125
112	2881	14.3125
112	2897	14.3125
112	4781	14.3125
112	2856	14.25
112	2880	14.25
112	2942	14.25
112	3017	14.25
112	3154	14.25
112	4779	14.25
112	4783	14.25
112	4851	14.25
112	2882	14.1875
112	2983	14.1875
112	3116	14.1875
112	3300	14.1875
112	3390	14.1875
112	3394	14.1875
112	3715	14.1875
112	4768	14.1875
112	4773	14.1875
112	4777	14.1875
112	4810	14.1875
112	4839	14.1875
112	5010	14.1875
112	2181	14.125
112	241	14.125
112	2843	14.125
112	2884	14.125
112	2898	14.125
112	2901	14.125
112	2940	14.125
112	2946	14.125
112	3056	14.125
112	3061	14.125
112	3175	14.125
112	3270	14.125
112	3353	14.125
112	3357	14.125
112	3391	14.125
112	4771	14.125
112	2858	14.0625
112	2902	14.0625
112	2941	14.0625
112	3138	14.0625
112	3249	14.0625
112	3359	14.0625
112	3483	14.0625
112	3509	14.0625
112	3727	14.0625
112	4772	14.0625
113	2307	14.875
113	2306	14.6875
113	2353	14.6875
113	2343	14.625
113	2398	14.5625
113	2400	14.5625
113	2338	14.5
113	2358	14.5
113	4713	14.5
113	1363	14.4375
113	2332	14.4375
113	2309	14.375
113	2258	14.3125
113	2333	14.3125
113	2340	14.3125
113	2405	14.3125
113	2418	14.3125
113	4623	14.3125
113	2377	14.1875
113	2415	14.1875
113	531	14.1875
113	2317	14.125
113	2366	14.125
113	5118	14.125
113	2350	14.0625
113	2354	14.0625
113	2386	14.0625
113	2428	14.0625
113	545	14.0625
113	2330	14
113	2334	14
113	2352	14
113	2420	14
113	2421	14
113	2419	13.9375
113	2429	13.9375
113	2735	13.9375
113	2341	13.875
113	2347	13.875
113	2410	13.875
113	2422	13.875
113	5153	13.875
113	4237	13.8125
113	2316	13.75
113	2339	13.75
113	2362	13.75
113	2371	13.75
113	2403	13.75
113	2408	13.75
113	2427	13.75
113	3349	13.75
113	2263	13.6875
113	2310	13.6875
113	2367	13.6875
113	2392	13.6875
113	2426	13.6875
113	2305	13.625
113	2308	13.625
113	2357	13.625
113	2363	13.625
113	2372	13.625
113	2430	13.625
113	1362	13.5625
113	2349	13.5625
113	2351	13.5625
113	2356	13.5625
113	2361	13.5625
113	2407	13.5625
113	2589	13.5625
113	3621	13.5625
113	182	13.5
113	2318	13.5
113	2388	13.5
113	2399	13.5
113	2413	13.5
113	2414	13.5
113	349	13.5
113	727	13.5
113	186	13.4375
113	2323	13.4375
113	2328	13.4375
113	2335	13.4375
113	2360	13.4375
113	2736	13.4375
113	300	13.4375
113	4226	13.4375
113	60	13.4375
113	2373	13.375
113	2409	13.375
113	2416	13.375
113	2431	13.375
113	565	13.375
113	2331	13.3125
113	2391	13.3125
113	360	13.3125
113	1101	13.25
113	2370	13.25
113	2424	13.25
113	2326	13.1875
113	2327	13.1875
114	3492	19
114	2731	17.25
114	2763	16.75
114	5091	16.625
114	66	16.625
114	2832	16.5
114	4985	16.5
114	2773	16.375
114	2872	16.375
114	4809	16.375
114	5150	16.375
114	5011	16.25
114	234	16.125
114	2775	16.125
114	3511	16.125
114	4795	16.125
114	5010	16.125
114	5172	16.125
114	2515	16
114	2634	16
114	3621	16
114	5052	16
114	5140	16
114	3181	15.9375
114	4538	15.9375
114	2398	15.875
114	2778	15.875
114	2823	15.875
114	4835	15.875
114	5051	15.875
114	2836	15.8125
114	3243	15.8125
114	3341	15.8125
114	4791	15.8125
114	3668	15.75
114	5108	15.75
114	5206	15.75
114	2749	15.6875
114	2834	15.6875
114	2947	15.6875
114	3581	15.6875
114	5155	15.6875
114	1716	15.625
114	224	15.625
114	2939	15.625
114	2970	15.625
114	2988	15.625
114	3409	15.625
114	3512	15.625
114	716	15.625
114	2685	15.5625
114	2779	15.5625
114	3262	15.5625
114	3268	15.5625
114	3315	15.5625
114	4850	15.5625
114	5158	15.5625
114	1113	15.5
114	1979	15.5
114	2739	15.5
114	2802	15.5
114	2820	15.5
114	2883	15.5
114	2973	15.5
114	3136	15.5
114	3180	15.5
114	3450	15.5
114	85	15.5
114	1479	15.4375
114	210	15.4375
114	2741	15.4375
114	2765	15.4375
114	3023	15.4375
114	3064	15.4375
114	3186	15.4375
114	3360	15.4375
114	3394	15.4375
114	3451	15.4375
114	4259	15.4375
114	4829	15.4375
114	4834	15.4375
114	612	15.4375
114	1976	15.375
114	2770	15.375
114	2977	15.375
114	3312	15.375
114	3570	15.375
114	3614	15.375
114	3672	15.375
114	3707	15.375
114	4109	15.375
114	4337	15.375
114	993	15.375
114	1230	15.3125
114	1830	15.3125
114	1974	15.3125
114	2757	15.3125
114	2774	15.3125
114	3020	15.3125
114	1518	15.25
115	590	15.5625
115	619	14.375
115	592	14.1875
115	284	14.125
115	595	14.125
115	13	13.9375
115	432	13.9375
115	575	13.9375
115	608	13.9375
115	281	13.875
115	531	13.8125
115	650	13.8125
115	593	13.75
115	648	13.75
115	594	13.625
115	576	13.5625
115	426	13.5
115	559	13.5
115	623	13.4375
115	625	13.4375
115	299	13.375
115	4930	13.375
115	605	13.3125
115	609	13.25
115	624	13.25
115	412	13.1875
115	433	13.1875
115	591	13.1875
115	628	13.1875
115	4931	13.125
115	606	13.125
115	410	13.0625
115	585	13.0625
115	637	13.0625
115	641	13.0625
115	418	13
115	456	13
115	5164	13
115	647	13
115	390	12.9375
115	617	12.9375
115	638	12.9375
115	620	12.875
115	474	12.8125
115	355	12.75
115	431	12.75
115	5155	12.75
115	5159	12.75
115	551	12.75
115	610	12.75
115	2504	12.6875
115	2644	12.6875
115	290	12.6875
115	336	12.625
115	5229	12.625
115	599	12.625
115	2634	12.5625
115	401	12.5625
115	2642	12.5
115	2652	12.5
115	2665	12.5
115	2666	12.5
115	2685	12.5
115	289	12.5
115	415	12.5
115	499	12.5
115	458	12.4375
115	530	12.4375
115	570	12.4375
115	580	12.4375
115	597	12.4375
115	646	12.4375
115	2643	12.375
115	2645	12.375
115	321	12.375
115	358	12.375
115	391	12.375
115	4651	12.375
115	5119	12.375
115	5157	12.375
115	5158	12.375
115	614	12.375
115	2473	12.3125
115	2668	12.3125
115	279	12.3125
115	354	12.3125
115	382	12.3125
115	405	12.3125
115	5	12.3125
115	596	12.3125
115	643	12.3125
115	2485	12.25
115	337	12.25
115	397	12.25
115	411	12.25
115	413	12.25
115	491	12.25
115	4925	12.25
115	505	12.25
115	5195	12.25
116	4633	18.25
116	3619	17.125
116	2739	16.625
116	5228	16.625
116	2740	16.5
116	4634	16.5
116	5140	16.5
116	805	16.5
116	1809	16.375
116	5231	16.375
116	3564	16.25
116	5157	16.25
116	5240	16.25
116	4912	16.125
116	2759	16
116	3360	16
116	5210	16
116	5232	16
116	850	16
116	4663	15.9375
116	4814	15.9375
116	4923	15.9375
116	5220	15.9375
116	3615	15.875
116	4348	15.875
116	4440	15.875
116	5206	15.875
116	882	15.875
116	5090	15.8125
116	5239	15.8125
116	871	15.8125
116	1343	15.75
116	3540	15.75
116	4143	15.75
116	4475	15.75
116	4809	15.75
116	214	15.6875
116	2184	15.6875
116	5208	15.6875
116	2398	15.625
116	4264	15.625
116	3134	15.5625
116	3655	15.5625
116	4212	15.5625
116	4664	15.5625
116	5234	15.5625
116	3679	15.5
116	4468	15.5
116	4660	15.5
116	5207	15.5
116	3125	15.4375
116	4140	15.4375
116	4406	15.4375
116	4494	15.4375
116	4815	15.4375
116	2744	15.375
116	4419	15.375
116	4485	15.375
116	3581	15.3125
116	3639	15.3125
116	3843	15.3125
116	4177	15.3125
116	4661	15.3125
116	626	15.3125
116	3132	15.25
116	3570	15.25
116	4184	15.25
116	4266	15.25
116	4640	15.25
116	4259	15.1875
116	4315	15.1875
116	4326	15.1875
116	1362	15.125
116	2634	15.125
116	3023	15.125
116	4351	15.125
116	4368	15.125
116	5108	15.125
116	3630	15.0625
116	4190	15.0625
116	4273	15.0625
116	4298	15.0625
116	4895	15.0625
116	636	15.0625
116	809	15.0625
116	1698	15
116	4201	15
116	5236	15
116	5237	15
116	1479	14.9375
116	210	14.9375
116	2639	14.9375
116	2650	14.9375
116	2872	14.9375
116	3083	14.9375
116	3124	14.9375
116	3172	14.9375
116	3451	14.9375
116	3855	14.9375
116	4421	14.9375
117	2635	22
117	826	21.375
117	218	21
117	5161	20.875
117	250	20.625
117	77	20.625
117	161	20.5
117	2567	20.5
117	3673	20.5
117	52	20.5
117	172	20.375
117	163	20.25
117	187	20.25
117	3810	20.25
117	4038	20.25
117	214	20.125
117	2734	20.125
117	3547	20.125
117	3588	20.125
117	229	20
117	2461	20
117	44	20
117	548	20
117	66	20
117	3186	19.875
117	4850	19.875
117	5158	19.875
117	99	19.875
117	175	19.75
117	2637	19.75
117	3090	19.75
117	57	19.75
117	1362	19.625
117	164	19.625
117	222	19.625
117	234	19.625
117	3734	19.625
117	5159	19.625
117	235	19.5
117	3543	19.5
117	3805	19.5
117	4839	19.5
117	5073	19.5
117	5163	19.5
117	182	19.375
117	2883	19.375
117	3882	19.375
117	4226	19.375
117	4851	19.375
117	4992	19.375
117	1045	19.25
117	176	19.25
117	189	19.25
117	223	19.25
117	2735	19.25
117	3233	19.25
117	5140	19.25
117	564	19.25
117	299	19.125
117	2990	19.125
117	3183	19.125
117	4011	19.125
117	4934	19.125
117	1010	19
117	1026	19
117	1049	19
117	1363	19
117	191	19
117	192	19
117	210	19
117	251	19
117	2589	19
117	2942	19
117	3000	19
117	3624	19
117	3947	19
117	428	19
117	5120	19
117	5150	19
117	5157	19
117	579	19
117	68	19
117	928	19
117	1016	18.875
117	1032	18.875
117	212	18.875
117	2326	18.875
117	2685	18.875
117	2947	18.875
117	349	18.875
117	3621	18.875
117	4008	18.875
117	4085	18.875
117	4622	18.875
117	4623	18.875
117	4950	18.875
117	716	18.875
117	1031	18.75
117	1090	18.75
117	132	18.75
118	647	33.5
118	593	32.25
118	3613	30.125
118	2643	29.5
118	3616	29.5
118	570	29.375
118	658	29.25
118	5051	29.125
118	3618	29
118	3619	29
118	551	29
118	3545	28.875
118	3588	28.875
118	564	28.875
118	656	28.875
118	5223	28.75
118	2505	28.625
118	3614	28.625
118	3617	28.625
118	4010	28.625
118	654	28.625
118	2634	28.5
118	3808	28.5
118	602	28.5
118	3547	28.375
118	3809	28.375
118	4661	28.375
118	4924	28.375
118	5219	28.375
118	5227	28.375
118	548	28.375
118	576	28.375
118	580	28.375
118	655	28.375
118	1126	28.25
118	1363	28.25
118	2398	28.25
118	2567	28.25
118	2646	28.25
118	2883	28.25
118	3581	28.25
118	5208	28.25
118	632	28.25
118	2338	28.125
118	2351	28.125
118	2642	28.125
118	410	28.125
118	4640	28.125
118	4664	28.125
118	4807	28.125
118	5003	28.125
118	5155	28.125
118	560	28.125
118	595	28.125
118	646	28.125
118	2418	28
118	2635	28
118	2644	28
118	2764	28
118	2769	28
118	2825	28
118	3672	28
118	3679	28
118	5220	28
118	5228	28
118	599	28
118	618	28
118	620	28
118	628	28
118	826	28
118	2043	27.875
118	2824	27.875
118	4021	27.875
118	5207	27.875
118	5232	27.875
118	2258	27.75
118	2352	27.75
118	3622	27.75
118	3668	27.75
118	3999	27.75
118	4702	27.75
118	4932	27.75
118	5168	27.75
118	5218	27.75
118	562	27.75
118	590	27.75
118	600	27.75
118	606	27.75
118	610	27.75
118	1909	27.625
118	2686	27.625
118	2731	27.625
118	2763	27.625
118	2786	27.625
118	3628	27.625
118	3789	27.625
118	3812	27.625
118	4237	27.625
118	44	27.625
118	462	27.625
119	5150	17.5
119	4925	16.75
119	4927	16.625
119	5187	16.625
119	5154	15.875
119	4992	15.5
119	5171	15.25
119	237	15.125
119	5136	15.0625
119	5147	15.0625
119	4985	15
119	2778	14.9375
119	5155	14.9375
119	5172	14.9375
119	2817	14.875
119	4937	14.875
119	2727	14.8125
119	2775	14.8125
119	50	14.75
119	827	14.75
119	917	14.75
119	4996	14.6875
119	5133	14.6875
119	3166	14.625
119	5146	14.625
119	5091	14.5625
119	5156	14.5625
119	2443	14.5
119	5106	14.5
119	5112	14.5
119	1389	14.4375
119	507	14.4375
119	5128	14.4375
119	5175	14.4375
119	2460	14.375
119	462	14.375
119	5132	14.375
119	2706	14.3125
119	240	14.25
119	5127	14.25
119	241	14.1875
119	2522	14.1875
119	2960	14.1875
119	5142	14.1875
119	836	14.1875
119	238	14.125
119	2810	14.125
119	3181	14.125
119	5115	14.125
119	5225	14.125
119	1345	14.0625
119	167	14.0625
119	242	14.0625
119	258	14.0625
119	2730	14.0625
119	2750	14.0625
119	4994	14.0625
119	592	14.0625
119	617	14.0625
119	1322	14
119	229	14
119	4926	14
119	5006	14
119	5108	14
119	5110	14
119	5174	14
119	5176	14
119	575	14
119	682	14
119	1342	13.9375
119	1349	13.9375
119	2763	13.9375
119	4931	13.9375
119	4961	13.9375
119	5130	13.9375
119	5139	13.9375
119	5153	13.9375
119	5168	13.9375
119	5170	13.9375
119	825	13.9375
119	913	13.9375
119	227	13.875
119	5007	13.875
119	5141	13.875
119	5185	13.875
119	771	13.875
119	2512	13.8125
119	2605	13.8125
119	2776	13.8125
119	2805	13.8125
119	5099	13.8125
119	5145	13.8125
119	5238	13.8125
119	2513	13.75
119	2729	13.75
119	2979	13.75
119	4929	13.75
119	4930	13.75
119	499	13.75
119	5004	13.75
120	4059	23.75
120	4084	23.5
120	4072	23.25
120	4073	23.25
120	3921	23
120	4064	23
120	4068	22.75
120	4063	22.625
120	4070	22.625
120	4079	22.625
120	3744	22.5
120	4083	22.5
120	4085	22.5
120	4087	22.5
120	3902	22.375
120	4057	22.375
120	4051	22.125
120	4081	22.125
120	4086	22.125
120	4060	22
120	4065	22
120	4067	22
120	4082	22
120	4071	21.875
120	4066	21.75
120	3138	21.625
120	3943	21.625
120	4047	21.625
120	4075	21.5
120	3932	21.375
120	4074	21.375
120	3479	21.25
120	3904	21.25
120	3749	21.125
120	4036	21.125
120	3863	21
120	4078	21
120	3891	20.75
120	3961	20.75
120	3900	20.625
120	3965	20.5
120	4058	20.5
120	4062	20.5
120	4077	20.5
120	4076	20.375
120	4769	20.375
120	3475	20.25
120	3815	20.25
120	4056	20.25
120	4782	20.25
120	3754	20.125
120	3785	20.125
120	3864	20.125
120	3901	20.125
120	3992	20.125
120	3799	20
120	4783	20
120	3149	19.875
120	3761	19.875
120	3898	19.875
120	4061	19.875
120	5066	19.875
120	3033	19.75
120	3061	19.75
120	3192	19.75
120	2875	19.625
120	3378	19.625
120	3993	19.625
120	3443	19.5
120	4055	19.5
120	3765	19.375
120	3775	19.375
120	3854	19.375
120	3908	19.375
120	3945	19.375
120	4020	19.25
120	4022	19.25
120	3778	19.125
120	4050	19.125
120	3162	19
120	3874	19
120	3464	18.875
120	3776	18.875
120	3907	18.875
120	4023	18.875
120	4049	18.875
120	4784	18.875
120	5056	18.875
120	3167	18.75
120	3310	18.75
120	3498	18.75
120	3764	18.75
120	3848	18.75
120	1018	18.625
120	3160	18.625
120	3377	18.625
120	3462	18.625
120	2908	18.5
120	3152	18.5
120	3867	18.5
121	713	23
121	714	23
121	564	22.75
121	1400	22.25
121	712	22
121	2659	21.75
121	3132	21.75
121	2747	21.625
121	3540	21.625
121	630	21.625
121	2260	21.5
121	3187	21.5
121	2740	21.375
121	2742	21.375
121	2743	21.25
121	1114	21.125
121	3219	21.125
121	4303	21.125
121	4324	21.125
121	4349	21.125
121	4359	21.125
121	4529	21.125
121	474	21.125
121	579	21.125
121	682	21.125
121	3711	21
121	4214	21
121	5108	21
121	214	20.875
121	3125	20.875
121	4226	20.875
121	1173	20.75
121	218	20.75
121	2243	20.75
121	2639	20.75
121	2876	20.75
121	3134	20.75
121	3194	20.75
121	4337	20.75
121	4351	20.75
121	664	20.75
121	728	20.75
121	2757	20.625
121	2980	20.625
121	3489	20.625
121	3581	20.625
121	4323	20.625
121	4366	20.625
121	4548	20.625
121	1412	20.5
121	2638	20.5
121	3215	20.5
121	3437	20.5
121	4126	20.5
121	4306	20.5
121	4318	20.5
121	4348	20.5
121	4350	20.5
121	4353	20.5
121	4527	20.5
121	5137	20.5
121	5149	20.5
121	595	20.5
121	221	20.375
121	2669	20.375
121	2741	20.375
121	3122	20.375
121	3201	20.375
121	3442	20.375
121	4139	20.375
121	4402	20.375
121	4427	20.375
121	4500	20.375
121	634	20.375
121	674	20.375
121	1094	20.25
121	1181	20.25
121	1212	20.25
121	2030	20.25
121	2278	20.25
121	2398	20.25
121	2769	20.25
121	3128	20.25
121	3191	20.25
121	3197	20.25
121	3199	20.25
121	3218	20.25
121	3226	20.25
121	3235	20.25
121	3445	20.25
121	3541	20.25
121	3686	20.25
121	4200	20.25
121	4300	20.25
121	4399	20.25
121	4409	20.25
121	4412	20.25
121	4473	20.25
121	4528	20.25
121	5182	20.25
122	2883	16.375
122	3337	16.25
122	3621	16.125
122	3708	16.125
122	564	16.125
122	3710	16
122	3724	16
122	2326	15.8125
122	3673	15.8125
122	3705	15.8125
122	2315	15.6875
122	3540	15.6875
122	5051	15.6875
122	2876	15.625
122	4713	15.625
122	5003	15.5625
122	3233	15.5
122	1363	15.4375
122	3542	15.375
122	3686	15.375
122	44	15.375
122	5219	15.375
122	2301	15.3125
122	5166	15.3125
122	2648	15.25
122	3543	15.25
122	3632	15.25
122	4850	15.25
122	5159	15.25
122	2391	15.1875
122	2646	15.1875
122	5073	15.1875
122	3223	15.125
122	630	15.0625
122	2979	15
122	4237	15
122	5148	15
122	3545	14.9375
122	4997	14.9375
122	5187	14.9375
122	2317	14.875
122	2387	14.875
122	2589	14.875
122	5008	14.875
122	5010	14.875
122	5157	14.875
122	5168	14.875
122	2320	14.8125
122	4992	14.8125
122	5062	14.8125
122	5209	14.8125
122	2626	14.75
122	2627	14.75
122	2635	14.75
122	3450	14.75
122	2381	14.6875
122	3028	14.6875
122	5169	14.6875
122	2261	14.625
122	2420	14.625
122	3665	14.625
122	5154	14.625
122	5207	14.625
122	635	14.625
122	5150	14.5625
122	2418	14.5
122	2461	14.5
122	3820	14.5
122	1053	14.4375
122	1323	14.4375
122	2630	14.4375
122	4337	14.4375
122	5006	14.4375
122	1113	14.375
122	2641	14.375
122	2978	14.375
122	4633	14.375
122	5218	14.375
122	2380	14.3125
122	2389	14.3125
122	2916	14.3125
122	3384	14.3125
122	360	14.3125
122	3614	14.3125
122	4303	14.3125
122	4947	14.3125
122	4961	14.3125
122	2306	14.25
122	2318	14.25
122	2499	14.25
122	2506	14.25
122	2551	14.25
122	3095	14.25
122	3821	14.25
122	4974	14.25
122	5167	14.25
122	837	14.25
122	1213	14.1875
122	2629	14.1875
122	5085	14.1875
123	4175	15.6875
123	4174	15.1875
123	4527	15.1875
123	4478	15.0625
123	4167	14.875
123	4559	14.5625
123	4172	14.5
123	4173	14.375
123	4477	14.375
123	4533	14.25
123	584	14.1875
123	4169	14.125
123	2753	14.0625
123	4249	14
123	582	14
123	2683	13.9375
123	4242	13.9375
123	3459	13.875
123	4168	13.875
123	4256	13.875
123	2158	13.8125
123	219	13.8125
123	3330	13.8125
123	4235	13.8125
123	4238	13.8125
123	4466	13.8125
123	4224	13.75
123	4239	13.75
123	3851	13.6875
123	4216	13.6875
123	4250	13.6875
123	5203	13.6875
123	1758	13.625
123	253	13.625
123	4254	13.625
123	4326	13.625
123	4618	13.625
123	2232	13.5625
123	4166	13.5625
123	4253	13.5625
123	4467	13.5625
123	792	13.5625
123	794	13.5625
123	1740	13.5
123	25	13.5
123	2769	13.5
123	4221	13.5
123	4336	13.5
123	4519	13.5
123	4617	13.5
123	4703	13.5
123	5139	13.5
123	5196	13.5
123	1170	13.4375
123	1245	13.4375
123	1340	13.4375
123	2824	13.4375
123	4106	13.4375
123	4520	13.4375
123	4611	13.4375
123	4993	13.4375
123	5205	13.4375
123	1183	13.375
123	1276	13.375
123	1335	13.375
123	2097	13.375
123	2752	13.375
123	3457	13.375
123	4163	13.375
123	4210	13.375
123	4243	13.375
123	4384	13.375
123	4498	13.375
123	1121	13.3125
123	1253	13.3125
123	2150	13.3125
123	4255	13.3125
123	4257	13.3125
123	4476	13.3125
123	4983	13.3125
123	5194	13.3125
123	5195	13.3125
123	5201	13.3125
123	1341	13.25
123	1657	13.25
123	2206	13.25
123	3929	13.25
123	4387	13.25
123	4445	13.25
123	4948	13.25
123	5132	13.25
123	5198	13.25
123	1344	13.1875
123	2718	13.1875
123	3335	13.1875
123	3489	13.1875
123	3838	13.1875
123	3959	13.1875
123	4123	13.1875
123	4246	13.1875
124	2030	26
124	2037	25
124	2048	24.875
124	2052	24.875
124	2103	24.875
124	2128	24.875
124	1402	24.75
124	1776	24.75
124	1843	24.75
124	1854	24.75
124	2050	24.75
124	2055	24.75
124	2063	24.75
124	2058	24.625
124	2108	24.625
124	2133	24.625
124	2061	24.5
124	2066	24.5
124	2080	24.5
124	2090	24.5
124	2105	24.5
124	2111	24.5
124	1648	24.375
124	2027	24.375
124	2040	24.375
124	2045	24.375
124	2047	24.375
124	2057	24.375
124	2059	24.375
124	2083	24.375
124	2085	24.375
124	2092	24.375
124	2093	24.375
124	2114	24.375
124	1410	24.25
124	1412	24.25
124	1781	24.25
124	1832	24.25
124	1876	24.25
124	2028	24.25
124	2041	24.25
124	2042	24.25
124	2049	24.25
124	2056	24.25
124	2064	24.25
124	2100	24.25
124	2110	24.25
124	2113	24.25
124	2125	24.25
124	2130	24.25
124	1454	24.125
124	1477	24.125
124	2046	24.125
124	2051	24.125
124	2053	24.125
124	2089	24.125
124	2095	24.125
124	2118	24.125
124	2135	24.125
124	2138	24.125
124	2745	24.125
124	3821	24.125
124	1405	24
124	1422	24
124	1425	24
124	1479	24
124	1620	24
124	1715	24
124	1732	24
124	1966	24
124	2029	24
124	2035	24
124	2044	24
124	2082	24
124	2126	24
124	2127	24
124	2136	24
124	1389	23.875
124	1401	23.875
124	1404	23.875
124	1408	23.875
124	1413	23.875
124	1417	23.875
124	1427	23.875
124	1499	23.875
124	1518	23.875
124	1698	23.875
124	1765	23.875
124	1780	23.875
124	1909	23.875
124	1937	23.875
124	2067	23.875
124	2079	23.875
124	2094	23.875
124	2096	23.875
124	2109	23.875
124	2129	23.875
124	2154	23.875
124	2198	23.875
124	2199	23.875
125	4369	17.875
125	4368	17.625
125	4510	17.5
125	4371	17.375
125	4137	17.25
125	4373	17.25
125	4226	17
125	4372	17
125	2351	16.875
125	4530	16.875
125	2735	16.625
125	4210	16.625
125	4511	16.625
125	4522	16.625
125	611	16.625
125	44	16.5
125	4520	16.5
125	4527	16.5
125	2349	16.375
125	5073	16.375
125	66	16.375
125	716	16.375
125	2378	16.25
125	4203	16.25
125	428	16.25
125	4519	16.25
125	5087	16.25
125	520	16.25
125	1362	16.125
125	2298	16.125
125	2567	16.125
125	4099	16.125
125	4570	16.125
125	2350	16
125	299	16
125	4532	16
125	4580	16
125	548	16
125	4237	15.9375
125	4524	15.9375
125	1090	15.875
125	2243	15.875
125	4622	15.875
125	564	15.875
125	2734	15.8125
125	4301	15.8125
125	562	15.8125
125	1716	15.75
125	2726	15.75
125	2747	15.75
125	3315	15.75
125	349	15.75
125	4181	15.75
125	4325	15.75
125	4334	15.75
125	4581	15.75
125	4850	15.75
125	5003	15.75
125	826	15.75
125	1363	15.6875
125	3599	15.6875
125	37	15.6875
125	3911	15.6875
125	4209	15.6875
125	4244	15.6875
125	4339	15.6875
125	4663	15.6875
125	5051	15.6875
125	2365	15.625
125	2372	15.625
125	2589	15.625
125	2731	15.625
125	2760	15.625
125	3544	15.625
125	3709	15.625
125	4114	15.625
125	4115	15.625
125	4192	15.625
125	560	15.625
125	2149	15.5625
125	263	15.5625
125	2738	15.5625
125	2759	15.5625
125	276	15.5625
125	2805	15.5625
125	3180	15.5625
125	3837	15.5625
125	4358	15.5625
125	4430	15.5625
125	4474	15.5625
125	4533	15.5625
125	5082	15.5625
125	5175	15.5625
125	636	15.5625
125	667	15.5625
125	1774	15.5
125	2165	15.5
125	2789	15.5
125	3008	15.5
125	4159	15.5
126	17	22.25
126	562	21.875
126	618	21.375
126	2734	21.25
126	576	21.125
126	651	21.125
126	2514	21
126	602	21
126	4702	20.875
126	366	20.75
126	658	20.75
126	5007	20.625
126	2769	20.5
126	600	20.5
126	2727	20.375
126	2738	20.375
126	558	20.375
126	560	20.375
126	599	20.375
126	603	20.375
126	624	20.375
126	652	20.375
126	283	20.25
126	3546	20.25
126	44	20.25
126	559	20.25
126	592	20.25
126	594	20.25
126	648	20.25
126	16	20.125
126	2710	20.125
126	2822	20.125
126	3613	20.125
126	645	20.125
126	109	20
126	2258	20
126	2498	20
126	2752	20
126	2800	20
126	2818	20
126	299	20
126	3543	20
126	3599	20
126	406	20
126	5062	20
126	5073	20
126	608	20
126	2427	19.875
126	2512	19.875
126	2759	19.875
126	345	19.875
126	3616	19.875
126	4690	19.875
126	581	19.875
126	589	19.875
126	590	19.875
126	616	19.875
126	628	19.875
126	640	19.875
126	826	19.875
126	2478	19.75
126	2589	19.75
126	2709	19.75
126	2731	19.75
126	2773	19.75
126	278	19.75
126	2803	19.75
126	2992	19.75
126	3130	19.75
126	355	19.75
126	3704	19.75
126	394	19.75
126	540	19.75
126	548	19.75
126	605	19.75
126	633	19.75
126	641	19.75
126	13	19.625
126	242	19.625
126	2744	19.625
126	2764	19.625
126	2768	19.625
126	2782	19.625
126	2824	19.625
126	2883	19.625
126	3010	19.625
126	323	19.625
126	3588	19.625
126	414	19.625
126	432	19.625
126	4640	19.625
126	4850	19.625
126	646	19.625
126	2510	19.5
126	2716	19.5
126	2728	19.5
126	2735	19.5
126	2743	19.5
126	2751	19.5
126	2767	19.5
127	4395	9.375
127	4148	8.625
127	4528	8.625
127	4397	8.375
127	4575	8.375
127	4260	8.25
127	4527	8.125
127	4560	8.0625
127	4151	7.96875
127	244	7.875
127	67	7.875
127	2705	7.84375
127	4671	7.84375
127	4226	7.8125
127	4519	7.78125
127	123	7.75
127	134	7.75
127	4178	7.75
127	659	7.75
127	1411	7.65625
127	4425	7.625
127	4900	7.59375
127	4264	7.53125
127	5200	7.5
127	2472	7.46875
127	2874	7.46875
127	4533	7.46875
127	5204	7.4375
127	5231	7.4375
127	3097	7.40625
127	3019	7.375
127	62	7.34375
127	2702	7.3125
127	2782	7.3125
127	5202	7.3125
127	2347	7.28125
127	237	7.28125
127	2382	7.28125
127	2746	7.28125
127	3318	7.28125
127	4351	7.28125
127	152	7.25
127	2935	7.25
127	3379	7.25
127	3704	7.25
127	4187	7.25
127	4396	7.25
127	4732	7.25
127	4896	7.25
127	93	7.25
127	5064	7.21875
127	1746	7.1875
127	4102	7.1875
127	4418	7.1875
127	4743	7.1875
127	4898	7.1875
127	4899	7.1875
127	1939	7.15625
127	2352	7.15625
127	4523	7.15625
127	4648	7.15625
127	4866	7.15625
127	5066	7.15625
127	1010	7.125
127	3053	7.125
127	3850	7.125
127	4871	7.125
127	5233	7.125
127	592	7.125
127	139	7.09375
127	3104	7.09375
127	3312	7.09375
127	364	7.09375
127	3742	7.09375
127	4043	7.09375
127	4789	7.09375
127	531	7.09375
127	591	7.09375
127	122	7.0625
127	2020	7.0625
127	4122	7.0625
127	4581	7.0625
127	4651	7.0625
127	4818	7.0625
127	5038	7.0625
127	117	7.03125
127	224	7.03125
127	3413	7.03125
127	3670	7.03125
127	4094	7.03125
127	4188	7.03125
127	4535	7.03125
127	691	7.03125
127	133	7
127	2762	7
127	2859	7
127	3122	7
127	3679	7
127	3867	7
127	3876	7
128	3369	17.125
128	2969	15.3125
128	3661	15.3125
128	2786	15.25
128	3662	15.25
128	1100	15.1875
128	1489	15.1875
128	1106	15.125
128	3663	15.125
128	3575	15.0625
128	1102	15
128	1110	15
128	4136	15
128	2742	14.9375
128	3357	14.9375
128	1098	14.875
128	2958	14.875
128	3365	14.875
128	3590	14.875
128	1096	14.8125
128	1478	14.8125
128	3572	14.8125
128	3659	14.8125
128	3272	14.75
128	3604	14.75
128	1111	14.6875
128	2679	14.6875
128	3598	14.6875
128	4402	14.6875
128	5214	14.6875
128	1965	14.625
128	3581	14.625
128	1484	14.5625
128	2601	14.5625
128	2770	14.5625
128	3556	14.5625
128	3658	14.5625
128	3837	14.5625
128	4140	14.5625
128	1104	14.5
128	1495	14.5
128	3344	14.5
128	3393	14.5
128	3569	14.5
128	3578	14.5
128	3660	14.5
128	4139	14.5
128	4198	14.5
128	5108	14.5
128	1491	14.4375
128	1928	14.4375
128	2050	14.4375
128	2055	14.4375
128	2565	14.4375
128	2572	14.4375
128	3442	14.4375
128	3445	14.4375
128	3626	14.4375
128	4329	14.4375
128	4393	14.4375
128	4837	14.4375
128	5215	14.4375
128	1103	14.375
128	1107	14.375
128	1492	14.375
128	1859	14.375
128	2063	14.375
128	2835	14.375
128	3071	14.375
128	3558	14.375
128	3673	14.375
128	4848	14.375
128	5019	14.375
128	5213	14.375
128	1479	14.3125
128	1650	14.3125
128	2592	14.3125
128	3651	14.3125
128	3678	14.3125
128	3721	14.3125
128	4453	14.3125
128	4853	14.3125
128	5098	14.3125
128	5113	14.3125
128	1921	14.25
128	1926	14.25
128	2573	14.25
128	2579	14.25
128	3560	14.25
128	3586	14.25
128	3601	14.25
128	3625	14.25
128	3718	14.25
128	3888	14.25
128	4298	14.25
128	4424	14.25
128	4428	14.25
128	4847	14.25
128	5015	14.25
128	1368	14.1875
129	4661	18.875
129	5225	18.75
129	3616	18.5
129	3619	18.375
129	3615	18.125
129	5238	18.125
129	2769	18
129	3564	18
129	2759	17.875
129	3613	17.875
129	3614	17.75
129	3618	17.75
129	4814	17.75
129	5010	17.75
129	5227	17.75
129	4640	17.625
129	4663	17.625
129	4809	17.625
129	5206	17.625
129	5232	17.625
129	576	17.625
129	3544	17.5
129	3628	17.5
129	5003	17.5
129	5220	17.5
129	5223	17.5
129	2727	17.375
129	2822	17.375
129	3679	17.375
129	596	17.375
129	2745	17.25
129	2780	17.25
129	306	17.25
129	338	17.25
129	3588	17.25
129	3617	17.25
129	3680	17.25
129	548	17.25
129	636	17.25
129	1384	17.125
129	2731	17.125
129	2773	17.125
129	3425	17.125
129	3493	17.125
129	3581	17.125
129	4850	17.125
129	4895	17.125
129	5062	17.125
129	5090	17.125
129	5224	17.125
129	5231	17.125
129	562	17.125
129	2734	17
129	2742	17
129	2791	17
129	2802	17
129	3547	17
129	3668	17
129	3672	17
129	428	17
129	4415	17
129	4417	17
129	4488	17
129	4513	17
129	5208	17
129	600	17
129	641	17
129	1909	16.875
129	2710	16.875
129	2764	16.875
129	3004	16.875
129	314	16.875
129	3622	16.875
129	4130	16.875
129	4538	16.875
129	4863	16.875
129	5072	16.875
129	5157	16.875
129	5209	16.875
129	560	16.875
129	598	16.875
129	599	16.875
129	2567	16.75
129	2735	16.75
129	2746	16.75
129	2786	16.75
129	2790	16.75
129	2792	16.75
129	2881	16.75
129	3540	16.75
129	4114	16.75
129	4123	16.75
129	4394	16.75
129	4473	16.75
129	4553	16.75
129	4924	16.75
129	4950	16.75
129	642	16.75
129	716	16.75
129	2704	16.625
130	2977	26.875
130	3262	26.75
130	3458	26.75
130	2832	26.5
130	2979	26
130	5062	26
130	2757	25.875
130	3588	25.875
130	2769	25.75
130	2858	25.625
130	2894	25.625
130	2973	25.625
130	3614	25.625
130	5207	25.625
130	2835	25.5
130	2970	25.5
130	4809	25.5
130	5010	25.5
130	2792	25.375
130	2823	25.375
130	3083	25.375
130	3219	25.375
130	4931	25.375
130	5011	25.375
130	2834	25.25
130	2925	25.25
130	2968	25.25
130	2974	25.25
130	2975	25.25
130	2978	25.25
130	3596	25.25
130	4823	25.25
130	4847	25.25
130	5052	25.25
130	2881	25.125
130	2976	25.125
130	3269	25.125
130	3331	25.125
130	3364	25.125
130	3457	25.125
130	3668	25.125
130	4822	25.125
130	2735	25
130	3020	25
130	3057	25
130	5206	25
130	2839	24.875
130	3309	24.875
130	3431	24.875
130	3820	24.875
130	5051	24.875
130	66	24.875
130	2706	24.75
130	2791	24.75
130	2836	24.75
130	2872	24.75
130	2880	24.75
130	3017	24.75
130	3169	24.75
130	3175	24.75
130	3180	24.75
130	3185	24.75
130	3369	24.75
130	3425	24.75
130	4810	24.75
130	4812	24.75
130	5172	24.75
130	2708	24.625
130	2770	24.625
130	2873	24.625
130	2959	24.625
130	3019	24.625
130	3024	24.625
130	3218	24.625
130	3341	24.625
130	3368	24.625
130	3432	24.625
130	3621	24.625
130	4713	24.625
130	4938	24.625
130	2765	24.5
130	2773	24.5
130	2775	24.5
130	2828	24.5
130	2939	24.5
130	3001	24.5
130	3456	24.5
130	3570	24.5
130	3587	24.5
130	4935	24.5
130	4948	24.5
130	4977	24.5
130	5112	24.5
130	552	24.5
130	2728	24.375
130	2842	24.375
130	2909	24.375
130	2980	24.375
130	3002	24.375
130	3009	24.375
131	3206	28
131	3493	27.875
131	3244	27.75
131	3393	27.75
131	3020	27.625
131	3494	27.5
131	4791	27.5
131	3266	27.25
131	3305	27.25
131	3245	27.125
131	4794	27
131	4797	27
131	5049	27
131	3156	26.875
131	3185	26.875
131	3222	26.875
131	3270	26.875
131	3339	26.875
131	4792	26.875
131	3184	26.75
131	4796	26.75
131	4951	26.75
131	3357	26.625
131	3487	26.625
131	4829	26.625
131	2832	26.5
131	2835	26.5
131	3000	26.5
131	3186	26.5
131	3356	26.5
131	3368	26.5
131	4761	26.5
131	3194	26.375
131	3267	26.375
131	3328	26.375
131	3341	26.375
131	3354	26.375
131	4793	26.375
131	2757	26.25
131	2834	26.25
131	3199	26.25
131	3264	26.25
131	3327	26.25
131	3352	26.25
131	5094	26.25
131	5095	26.25
131	2836	26.125
131	3167	26.125
131	3201	26.125
131	3265	26.125
131	3269	26.125
131	3279	26.125
131	3333	26.125
131	3362	26.125
131	3442	26.125
131	4806	26.125
131	5050	26.125
131	2742	26
131	2977	26
131	2999	26
131	3017	26
131	3166	26
131	3190	26
131	3191	26
131	3197	26
131	3202	26
131	3205	26
131	3255	26
131	3268	26
131	3431	26
131	5015	26
131	2741	25.875
131	3198	25.875
131	3225	25.875
131	3252	25.875
131	3259	25.875
131	3331	25.875
131	4812	25.875
131	5045	25.875
131	2980	25.75
131	3193	25.75
131	3276	25.75
131	3457	25.75
131	3465	25.75
131	4847	25.75
131	4860	25.75
131	5016	25.75
131	5103	25.75
131	5179	25.75
131	2833	25.625
131	2892	25.625
131	3009	25.625
131	3256	25.625
131	3309	25.625
131	4846	25.625
131	2747	25.5
131	2748	25.5
131	2770	25.5
131	3200	25.5
131	3219	25.5
132	3542	17.375
132	4495	17.375
132	2750	17.25
132	4809	17.25
132	3540	17.125
132	2769	17
132	3740	17
132	3221	16.875
132	3518	16.875
132	3709	16.875
132	2781	16.75
132	2787	16.75
132	2788	16.75
132	3002	16.75
132	3543	16.75
132	4457	16.75
132	2741	16.625
132	3227	16.625
132	3680	16.625
132	3741	16.625
132	2759	16.5
132	2881	16.5
132	3157	16.5
132	3208	16.5
132	4496	16.5
132	4531	16.5
132	4940	16.5
132	2709	16.375
132	2748	16.375
132	2822	16.375
132	3244	16.375
132	3698	16.375
132	4181	16.375
132	4394	16.375
132	4833	16.375
132	2738	16.25
132	2758	16.25
132	2760	16.25
132	2780	16.25
132	2789	16.25
132	2993	16.25
132	3003	16.25
132	3004	16.25
132	3102	16.25
132	3213	16.25
132	3320	16.25
132	3735	16.25
132	4285	16.25
132	4432	16.25
132	4785	16.25
132	5171	16.25
132	5206	16.25
132	2770	16.125
132	2794	16.125
132	2826	16.125
132	3232	16.125
132	3575	16.125
132	3668	16.125
132	3672	16.125
132	3704	16.125
132	3734	16.125
132	4277	16.125
132	5010	16.125
132	5019	16.125
132	667	16.125
132	2823	16
132	3224	16
132	3455	16
132	3541	16
132	3687	16
132	4467	16
132	4519	16
132	5062	16
132	5148	16
132	5212	16
132	5217	16
132	716	16
132	2742	15.9375
132	2757	15.9375
132	2802	15.9375
132	3222	15.9375
132	3250	15.9375
132	3493	15.9375
132	3538	15.9375
132	3590	15.9375
132	3679	15.9375
132	4175	15.9375
132	4365	15.9375
132	4366	15.9375
132	4373	15.9375
132	4506	15.9375
132	4791	15.9375
132	2824	15.875
132	2977	15.875
132	3212	15.875
132	3219	15.875
132	3564	15.875
132	3605	15.875
132	4157	15.875
132	4300	15.875
133	2239	18.125
133	2240	16.5
133	1264	15.9375
133	2207	15.875
133	1432	15.8125
133	2196	15.625
133	1262	15.0625
133	2167	14.9375
133	2168	14.8125
133	2237	14.8125
133	1260	14.6875
133	2160	14.625
133	2238	14.5
133	1635	14.3125
133	2141	14.3125
133	1266	14.25
133	2161	14.25
133	2171	14.25
133	2206	14.25
133	1265	14.1875
133	1281	14.1875
133	1517	14.1875
133	2159	14.1875
133	1267	14.125
133	1636	14.125
133	1638	14.125
133	2158	14.125
133	1843	14.0625
133	1887	14.0625
133	2169	14.0625
133	2202	14.0625
133	1637	14
133	1709	14
133	1200	13.9375
133	1222	13.9375
133	1677	13.9375
133	2216	13.9375
133	1596	13.875
133	1679	13.875
133	2166	13.875
133	1399	13.8125
133	1594	13.8125
133	1634	13.8125
133	1758	13.8125
133	3935	13.8125
133	1261	13.75
133	1770	13.75
133	2129	13.75
133	2236	13.75
133	1132	13.6875
133	1215	13.6875
133	1272	13.6875
133	1344	13.6875
133	1409	13.6875
133	1768	13.6875
133	1798	13.6875
133	2163	13.6875
133	3484	13.6875
133	1082	13.625
133	1256	13.625
133	1312	13.625
133	1598	13.625
133	1680	13.625
133	1682	13.625
133	1704	13.625
133	1773	13.625
133	2033	13.625
133	2146	13.625
133	2235	13.625
133	1258	13.5625
133	1763	13.5625
133	1771	13.5625
133	2204	13.5625
133	1125	13.5
133	1273	13.5
133	1597	13.5
133	1743	13.5
133	1895	13.5
133	2157	13.5
133	2170	13.5
133	3336	13.5
133	1131	13.4375
133	1268	13.4375
133	1292	13.4375
133	1665	13.4375
133	1707	13.4375
133	2133	13.4375
133	2134	13.4375
133	2153	13.4375
133	2789	13.4375
133	3339	13.4375
133	3930	13.4375
133	767	13.4375
133	1174	13.375
133	1224	13.375
133	1305	13.375
133	1543	13.375
133	1647	13.375
133	2619	13.375
133	3796	13.375
134	4138	15.875
134	4131	15.5
134	4548	15.5
134	4136	15.0625
134	4132	14.9375
134	1912	14.75
134	4135	14.6875
134	4533	14.625
134	4229	14.5625
134	4133	14.5
134	4116	14.25
134	4528	14.1875
134	4557	14.125
134	4129	14.0625
134	4134	14.0625
134	4228	14.0625
134	4534	14.0625
134	1894	14
134	4111	13.9375
134	4130	13.8125
134	1835	13.75
134	4121	13.75
134	4532	13.6875
134	1691	13.625
134	4106	13.625
134	4991	13.625
134	4326	13.5625
134	4473	13.5625
134	5027	13.5625
134	4109	13.5
134	1086	13.4375
134	4019	13.4375
134	759	13.4375
134	1870	13.375
134	3836	13.375
134	4139	13.3125
134	4527	13.3125
134	763	13.3125
134	4105	13.25
134	4108	13.25
134	4221	13.25
134	4400	13.25
134	4117	13.1875
134	4123	13.1875
134	4535	13.1875
134	3100	13.125
134	4113	13.125
134	4211	13.125
134	742	13.125
134	1242	13.0625
134	3830	13.0625
134	4469	13.0625
134	784	13.0625
134	4119	13
134	4524	13
134	4583	13
134	1202	12.9375
134	4120	12.9375
134	4124	12.9375
134	4365	12.9375
134	4471	12.9375
134	4472	12.9375
134	5024	12.9375
134	1261	12.875
134	1280	12.875
134	2870	12.875
134	4118	12.875
134	4128	12.875
134	4362	12.875
134	4537	12.875
134	896	12.875
134	4114	12.8125
134	4213	12.8125
134	4451	12.8125
134	4462	12.8125
134	4992	12.8125
134	1253	12.75
134	1282	12.75
134	2843	12.6875
134	3036	12.6875
134	3109	12.6875
134	3734	12.6875
134	4140	12.6875
134	801	12.6875
134	2107	12.625
134	2254	12.625
134	2926	12.625
134	2937	12.625
134	4220	12.625
134	4222	12.625
134	4360	12.625
134	4399	12.625
134	5019	12.625
134	2911	12.5625
134	3320	12.5625
134	3886	12.5625
134	4372	12.5625
134	5012	12.5625
134	5117	12.5625
134	2124	12.5
135	177	15
135	52	14.9375
135	262	14.75
135	60	14.3125
135	66	14.125
135	1898	13.75
135	222	13.6875
135	164	13.625
135	44	13.625
135	1363	13.5625
135	175	13.5625
135	1310	13.4375
135	163	13.375
135	214	13.375
135	234	13.375
135	2686	13.375
135	229	13.3125
135	251	13.3125
135	2825	13.3125
135	1298	13.25
135	189	13.1875
135	191	13.1875
135	548	13.1875
135	250	13.125
135	579	13.125
135	18	13.0625
135	216	13.0625
135	223	13.0625
135	2567	13.0625
135	360	13.0625
135	99	13.0625
135	1101	13
135	2735	13
135	4237	13
135	655	13
135	716	13
135	176	12.9375
135	2551	12.9375
135	2634	12.9375
135	2641	12.9375
135	5157	12.9375
135	617	12.9375
135	192	12.875
135	218	12.875
135	2420	12.875
135	2643	12.875
135	826	12.875
135	172	12.8125
135	2200	12.8125
135	235	12.8125
135	2543	12.8125
135	2772	12.8125
135	4622	12.8125
135	571	12.8125
135	1318	12.75
135	161	12.75
135	190	12.75
135	2261	12.75
135	2414	12.75
135	2734	12.75
135	3789	12.75
135	4938	12.75
135	564	12.75
135	595	12.75
135	625	12.75
135	727	12.75
135	2323	12.6875
135	5062	12.6875
135	5072	12.6875
135	598	12.6875
135	656	12.6875
135	1132	12.625
135	1290	12.625
135	1362	12.625
135	1510	12.625
135	1756	12.625
135	187	12.625
135	2653	12.625
135	2767	12.625
135	3621	12.625
135	4626	12.625
135	4631	12.625
135	576	12.625
135	1126	12.5625
135	1241	12.5625
135	1687	12.5625
135	210	12.5625
135	221	12.5625
135	2353	12.5625
135	4766	12.5625
135	5155	12.5625
135	5163	12.5625
135	542	12.5625
135	570	12.5625
135	1699	12.5
135	2244	12.5
135	2326	12.5
135	2514	12.5
135	3240	12.5
135	3805	12.5
136	590	27
136	619	25.75
136	624	25.75
136	575	25.625
136	576	25.5
136	595	25.5
136	648	25.5
136	599	25.25
136	13	25.125
136	650	25.125
136	531	25
136	588	24.875
136	2634	24.75
136	551	24.75
136	608	24.75
136	609	24.75
136	2642	24.625
136	5164	24.625
136	559	24.625
136	552	24.5
136	641	24.5
136	2705	24.375
136	284	24.375
136	5155	24.375
136	593	24.375
136	617	24.375
136	623	24.375
136	625	24.375
136	2652	24.25
136	2665	24.25
136	413	24.25
136	5159	24.25
136	606	24.25
136	643	24.25
136	645	24.25
136	2644	24.125
136	560	24.125
136	642	24.125
136	2637	24
136	2641	24
136	2643	24
136	2685	24
136	2686	24
136	2706	24
136	279	24
136	393	24
136	580	24
136	647	24
136	172	23.875
136	2567	23.875
136	2635	23.875
136	290	23.875
136	432	23.875
136	4930	23.875
136	562	23.875
136	585	23.875
136	605	23.875
136	620	23.875
136	628	23.875
136	2667	23.75
136	2668	23.75
136	2693	23.75
136	2802	23.75
136	354	23.75
136	412	23.75
136	474	23.75
136	5157	23.75
136	601	23.75
136	2504	23.625
136	2543	23.625
136	281	23.625
136	355	23.625
136	390	23.625
136	409	23.625
136	456	23.625
136	4931	23.625
136	5007	23.625
136	5158	23.625
136	5201	23.625
136	573	23.625
136	589	23.625
136	594	23.625
136	610	23.625
136	2510	23.5
136	2666	23.5
136	2765	23.5
136	2803	23.5
136	299	23.5
136	336	23.5
136	401	23.5
136	433	23.5
136	455	23.5
136	553	23.5
136	600	23.5
136	616	23.5
136	627	23.5
136	867	23.5
136	17	23.375
136	175	23.375
136	2503	23.375
137	3525	16.875
137	3651	15.125
137	3656	15.125
137	3654	15
137	3661	14.875
137	3565	14.8125
137	2142	14.75
137	3536	14.6875
137	747	14.6875
137	3663	14.625
137	3568	14.5625
137	1825	14.4375
137	3582	14.4375
137	3528	14.375
137	3579	14.375
137	3662	14.375
137	3529	14.3125
137	3735	14.3125
137	870	14.3125
137	2542	14.25
137	3266	14.25
137	3526	14.25
137	3527	14.25
137	3564	14.25
137	3567	14.25
137	3657	14.25
137	3331	14.1875
137	3537	14.1875
137	3649	14.1875
137	3650	14.1875
137	3653	14.1875
137	4496	14.1875
137	4782	14.1875
137	5162	14.1875
137	5173	14.1875
137	2835	14.125
137	3029	14.125
137	3472	14.125
137	3550	14.125
137	4977	14.125
137	2889	14.0625
137	3415	14.0625
137	4825	14.0625
137	1205	14
137	2015	14
137	3560	14
137	3573	14
137	3658	14
137	3866	14
137	5054	14
137	1451	13.9375
137	1475	13.9375
137	3000	13.9375
137	3083	13.9375
137	3149	13.9375
137	3185	13.9375
137	3586	13.9375
137	3652	13.9375
137	3664	13.9375
137	5049	13.9375
137	909	13.9375
137	2841	13.875
137	3575	13.875
137	3732	13.875
137	4772	13.875
137	4780	13.875
137	4833	13.875
137	2884	13.8125
137	2977	13.8125
137	3034	13.8125
137	3227	13.8125
137	3247	13.8125
137	3299	13.8125
137	3365	13.8125
137	3474	13.8125
137	3541	13.8125
137	3542	13.8125
137	3702	13.8125
137	5212	13.8125
137	1472	13.75
137	1816	13.75
137	2682	13.75
137	3038	13.75
137	3409	13.75
137	3551	13.75
137	3660	13.75
137	3697	13.75
137	5214	13.75
137	5215	13.75
137	893	13.75
137	1204	13.6875
137	1450	13.6875
137	2692	13.6875
137	2969	13.6875
137	3211	13.6875
137	3224	13.6875
137	3445	13.6875
137	3603	13.6875
137	3736	13.6875
137	1848	13.625
138	5221	19.375
138	3619	19.125
138	4681	18.875
138	5234	18.875
138	5235	18.875
138	5238	18.625
138	5236	18.5
138	5240	18.5
138	4751	18.375
138	5225	18.25
138	2528	18.125
138	5120	18.125
138	5228	18.125
138	5229	18.125
138	4749	18
138	5232	18
138	4685	17.875
138	608	17.75
138	3620	17.625
138	4665	17.625
138	4879	17.625
138	4920	17.625
138	5237	17.625
138	597	17.625
138	3318	17.5
138	4883	17.5
138	4953	17.5
138	5227	17.5
138	5233	17.5
138	4874	17.375
138	4925	17.375
138	5111	17.375
138	5117	17.375
138	5172	17.375
138	5231	17.375
138	3384	17.25
138	3616	17.25
138	4957	17.25
138	5100	17.25
138	5132	17.25
138	5147	17.25
138	5205	17.25
138	5220	17.25
138	607	17.25
138	1301	17.125
138	2644	17.125
138	4692	17.125
138	4711	17.125
138	4747	17.125
138	4863	17.125
138	4922	17.125
138	4931	17.125
138	4936	17.125
138	5113	17.125
138	5141	17.125
138	19	17
138	2867	17
138	3639	17
138	4474	17
138	4669	17
138	4720	17
138	4731	17
138	5032	17
138	5038	17
138	5146	17
138	5223	17
138	5239	17
138	1710	16.875
138	253	16.875
138	4641	16.875
138	4649	16.875
138	4923	16.875
138	507	16.875
138	5097	16.875
138	5145	16.875
138	5193	16.875
138	5207	16.875
138	5230	16.875
138	596	16.875
138	2759	16.75
138	3216	16.75
138	383	16.75
138	4661	16.75
138	4663	16.75
138	4664	16.75
138	4672	16.75
138	4703	16.75
138	4705	16.75
138	5052	16.75
138	5098	16.75
138	5112	16.75
138	5119	16.75
138	5122	16.75
138	5125	16.75
138	5127	16.75
138	5131	16.75
138	5195	16.75
138	5219	16.75
138	5224	16.75
138	870	16.75
139	2944	12.0625
139	5153	12.0625
139	2773	11.9375
139	2031	11.875
139	1301	11.8125
139	220	11.8125
139	1134	11.75
139	1306	11.75
139	1730	11.75
139	2483	11.75
139	2561	11.75
139	1280	11.6875
139	1734	11.6875
139	2549	11.6875
139	3036	11.6875
139	3059	11.6875
139	3088	11.6875
139	4163	11.6875
139	4961	11.6875
139	4966	11.6875
139	5155	11.6875
139	592	11.6875
139	635	11.6875
139	1260	11.625
139	1273	11.625
139	1284	11.625
139	134	11.625
139	1356	11.625
139	1367	11.625
139	1369	11.625
139	1720	11.625
139	1737	11.625
139	2062	11.625
139	2175	11.625
139	2442	11.625
139	2469	11.625
139	2533	11.625
139	2749	11.625
139	2775	11.625
139	3071	11.625
139	405	11.625
139	4212	11.625
139	5174	11.625
139	5175	11.625
139	5203	11.625
139	630	11.625
139	634	11.625
139	1075	11.5625
139	1202	11.5625
139	1281	11.5625
139	1297	11.5625
139	1304	11.5625
139	1371	11.5625
139	1376	11.5625
139	1663	11.5625
139	2078	11.5625
139	2511	11.5625
139	2542	11.5625
139	2568	11.5625
139	2774	11.5625
139	2947	11.5625
139	2984	11.5625
139	3051	11.5625
139	3058	11.5625
139	4208	11.5625
139	4218	11.5625
139	4938	11.5625
139	4976	11.5625
139	5172	11.5625
139	5209	11.5625
139	543	11.5625
139	612	11.5625
139	751	11.5625
139	759	11.5625
139	889	11.5625
139	1276	11.5
139	1298	11.5
139	1322	11.5
139	1342	11.5
139	1349	11.5
139	1410	11.5
139	1491	11.5
139	1538	11.5
139	1714	11.5
139	1723	11.5
139	1735	11.5
139	1753	11.5
139	1954	11.5
139	1964	11.5
139	2064	11.5
139	2131	11.5
139	225	11.5
139	2255	11.5
139	237	11.5
139	2551	11.5
139	2688	11.5
139	2692	11.5
139	27	11.5
139	2942	11.5
139	2945	11.5
140	4853	25.125
140	3547	22.625
140	4038	22.625
140	4852	22.625
140	4854	22.625
140	2960	22.25
140	3590	21.875
140	2560	21.75
140	3818	21.75
140	66	21.75
140	3583	21.625
140	3789	21.625
140	3959	21.625
140	4521	21.5
140	2634	21.375
140	4071	21.375
140	2559	21.25
140	3578	21.25
140	3795	21.25
140	3882	21.25
140	562	21.25
140	2461	21.125
140	2682	21.125
140	2757	21.125
140	3584	21.125
140	3802	21.125
140	3820	21.125
140	4532	21.125
140	4833	21.125
140	5160	21.125
140	5214	21.125
140	2458	21
140	2708	21
140	3423	21
140	3570	21
140	3857	21
140	3913	21
140	5159	21
140	1285	20.875
140	176	20.875
140	2569	20.875
140	2678	20.875
140	2942	20.875
140	2976	20.875
140	3215	20.875
140	3312	20.875
140	3595	20.875
140	4522	20.875
140	165	20.75
140	1789	20.75
140	1894	20.75
140	1957	20.75
140	229	20.75
140	2513	20.75
140	2666	20.75
140	2830	20.75
140	3064	20.75
140	3586	20.75
140	3624	20.75
140	3804	20.75
140	4023	20.75
140	4068	20.75
140	4083	20.75
140	4086	20.75
140	4817	20.75
140	5171	20.75
140	1835	20.625
140	2003	20.625
140	2374	20.625
140	2555	20.625
140	2558	20.625
140	3681	20.625
140	3797	20.625
140	3800	20.625
140	3803	20.625
140	618	20.625
140	704	20.625
140	870	20.625
140	1106	20.5
140	1126	20.5
140	1343	20.5
140	247	20.5
140	2570	20.5
140	2791	20.5
140	2871	20.5
140	2941	20.5
140	3314	20.5
140	3319	20.5
140	3581	20.5
140	3614	20.5
140	3673	20.5
140	3948	20.5
140	4069	20.5
140	4082	20.5
140	4115	20.5
140	4221	20.5
140	4426	20.5
140	4623	20.5
140	4785	20.5
140	5195	20.5
141	301	26.125
141	1101	25.75
141	360	25.75
141	4248	25.75
141	1363	25.5
141	3349	25.5
141	2735	25.25
141	369	25.25
141	727	25.25
141	2736	25
141	3633	24.875
141	4237	24.875
141	1090	24.75
141	450	24.625
141	5062	24.625
141	860	24.625
141	2258	24.5
141	3832	24.5
141	2350	24.375
141	2372	24.375
141	2298	24.25
141	4623	24.25
141	466	24.25
141	4850	24.25
141	2600	24.125
141	2905	24.125
141	4713	24.125
141	2351	24
141	3337	24
141	2389	23.875
141	4759	23.875
141	542	23.875
141	1138	23.75
141	2349	23.75
141	300	23.75
141	338	23.75
141	4640	23.75
141	1289	23.625
141	2373	23.625
141	3621	23.625
141	3821	23.625
141	44	23.625
141	612	23.625
141	658	23.625
141	2244	23.5
141	2384	23.5
141	428	23.5
141	636	23.5
141	646	23.5
141	871	23.5
141	4624	23.375
141	4924	23.375
141	558	23.375
141	667	23.375
141	675	23.375
141	1384	23.25
141	2187	23.25
141	2386	23.25
141	3588	23.25
141	4628	23.25
141	5219	23.25
141	565	23.25
141	657	23.25
141	1094	23.125
141	1290	23.125
141	1412	23.125
141	1454	23.125
141	2243	23.125
141	2390	23.125
141	2391	23.125
141	2589	23.125
141	4626	23.125
141	4724	23.125
141	531	23.125
141	837	23.125
141	1183	23
141	1241	23
141	2165	23
141	2301	23
141	2338	23
141	2374	23
141	2418	23
141	439	23
141	520	23
141	5220	23
141	548	23
141	561	23
141	849	23
141	1119	22.875
141	1182	22.875
141	2262	22.875
141	2307	22.875
141	2381	22.875
141	3619	22.875
141	4184	22.875
141	4314	22.875
141	4664	22.875
141	1010	22.75
141	1133	22.75
141	1325	22.75
142	250	22
142	234	21.5
142	186	21.25
142	192	21.125
142	233	21
142	4626	21
142	4947	20.875
142	4935	20.75
142	246	20.625
142	254	20.625
142	4938	20.5
142	235	20.375
142	4885	20.375
142	2735	20.25
142	1090	20.125
142	132	20.125
142	3821	20.125
142	182	20
142	4930	20
142	210	19.875
142	2567	19.875
142	2883	19.875
142	5185	19.875
142	228	19.75
142	229	19.75
142	2326	19.75
142	564	19.75
142	826	19.75
142	44	19.625
142	5051	19.625
142	5166	19.625
142	4627	19.5
142	4924	19.5
142	2543	19.375
142	5140	19.375
142	3450	19.25
142	3621	19.25
142	4785	19.25
142	4925	19.25
142	4926	19.25
142	55	19.25
142	66	19.25
142	1320	19.125
142	2685	19.125
142	2686	19.125
142	4994	19.125
142	5084	19.125
142	1323	19
142	2301	19
142	2343	19
142	2872	19
142	49	19
142	4948	19
142	836	19
142	160	18.875
142	189	18.875
142	193	18.875
142	2260	18.875
142	2589	18.875
142	2634	18.875
142	2643	18.875
142	2764	18.875
142	3337	18.875
142	5187	18.875
142	667	18.875
142	716	18.875
142	1318	18.75
142	213	18.75
142	2298	18.75
142	2444	18.75
142	2659	18.75
142	3243	18.75
142	3588	18.75
142	4622	18.75
142	4850	18.75
142	5062	18.75
142	548	18.75
142	655	18.75
142	1362	18.625
142	1363	18.625
142	161	18.625
142	171	18.625
142	214	18.625
142	217	18.625
142	218	18.625
142	2306	18.625
142	2641	18.625
142	2710	18.625
142	4936	18.625
142	4941	18.625
142	4961	18.625
142	5007	18.625
142	5148	18.625
142	5154	18.625
142	837	18.625
142	872	18.625
142	164	18.5
142	191	18.5
142	2373	18.5
142	2503	18.5
143	2325	18.625
143	2634	17.5
143	3342	17.5
143	3452	17.5
143	3621	17.25
143	2322	17
143	3484	17
143	5149	17
143	2643	16.875
143	3384	16.875
143	3487	16.875
143	3821	16.875
143	651	16.875
143	1415	16.75
143	1132	16.625
143	1998	16.625
143	2641	16.625
143	3315	16.625
143	1776	16.5
143	2685	16.5
143	2872	16.5
143	3243	16.5
143	3329	16.5
143	3492	16.5
143	4626	16.5
143	5107	16.5
143	596	16.5
143	2645	16.375
143	2883	16.375
143	3174	16.375
143	3180	16.375
143	3330	16.375
143	3450	16.375
143	3486	16.375
143	4767	16.375
143	4775	16.375
143	1401	16.25
143	17	16.25
143	1732	16.25
143	2243	16.25
143	2307	16.25
143	2326	16.25
143	2498	16.25
143	5168	16.25
143	1423	16.125
143	2020	16.125
143	210	16.125
143	2261	16.125
143	2504	16.125
143	2686	16.125
143	3454	16.125
143	993	16.125
143	1612	16
143	2009	16
143	2420	16
143	3462	16
143	836	16
143	1532	15.9375
143	2340	15.9375
143	2894	15.9375
143	2916	15.9375
143	4627	15.9375
143	642	15.9375
143	667	15.9375
143	1213	15.875
143	1364	15.875
143	1927	15.875
143	1943	15.875
143	2148	15.875
143	2343	15.875
143	3337	15.875
143	3340	15.875
143	4664	15.875
143	632	15.875
143	1176	15.8125
143	1843	15.8125
143	2543	15.8125
143	2644	15.8125
143	3167	15.8125
143	3941	15.8125
143	647	15.8125
143	1126	15.75
143	1499	15.75
143	192	15.75
143	2195	15.75
143	2324	15.75
143	250	15.75
143	2880	15.75
143	3343	15.75
143	3483	15.75
143	4791	15.75
143	624	15.75
143	1090	15.6875
143	1101	15.6875
143	1170	15.6875
143	1422	15.6875
143	2306	15.6875
143	2505	15.6875
143	2638	15.6875
143	4702	15.6875
144	4068	18.25
144	4036	18.125
144	3749	18
144	3921	17.75
144	3932	17.625
144	4047	17.375
144	4063	17.375
144	4070	17.375
144	4064	17.125
144	3943	17
144	3965	17
144	4085	17
144	4066	16.875
144	3479	16.75
144	3498	16.75
144	3904	16.625
144	4057	16.625
144	4784	16.625
144	5066	16.625
144	3754	16.5
144	4058	16.5
144	4059	16.5
144	4782	16.5
144	3061	16.375
144	3475	16.375
144	3854	16.375
144	3292	16.25
144	4067	16.25
144	4073	16.25
144	4082	16.25
144	4769	16.25
144	3744	16.125
144	3756	16.125
144	3149	16
144	3378	16
144	4071	15.9375
144	4075	15.9375
144	4083	15.9375
144	4065	15.875
144	3310	15.75
144	4081	15.75
144	3785	15.6875
144	4019	15.6875
144	4087	15.6875
144	3799	15.625
144	3902	15.625
144	4072	15.625
144	4078	15.625
144	3443	15.5
144	4076	15.5
144	3138	15.4375
144	3167	15.4375
144	4061	15.4375
144	4079	15.4375
144	2886	15.375
144	3757	15.375
144	3399	15.3125
144	2908	15.25
144	3901	15.25
144	4084	15.25
144	3033	15.1875
144	3290	15.1875
144	3301	15.1875
144	3945	15.1875
144	3729	15.125
144	3759	15.125
144	3900	15.125
144	3993	15.125
144	2875	15.0625
144	3162	15.0625
144	3907	15.0625
144	4051	15.0625
144	4074	15.0625
144	4077	15.0625
144	3287	15
144	4086	15
144	3332	14.9375
144	3464	14.9375
144	1019	14.875
144	2980	14.875
144	3098	14.875
144	3192	14.875
144	3750	14.875
144	3905	14.875
144	4831	14.875
144	3288	14.8125
144	3392	14.8125
144	3480	14.8125
144	3761	14.8125
144	3924	14.8125
144	3926	14.8125
144	3961	14.8125
144	4062	14.8125
144	4806	14.8125
144	3119	14.75
144	3356	14.75
144	3395	14.75
144	3815	14.75
144	2839	14.6875
144	2904	14.625
145	2589	18
145	826	18
145	4713	17.75
145	564	17.75
145	2258	17.625
145	4924	17.625
145	716	17.625
145	1363	17.5
145	4237	17.5
145	2735	17.375
145	3588	17.375
145	1009	17
145	2745	17
145	2747	17
145	1010	16.875
145	1454	16.875
145	2567	16.875
145	3621	16.875
145	44	16.875
145	5051	16.875
145	5062	16.875
145	5073	16.875
145	837	16.875
145	2326	16.75
145	3810	16.75
145	4850	16.75
145	531	16.75
145	548	16.75
145	870	16.75
145	2319	16.625
145	2883	16.625
145	3613	16.625
145	5193	16.625
145	560	16.625
145	849	16.625
145	1090	16.5
145	1499	16.5
145	2338	16.5
145	2734	16.5
145	4623	16.5
145	4626	16.5
145	5010	16.5
145	5072	16.5
145	5118	16.5
145	5185	16.5
145	5206	16.5
145	2209	16.375
145	2244	16.375
145	2626	16.375
145	2726	16.375
145	2768	16.375
145	2872	16.375
145	3180	16.375
145	3570	16.375
145	4622	16.375
145	4839	16.375
145	5052	16.375
145	5166	16.375
145	562	16.375
145	565	16.375
145	880	16.375
145	1006	16.25
145	1362	16.25
145	1488	16.25
145	2076	16.25
145	2711	16.25
145	2716	16.25
145	2731	16.25
145	2738	16.25
145	2773	16.25
145	349	16.25
145	360	16.25
145	4640	16.25
145	4702	16.25
145	551	16.25
145	1425	16.125
145	2165	16.125
145	2714	16.125
145	2769	16.125
145	299	16.125
145	3337	16.125
145	3349	16.125
145	3616	16.125
145	3789	16.125
145	3832	16.125
145	4596	16.125
145	5003	16.125
145	5007	16.125
145	5217	16.125
145	928	16.125
145	1101	16
145	1477	16
145	1776	16
145	2191	16
145	2707	16
145	2744	16
145	2805	16
145	3008	16
145	3544	16
145	3564	16
146	5038	19.625
146	5034	19.5
146	5042	19.5
146	5036	19.25
146	5035	19
146	5021	18.75
146	5039	18.75
146	5032	18.5
146	5037	18
146	5030	17.625
146	5041	17.25
146	2792	16.625
146	2974	16.375
146	5027	16.375
146	5028	16.375
146	5141	16.375
146	3564	16.25
146	4751	16.25
146	5025	16.125
146	5172	16.125
146	2976	15.9375
146	3294	15.9375
146	5031	15.9375
146	2836	15.8125
146	4837	15.8125
146	5105	15.8125
146	5174	15.8125
146	5020	15.75
146	5044	15.75
146	2973	15.6875
146	2977	15.6875
146	5011	15.6875
146	3265	15.625
146	3369	15.625
146	5110	15.625
146	2960	15.5625
146	3364	15.5625
146	2940	15.5
146	4749	15.5
146	5124	15.5
146	5132	15.5
146	2978	15.4375
146	3098	15.4375
146	3725	15.4375
146	5015	15.4375
146	2969	15.375
146	3758	15.375
146	4847	15.375
146	5227	15.375
146	2834	15.3125
146	3542	15.3125
146	4704	15.3125
146	4961	15.3125
146	3754	15.25
146	4953	15.25
146	5010	15.25
146	5024	15.25
146	5112	15.25
146	5228	15.25
146	2757	15.1875
146	3431	15.1875
146	3457	15.1875
146	4750	15.1875
146	4820	15.1875
146	4835	15.1875
146	5043	15.1875
146	5164	15.1875
146	5215	15.1875
146	2463	15.125
146	2791	15.125
146	3185	15.125
146	3430	15.125
146	3586	15.125
146	3615	15.125
146	4870	15.125
146	4936	15.125
146	5139	15.125
146	2943	15.0625
146	2968	15.0625
146	2971	15.0625
146	3359	15.0625
146	4822	15.0625
146	5019	15.0625
146	5125	15.0625
146	5127	15.0625
146	5135	15.0625
146	1865	15
146	2835	15
146	2900	15
146	3272	15
146	3350	15
146	3402	15
146	3596	15
146	4829	15
146	4871	15
146	4952	15
146	4960	15
146	5022	15
146	5092	15
146	5214	15
147	4965	23.125
147	5108	23.125
147	306	23
147	4640	23
147	2567	22.875
147	5118	22.75
147	1909	22.625
147	4713	22.5
147	2589	22.375
147	4924	22.375
147	2735	22.25
147	5185	22.25
147	5003	22.125
147	548	22.125
147	596	22.125
147	3621	22
147	5052	22
147	2350	21.875
147	562	21.875
147	338	21.75
147	5167	21.75
147	5206	21.75
147	2634	21.625
147	5072	21.625
147	564	21.625
147	2744	21.5
147	4850	21.5
147	314	21.375
147	164	21.25
147	2443	21.25
147	44	21.25
147	4520	21.25
147	52	21.25
147	1009	21.125
147	3588	21.125
147	3613	21.125
147	4623	21.125
147	5164	21.125
147	5223	21.125
147	602	21.125
147	645	21.125
147	1362	21
147	2338	21
147	3617	21
147	4663	21
147	5166	21
147	5225	21
147	551	21
147	636	21
147	1454	20.875
147	176	20.875
147	2660	20.875
147	3628	20.875
147	4809	20.875
147	5051	20.875
147	5062	20.875
147	5169	20.875
147	5208	20.875
147	576	20.875
147	66	20.875
147	315	20.75
147	3616	20.75
147	4622	20.75
147	4961	20.75
147	5010	20.75
147	5168	20.75
147	5207	20.75
147	5232	20.75
147	614	20.75
147	2444	20.625
147	2455	20.625
147	2716	20.625
147	2753	20.625
147	307	20.625
147	3564	20.625
147	4950	20.625
147	5218	20.625
147	5219	20.625
147	1320	20.5
147	1385	20.5
147	2328	20.5
147	2498	20.5
147	2666	20.5
147	2685	20.5
147	2754	20.5
147	2765	20.5
147	2803	20.5
147	2883	20.5
147	3581	20.5
147	3619	20.5
147	414	20.5
147	4496	20.5
147	4935	20.5
147	5154	20.5
147	5159	20.5
147	5224	20.5
147	579	20.5
147	642	20.5
147	826	20.5
147	1384	20.375
148	4085	23.375
148	4084	22.875
148	4036	21.875
148	4087	21.75
148	3138	21.375
148	4086	21.25
148	3946	21
148	4074	20.875
148	4081	20.875
148	4769	20.75
148	4047	20.625
148	4845	20.375
148	3083	20.25
148	3932	20.25
148	4083	20.25
148	3378	20.125
148	3475	20.125
148	3479	20.125
148	3162	20
148	3873	20
148	3891	20
148	4048	20
148	4063	20
148	2875	19.875
148	3061	19.875
148	3377	19.875
148	3753	19.875
148	4082	19.875
148	2901	19.75
148	3943	19.75
148	3192	19.625
148	3754	19.625
148	3945	19.625
148	2900	19.5
148	3271	19.5
148	3399	19.5
148	3788	19.5
148	3749	19.375
148	4072	19.375
148	4073	19.375
148	5067	19.375
148	3398	19.25
148	3878	19.25
148	3921	19.25
148	4059	19.25
148	4783	19.25
148	2898	19.125
148	4027	19.125
148	4064	19.125
148	4780	19.125
148	4782	19.125
148	2839	19
148	2899	19
148	3038	19
148	3149	19
148	4065	19
148	4078	19
148	4079	19
148	4844	19
148	5066	19
148	2873	18.875
148	3167	18.875
148	3301	18.875
148	3785	18.875
148	3799	18.875
148	4054	18.875
148	4070	18.875
148	4075	18.875
148	4076	18.875
148	4852	18.875
148	5059	18.875
148	3923	18.75
148	4024	18.75
148	4056	18.75
148	4058	18.75
148	4066	18.75
148	4091	18.75
148	2888	18.625
148	2908	18.625
148	3464	18.625
148	3750	18.625
148	3876	18.625
148	3885	18.625
148	3887	18.625
148	4038	18.625
148	4057	18.625
148	4831	18.625
148	1023	18.5
148	2972	18.5
148	3392	18.5
148	3691	18.5
148	3904	18.5
148	3947	18.5
148	3966	18.5
148	4022	18.5
148	4050	18.5
148	4781	18.5
148	3116	18.375
148	3462	18.375
148	3473	18.375
149	4573	19.875
149	4527	19.5
149	4564	19.125
149	4215	18.75
149	4436	18.5
149	4523	18.5
149	4529	18.375
149	4526	18.25
149	4565	18
149	4179	17.75
149	4186	17.75
149	4533	17.75
149	4559	17.75
149	4177	17.625
149	4188	17.625
149	4184	17.375
149	4190	17.375
149	4353	17.375
149	4249	17.25
149	4390	17.25
149	4568	17.25
149	5195	17.25
149	5196	17.25
149	765	17.25
149	3300	17
149	3748	17
149	4178	17
149	4522	17
149	4566	17
149	774	17
149	4567	16.875
149	4605	16.875
149	5102	16.875
149	1272	16.75
149	1312	16.75
149	3824	16.75
149	4183	16.75
149	4572	16.75
149	5199	16.75
149	779	16.75
149	3132	16.625
149	4151	16.625
149	4569	16.625
149	5198	16.625
149	5203	16.625
149	3791	16.5
149	4148	16.5
149	4391	16.5
149	5111	16.5
149	5164	16.5
149	2722	16.375
149	2971	16.375
149	3909	16.375
149	4042	16.375
149	801	16.375
149	2219	16.25
149	2554	16.25
149	3650	16.25
149	3935	16.25
149	4152	16.25
149	4198	16.25
149	4797	16.25
149	4950	16.25
149	682	16.25
149	764	16.25
149	784	16.25
149	2451	16.125
149	2642	16.125
149	2868	16.125
149	3561	16.125
149	3838	16.125
149	4041	16.125
149	4303	16.125
149	4498	16.125
149	4506	16.125
149	4532	16.125
149	4534	16.125
149	5197	16.125
149	5202	16.125
149	783	16.125
149	2175	16
149	2966	16
149	2989	16
149	3763	16
149	4039	16
149	4043	16
149	4310	16
149	4857	16
149	4931	16
149	5178	16
149	5241	16
149	766	16
149	767	16
149	1356	15.9375
149	3746	15.9375
149	3936	15.9375
149	4040	15.9375
149	4166	15.9375
149	4206	15.9375
149	4226	15.9375
150	1278	19.875
150	1279	18.25
150	1036	18.125
150	1260	18
150	1684	17.875
150	1709	17.875
150	1763	17.875
150	1768	17.875
150	755	17.875
150	1266	17.625
150	1766	17.625
150	2151	17.625
150	1220	17.5
150	272	17.5
150	2794	17.375
150	1098	17.25
150	1273	17.25
150	1274	17.25
150	1651	17.25
150	1686	17.25
150	1872	17.25
150	2156	17.25
150	2158	17.25
150	800	17.25
150	1218	17.125
150	1265	17.125
150	1277	17.125
150	1667	17.125
150	1729	17.125
150	1762	17.125
150	4039	17.125
150	4045	17.125
150	758	17.125
150	1023	17
150	1652	17
150	1728	17
150	2976	17
150	3807	17
150	46	17
150	4952	17
150	1217	16.875
150	1222	16.875
150	1373	16.875
150	1376	16.875
150	1683	16.875
150	1699	16.875
150	1738	16.875
150	1865	16.875
150	1921	16.875
150	759	16.875
150	1022	16.75
150	1075	16.75
150	1110	16.75
150	1301	16.75
150	1697	16.75
150	1704	16.75
150	2153	16.75
150	4030	16.75
150	1052	16.625
150	1082	16.625
150	1221	16.625
150	1513	16.625
150	1650	16.625
150	1661	16.625
150	1664	16.625
150	1727	16.625
150	1736	16.625
150	1755	16.625
150	1771	16.625
150	1772	16.625
150	1871	16.625
150	756	16.625
150	1272	16.5
150	1276	16.5
150	1280	16.5
150	1282	16.5
150	1452	16.5
150	1645	16.5
150	1655	16.5
150	1696	16.5
150	1702	16.5
150	1724	16.5
150	1760	16.5
150	1761	16.5
150	1767	16.5
150	3806	16.5
150	4356	16.5
150	802	16.5
150	1095	16.375
150	1244	16.375
150	1258	16.375
150	1283	16.375
150	1356	16.375
150	1646	16.375
150	1660	16.375
150	1670	16.375
150	1700	16.375
150	1703	16.375
150	1734	16.375
150	1773	16.375
151	2023	18.5
151	2016	18.25
151	2017	18.125
151	2018	17.5
151	1994	17
151	3554	16.5
151	3651	16.5
151	1399	16.375
151	2014	16.375
151	4810	16.375
151	1205	16.25
151	2003	16.25
151	3068	16.25
151	3656	16.25
151	5206	16.25
151	1197	16.125
151	2000	16.125
151	2007	16
151	2015	16
151	3542	16
151	3707	16
151	4812	16
151	3562	15.9375
151	2006	15.875
151	3474	15.875
151	3657	15.875
151	5212	15.875
151	3276	15.8125
151	4809	15.8125
151	3320	15.75
151	3615	15.75
151	4801	15.75
151	4822	15.75
151	2864	15.6875
151	3653	15.6875
151	3289	15.625
151	3317	15.625
151	3673	15.625
151	3705	15.625
151	4495	15.625
151	2842	15.5625
151	3489	15.5625
151	3582	15.5625
151	5222	15.5625
151	2019	15.5
151	2142	15.5
151	2887	15.5
151	3071	15.5
151	3281	15.5
151	3583	15.5
151	1196	15.4375
151	1999	15.4375
151	2681	15.4375
151	2830	15.4375
151	2969	15.4375
151	3155	15.4375
151	3313	15.4375
151	3319	15.4375
151	3564	15.4375
151	3602	15.4375
151	3698	15.4375
151	4813	15.4375
151	5173	15.4375
151	3278	15.375
151	3553	15.375
151	3612	15.375
151	3654	15.375
151	4835	15.375
151	5213	15.375
151	1997	15.3125
151	3067	15.3125
151	3528	15.3125
151	3663	15.3125
151	1432	15.25
151	2682	15.25
151	2909	15.25
151	2977	15.25
151	3191	15.25
151	3229	15.25
151	3274	15.25
151	3288	15.25
151	3344	15.25
151	3374	15.25
151	3389	15.25
151	3488	15.25
151	3604	15.25
151	3609	15.25
151	4782	15.25
151	4795	15.25
151	4802	15.25
151	4852	15.25
151	1194	15.1875
151	2972	15.1875
151	3070	15.1875
151	3296	15.1875
151	3331	15.1875
151	3584	15.1875
151	3703	15.1875
151	4768	15.1875
151	4847	15.1875
152	2686	16.25
152	564	16.25
152	2666	16
152	2634	15.875
152	2823	15.875
152	2710	15.6875
152	2667	15.625
152	2398	15.5625
152	849	15.5625
152	2706	15.5
152	214	15.375
152	5140	15.375
152	1010	15.25
152	191	15.25
152	2644	15.25
152	2735	15.25
152	826	15.25
152	2326	15.1875
152	2744	15.1875
152	2793	15.1875
152	602	15.1875
152	848	15.1875
152	2825	15.125
152	636	15.125
152	1009	15.0625
152	2782	15.0625
152	394	15.0625
152	559	15.0625
152	406	15
152	4850	15
152	531	15
152	616	15
152	2743	14.9375
152	3360	14.9375
152	3544	14.9375
152	3621	14.9375
152	641	14.9375
152	66	14.9375
152	2739	14.875
152	595	14.875
152	598	14.875
152	1499	14.8125
152	2804	14.8125
152	560	14.8125
152	565	14.8125
152	596	14.8125
152	1362	14.75
152	1998	14.75
152	2567	14.75
152	2632	14.75
152	44	14.75
152	5051	14.75
152	599	14.75
152	619	14.75
152	627	14.75
152	2637	14.6875
152	2650	14.6875
152	2990	14.6875
152	3002	14.6875
152	3614	14.6875
152	3843	14.6875
152	4201	14.6875
152	4226	14.6875
152	503	14.6875
152	540	14.6875
152	548	14.6875
152	644	14.6875
152	1004	14.625
152	172	14.625
152	3703	14.625
152	4932	14.625
152	5082	14.625
152	656	14.625
152	213	14.5625
152	2502	14.5625
152	2507	14.5625
152	2648	14.5625
152	2685	14.5625
152	2764	14.5625
152	2822	14.5625
152	2872	14.5625
152	307	14.5625
152	3588	14.5625
152	424	14.5625
152	5232	14.5625
152	551	14.5625
152	635	14.5625
152	1479	14.5
152	2633	14.5
152	2716	14.5
152	2769	14.5
152	3619	14.5
152	456	14.5
152	4626	14.5
152	4923	14.5
152	576	14.5
152	1363	14.4375
152	161	14.4375
152	164	14.4375
152	175	14.4375
153	1384	15.0625
153	1385	15
153	1387	14.8125
153	1213	14.75
153	1090	14.5
153	1393	14.5
153	1391	13.9375
153	1389	13.8125
153	3619	13.75
153	1390	13.6875
153	3679	13.5625
153	1101	13.4375
153	1382	13.4375
153	548	13.4375
153	3615	13.375
153	2746	13.3125
153	4473	13.3125
153	1383	13.1875
153	2742	13.1875
153	4474	13.1875
153	1386	13.125
153	2823	13.125
153	4181	13.125
153	1135	13.0625
153	2420	13.0625
153	3614	13.0625
153	1943	13
153	2745	12.875
153	2782	12.875
153	3544	12.875
153	4207	12.875
153	4472	12.875
153	4839	12.875
153	5222	12.875
153	618	12.875
153	2350	12.8125
153	2744	12.8125
153	4581	12.8125
153	5118	12.8125
153	2418	12.75
153	2999	12.75
153	3581	12.75
153	3672	12.75
153	3818	12.75
153	4469	12.75
153	2298	12.6875
153	2717	12.6875
153	2872	12.6875
153	3180	12.6875
153	3616	12.6875
153	5216	12.6875
153	584	12.6875
153	66	12.6875
153	1320	12.625
153	2183	12.625
153	224	12.625
153	3588	12.625
153	4542	12.625
153	4622	12.625
153	5085	12.625
153	2567	12.5625
153	2806	12.5625
153	3072	12.5625
153	3214	12.5625
153	4264	12.5625
153	4488	12.5625
153	4809	12.5625
153	57	12.5625
153	636	12.5625
153	2349	12.5
153	2351	12.5
153	2750	12.5
153	3019	12.5
153	3054	12.5
153	3166	12.5
153	3613	12.5
153	44	12.5
153	4795	12.5
153	5233	12.5
153	2319	12.4375
153	2735	12.4375
153	2772	12.4375
153	2796	12.4375
153	2990	12.4375
153	3564	12.4375
153	3599	12.4375
153	3624	12.4375
153	4203	12.4375
153	4255	12.4375
153	4702	12.4375
153	4965	12.4375
153	5010	12.4375
153	5206	12.4375
153	826	12.4375
153	1379	12.375
153	2387	12.375
153	2634	12.375
153	2714	12.375
153	2977	12.375
153	3097	12.375
154	163	18.625
154	218	18.5
154	214	18.375
154	235	18.375
154	164	18.125
154	222	18.125
154	234	17.875
154	52	17.875
154	176	17.625
154	191	17.625
154	161	17.375
154	66	17.375
154	172	17.25
154	193	17.25
154	229	17.25
154	250	17.25
154	223	17.125
154	262	17
154	175	16.875
154	321	16.875
154	4947	16.875
154	189	16.75
154	251	16.75
154	4930	16.75
154	4935	16.75
154	186	16.625
154	187	16.625
154	77	16.625
154	210	16.5
154	4938	16.5
154	57	16.5
154	99	16.5
154	391	16.375
154	5150	16.375
154	2638	16.25
154	2643	16.25
154	2686	16.25
154	44	16.25
154	2551	16.125
154	2645	16.125
154	394	16.125
154	457	16.125
154	192	16
154	227	16
154	2567	16
154	2641	16
154	3180	16
154	3183	15.9375
154	4627	15.9375
154	602	15.9375
154	61	15.9375
154	190	15.875
154	2543	15.875
154	49	15.875
154	68	15.875
154	2444	15.8125
154	2653	15.8125
154	339	15.8125
154	5155	15.8125
154	826	15.8125
154	154	15.75
154	226	15.75
154	283	15.75
154	500	15.75
154	5160	15.75
154	60	15.75
154	88	15.75
154	2418	15.6875
154	2464	15.6875
154	5158	15.6875
154	5161	15.6875
154	5163	15.6875
154	595	15.6875
154	617	15.6875
154	993	15.6875
154	216	15.625
154	618	15.625
154	63	15.625
154	80	15.625
154	148	15.5625
154	150	15.5625
154	182	15.5625
154	2515	15.5625
154	261	15.5625
154	2675	15.5625
154	5159	15.5625
154	576	15.5625
154	657	15.5625
154	2372	15.5
154	4885	15.5
154	5187	15.5
154	599	15.5
154	1090	15.4375
154	160	15.4375
154	253	15.4375
154	2685	15.4375
154	2709	15.4375
154	2727	15.4375
154	2803	15.4375
154	437	15.4375
155	2567	24.75
155	564	24.625
155	548	24.375
155	716	24.25
155	2883	24.125
155	44	24.125
155	66	24.125
155	2326	24
155	826	24
155	1363	23.875
155	250	23.625
155	2735	23.625
155	1090	23.5
155	4924	23.5
155	531	23.5
155	1362	23.375
155	2315	23.375
155	3243	23.375
155	3599	23.375
155	5051	23.375
155	2634	23.25
155	299	23.25
155	4226	23.25
155	210	23.125
155	2626	23.125
155	3621	23.125
155	4237	23.125
155	4626	23.125
155	4702	23.125
155	2298	23
155	3672	23
155	3810	23
155	5166	23
155	55	23
155	2338	22.875
155	3588	22.875
155	3613	22.875
155	4622	22.875
155	5185	22.875
155	667	22.875
155	672	22.875
155	2323	22.75
155	234	22.75
155	2589	22.75
155	4627	22.75
155	4713	22.75
155	5062	22.75
155	2262	22.625
155	349	22.625
155	3540	22.625
155	3789	22.625
155	428	22.625
155	4623	22.625
155	4850	22.625
155	5073	22.625
155	5187	22.625
155	658	22.625
155	666	22.625
155	2319	22.5
155	2343	22.5
155	2641	22.5
155	5140	22.5
155	186	22.375
155	2301	22.375
155	2333	22.375
155	4925	22.375
155	837	22.375
155	189	22.25
155	214	22.25
155	2339	22.25
155	3337	22.25
155	4839	22.25
155	5085	22.25
155	182	22.125
155	192	22.125
155	216	22.125
155	2340	22.125
155	235	22.125
155	2353	22.125
155	262	22.125
155	2686	22.125
155	2734	22.125
155	2872	22.125
155	3180	22.125
155	3614	22.125
155	3673	22.125
155	5007	22.125
155	5072	22.125
155	5107	22.125
155	570	22.125
155	132	22
155	2306	22
155	2361	22
155	2386	22
155	4038	22
155	4640	22
155	4930	22
155	5169	22
155	5206	22
155	602	22
156	1931	19.25
156	1961	18.625
156	1992	18.625
156	1993	18.25
156	1639	17.875
156	1436	17.75
156	1640	17.625
156	1437	17.375
156	1457	17.25
156	1708	16.625
156	1712	16.375
156	1750	16.125
156	1825	16.125
156	1962	16.125
156	2238	16.125
156	1771	15.9375
156	1826	15.875
156	1505	15.8125
156	3582	15.6875
156	1709	15.5625
156	1972	15.5625
156	3130	15.5625
156	1614	15.4375
156	1638	15.4375
156	1697	15.4375
156	1991	15.375
156	2566	15.375
156	1703	15.3125
156	3352	15.3125
156	1216	15.25
156	1617	15.25
156	1772	15.1875
156	2167	15.1875
156	2582	15.1875
156	1704	15.125
156	2577	15.125
156	2620	15.125
156	1435	15.0625
156	1504	15.0625
156	1928	15.0625
156	2240	15.0625
156	2485	15.0625
156	258	15.0625
156	3553	15.0625
156	1616	15
156	1635	15
156	3593	15
156	1632	14.9375
156	1634	14.9375
156	1700	14.9375
156	1702	14.9375
156	1823	14.9375
156	1933	14.9375
156	2475	14.9375
156	1636	14.875
156	1701	14.8125
156	1970	14.8125
156	2172	14.8125
156	3429	14.8125
156	1110	14.75
156	1464	14.75
156	1588	14.75
156	1637	14.75
156	1705	14.75
156	2134	14.75
156	3650	14.75
156	1990	14.6875
156	2133	14.6875
156	2239	14.6875
156	2552	14.6875
156	2573	14.6875
156	1629	14.625
156	1630	14.625
156	1822	14.625
156	2166	14.625
156	2474	14.625
156	3128	14.625
156	3578	14.625
156	4836	14.625
156	5214	14.625
156	1503	14.5625
156	2169	14.5625
156	2564	14.5625
156	2571	14.5625
156	3126	14.5625
156	3550	14.5625
156	1627	14.5
156	1633	14.5
156	2563	14.5
156	561	14.5
156	1622	14.4375
156	2128	14.4375
156	2553	14.4375
156	3552	14.4375
156	3558	14.4375
156	3657	14.4375
156	129	14.375
156	1707	14.375
156	1770	14.375
156	2171	14.375
157	219	12.125
157	342	11.6875
157	174	11.625
157	4169	11.625
157	2753	11.5625
157	2512	11.3125
157	4175	11.25
157	2755	11.1875
157	164	11.0625
157	176	11.0625
157	4930	11
157	2449	10.875
157	2817	10.875
157	53	10.875
157	2455	10.8125
157	2689	10.8125
157	4680	10.8125
157	582	10.8125
157	647	10.8125
157	162	10.75
157	225	10.75
157	2683	10.6875
157	4994	10.6875
157	822	10.6875
157	227	10.625
157	2532	10.625
157	617	10.625
157	4931	10.5625
157	786	10.5625
157	184	10.5
157	2452	10.5
157	552	10.5
157	2443	10.4375
157	397	10.4375
157	4632	10.4375
157	4947	10.4375
157	1193	10.375
157	165	10.375
157	2641	10.375
157	387	10.375
157	4168	10.375
157	821	10.375
157	2442	10.3125
157	2547	10.3125
157	2773	10.3125
157	319	10.3125
157	3859	10.3125
157	4948	10.3125
157	5203	10.3125
157	189	10.25
157	208	10.25
157	2444	10.25
157	2727	10.25
157	2824	10.25
157	333	10.25
157	3459	10.25
157	347	10.25
157	3525	10.25
157	411	10.25
157	4174	10.25
157	4982	10.25
157	1263	10.1875
157	2752	10.1875
157	334	10.1875
157	415	10.1875
157	4723	10.1875
157	515	10.1875
157	5156	10.1875
157	5198	10.1875
157	52	10.1875
157	5202	10.1875
157	913	10.1875
157	154	10.125
157	2448	10.125
157	2730	10.125
157	4171	10.125
157	4857	10.125
157	5190	10.125
157	185	10.0625
157	2450	10.0625
157	2457	10.0625
157	2687	10.0625
157	336	10.0625
157	4173	10.0625
157	4640	10.0625
157	491	10.0625
157	636	10.0625
157	224	10
157	2504	10
157	2513	10
157	252	10
157	256	10
157	40	10
157	442	10
157	451	10
157	4936	10
157	4938	10
157	4961	10
157	4968	10
157	5159	10
158	332	19
158	345	18.875
158	336	18.625
158	404	18.25
158	323	18.125
158	552	17.5
158	650	17.5
158	319	17.375
158	416	17.375
158	426	17.375
158	475	17.375
158	530	17.375
158	595	17.375
158	599	17.25
158	644	17.25
158	333	17.125
158	410	17.125
158	606	17.125
158	17	17
158	397	17
158	418	17
158	620	17
158	2644	16.875
158	561	16.875
158	603	16.875
158	607	16.875
158	618	16.875
158	642	16.875
158	7	16.875
158	294	16.75
158	3	16.75
158	356	16.75
158	389	16.75
158	411	16.75
158	433	16.75
158	596	16.75
158	609	16.75
158	610	16.75
158	614	16.75
158	655	16.75
158	2685	16.625
158	315	16.625
158	320	16.625
158	337	16.625
158	354	16.625
158	359	16.625
158	398	16.625
158	481	16.625
158	576	16.625
158	589	16.625
158	592	16.625
158	6	16.625
158	619	16.625
158	2	16.5
158	324	16.5
158	325	16.5
158	346	16.5
158	355	16.5
158	400	16.5
158	458	16.5
158	460	16.5
158	5	16.5
158	557	16.5
158	658	16.5
158	8	16.5
158	281	16.375
158	290	16.375
158	382	16.375
158	431	16.375
158	432	16.375
158	456	16.375
158	492	16.375
158	508	16.375
158	588	16.375
158	590	16.375
158	643	16.375
158	645	16.375
158	2513	16.25
158	2686	16.25
158	279	16.25
158	385	16.25
158	413	16.25
158	417	16.25
158	503	16.25
158	558	16.25
158	593	16.25
158	601	16.25
158	623	16.25
158	631	16.25
158	2676	16.125
158	2705	16.125
158	306	16.125
158	3183	16.125
158	386	16.125
158	391	16.125
158	409	16.125
158	414	16.125
158	415	16.125
158	429	16.125
158	437	16.125
159	2666	19.375
159	435	19.125
159	551	19.125
159	658	19
159	307	18.875
159	413	18.5
159	558	18.5
159	654	18.5
159	657	18.5
159	2644	18.375
159	304	18.375
159	409	18.375
159	602	18.375
159	459	18.25
159	2634	18.125
159	316	18
159	319	18
159	338	18
159	393	18
159	444	18
159	561	18
159	601	18
159	2567	17.875
159	306	17.875
159	372	17.875
159	553	17.875
159	428	17.75
159	599	17.75
159	603	17.75
159	656	17.75
159	2626	17.625
159	2643	17.625
159	2686	17.625
159	438	17.625
159	552	17.625
159	562	17.625
159	564	17.625
159	618	17.625
159	627	17.625
159	2645	17.5
159	2687	17.5
159	455	17.5
159	5062	17.5
159	550	17.5
159	560	17.5
159	608	17.5
159	2515	17.375
159	315	17.375
159	326	17.375
159	333	17.375
159	336	17.375
159	563	17.375
159	598	17.375
159	2640	17.25
159	2685	17.25
159	2765	17.25
159	314	17.25
159	346	17.25
159	354	17.25
159	5073	17.25
159	575	17.25
159	581	17.25
159	590	17.25
159	595	17.25
159	614	17.25
159	624	17.25
159	642	17.25
159	16	17.125
159	2628	17.125
159	345	17.125
159	4930	17.125
159	5161	17.125
159	596	17.125
159	619	17.125
159	645	17.125
159	2504	17
159	2642	17
159	2726	17
159	288	17
159	320	17
159	3621	17
159	417	17
159	527	17
159	548	17
159	588	17
159	609	17
159	623	17
159	175	16.875
159	1998	16.875
159	2665	16.875
159	332	16.875
159	347	16.875
159	361	16.875
159	4925	16.875
159	589	16.875
159	610	16.875
159	638	16.875
159	2432	16.75
159	2513	16.75
159	2528	16.75
160	3285	16.875
160	3289	16.875
160	3281	16.625
160	5215	16.5
160	3278	16
160	3279	16
160	3276	15.875
160	3291	15.6875
160	5213	15.6875
160	3284	15.5625
160	3288	15.5625
160	3290	15.5625
160	3286	15.5
160	5162	15.4375
160	3275	15.375
160	3679	15.25
160	3287	15.125
160	3295	15.125
160	3625	15.0625
160	3680	15.0625
160	5214	15.0625
160	3283	15
160	4832	15
160	3556	14.9375
160	3578	14.9375
160	4816	14.9375
160	3570	14.875
160	4819	14.8125
160	4846	14.8125
160	3670	14.6875
160	3574	14.625
160	3719	14.625
160	3663	14.5625
160	4820	14.5625
160	4837	14.5625
160	847	14.5625
160	3326	14.5
160	3551	14.5
160	3572	14.4375
160	4847	14.4375
160	3554	14.375
160	3576	14.375
160	3678	14.375
160	4825	14.375
160	2926	14.3125
160	3417	14.25
160	2935	14.1875
160	3402	14.1875
160	3661	14.1875
160	3673	14.1875
160	3582	14.125
160	5210	14.125
160	3682	14.0625
160	3668	14
160	4812	14
160	5179	14
160	851	14
160	3555	13.9375
160	3626	13.9375
160	5173	13.9375
160	3449	13.875
160	5010	13.875
160	1409	13.8125
160	2904	13.8125
160	2954	13.8125
160	3088	13.8125
160	3399	13.8125
160	3444	13.8125
160	3676	13.8125
160	3717	13.8125
160	1100	13.75
160	2836	13.75
160	2902	13.75
160	3571	13.75
160	3612	13.6875
160	5216	13.6875
160	2742	13.625
160	2956	13.625
160	3031	13.625
160	3403	13.625
160	3430	13.625
160	3445	13.625
160	3575	13.625
160	3581	13.625
160	3658	13.625
160	4762	13.625
160	4818	13.625
160	2786	13.5625
160	3042	13.5625
160	3086	13.5625
160	5222	13.5625
160	151	13.5
160	152	13.5
160	1634	13.5
160	2520	13.5
160	2849	13.5
160	3573	13.5
160	3710	13.5
160	4806	13.5
160	5015	13.5
161	4924	29.375
161	2567	28.625
161	4640	28.5
161	5072	28.5
161	5167	28.5
161	548	28.5
161	5185	28.125
161	2735	28
161	5206	28
161	5003	27.875
161	5010	27.875
161	3588	27.75
161	2338	27.625
161	3613	27.625
161	4713	27.625
161	2589	27.5
161	5051	27.375
161	564	27.375
161	4623	27.25
161	5166	27.25
161	1362	27.125
161	5118	27.125
161	1320	27
161	3621	27
161	4965	27
161	349	26.875
161	428	26.875
161	1363	26.75
161	2350	26.75
161	4622	26.75
161	4626	26.75
161	531	26.75
161	1090	26.625
161	4850	26.625
161	5075	26.625
161	716	26.625
161	3616	26.5
161	3617	26.5
161	3564	26.375
161	4237	26.375
161	4702	26.375
161	5062	26.375
161	5082	26.375
161	5219	26.375
161	2351	26.25
161	44	26.25
161	1454	26.125
161	2298	26.125
161	3789	26.125
161	5169	26.125
161	826	26.125
161	2319	26
161	2732	26
161	2744	26
161	2745	26
161	4663	26
161	4950	26
161	5090	26
161	5223	26
161	636	26
161	2258	25.875
161	2883	25.875
161	4809	25.875
161	5168	25.875
161	1909	25.75
161	2349	25.75
161	2769	25.75
161	5087	25.75
161	5108	25.75
161	646	25.75
161	2262	25.625
161	2315	25.625
161	2634	25.625
161	4664	25.625
161	5187	25.625
161	641	25.625
161	667	25.625
161	2326	25.5
161	306	25.5
161	338	25.5
161	3544	25.5
161	3810	25.5
161	4102	25.5
161	5224	25.5
161	5225	25.5
161	596	25.5
161	2328	25.375
161	2626	25.375
161	2726	25.375
161	3180	25.375
161	3614	25.375
161	3709	25.375
161	4596	25.375
161	5073	25.375
161	5081	25.375
161	5083	25.375
161	5220	25.375
161	666	25.375
161	2398	25.25
161	2734	25.25
162	4805	18.75
162	4850	17.25
162	4803	16.5
162	3610	16
162	4828	15.8125
162	559	15.6875
162	2997	15.375
162	5107	15.3125
162	4804	15.25
162	846	15.25
162	2992	15.125
162	3821	15.0625
162	3120	14.9375
162	3326	14.9375
162	3139	14.875
162	250	14.8125
162	612	14.8125
162	4784	14.75
162	611	14.6875
162	3122	14.625
162	44	14.625
162	4596	14.625
162	4702	14.625
162	5093	14.625
162	3090	14.5625
162	3136	14.5625
162	155	14.5
162	209	14.5
162	3541	14.5
162	5092	14.5
162	5095	14.5
162	166	14.4375
162	2187	14.4375
162	2687	14.4375
162	2209	14.375
162	2872	14.375
162	2995	14.375
162	60	14.375
162	1362	14.3125
162	177	14.3125
162	2208	14.3125
162	5188	14.3125
162	3053	14.25
162	3102	14.25
162	3131	14.25
162	2038	14.1875
162	211	14.1875
162	2996	14.1875
162	3111	14.1875
162	3113	14.1875
162	3312	14.1875
162	3112	14.125
162	3115	14.125
162	3130	14.125
162	3704	14.125
162	3999	14.125
162	1479	14.0625
162	200	14.0625
162	2149	14.0625
162	3036	14.0625
162	3103	14.0625
162	3123	14.0625
162	3244	14.0625
162	1333	14
162	2578	14
162	262	14
162	2993	14
162	3039	14
162	3095	14
162	3104	14
162	3109	14
162	3119	14
162	3132	14
162	3137	14
162	3140	14
162	3143	14
162	3564	14
162	4669	14
162	1716	13.9375
162	172	13.9375
162	196	13.9375
162	2199	13.9375
162	3100	13.9375
162	5012	13.9375
162	5168	13.9375
162	5212	13.9375
162	1742	13.875
162	1874	13.875
162	205	13.875
162	208	13.875
162	2088	13.875
162	214	13.875
162	2154	13.875
162	2201	13.875
162	2640	13.875
162	50	13.875
162	5013	13.875
162	61	13.875
162	1005	13.8125
162	1140	13.8125
163	4090	16.125
163	4089	15
163	3900	14.5
163	4027	14.375
163	3902	14.3125
163	4048	14.1875
163	3901	14.0625
163	4049	14.0625
163	4770	13.8125
163	3821	13.5
163	4088	13.5
163	4087	13.4375
163	3905	13.375
163	4095	13.375
163	3761	13.3125
163	3896	13.3125
163	3824	13.25
163	1474	13.1875
163	3999	13.1875
163	4818	13.1875
163	4896	13.1875
163	1172	13.125
163	3765	13.125
163	3848	13.125
163	3894	13.125
163	4042	13.125
163	44	13.125
163	3849	13.0625
163	3892	13.0625
163	3777	13
163	3873	13
163	3912	13
163	4850	13
163	3137	12.9375
163	3544	12.9375
163	3860	12.9375
163	3861	12.9375
163	3913	12.9375
163	5056	12.9375
163	1018	12.875
163	3317	12.875
163	5233	12.875
163	2489	12.8125
163	3907	12.8125
163	4634	12.8125
163	3039	12.75
163	3926	12.75
163	5107	12.75
163	960	12.75
163	1019	12.6875
163	3909	12.6875
163	4043	12.6875
163	4091	12.6875
163	971	12.6875
163	2905	12.625
163	959	12.625
163	1056	12.5625
163	1297	12.5625
163	2076	12.5625
163	3097	12.5625
163	3498	12.5625
163	868	12.5625
163	1008	12.5
163	3102	12.5
163	3312	12.5
163	3316	12.5
163	3876	12.5
163	3908	12.5
163	3924	12.5
163	4047	12.5
163	4669	12.5
163	922	12.5
163	3788	12.4375
163	3832	12.4375
163	4528	12.4375
163	4626	12.4375
163	4651	12.4375
163	4957	12.4375
163	5037	12.4375
163	1072	12.375
163	1238	12.375
163	1754	12.375
163	2880	12.375
163	3110	12.375
163	3192	12.375
163	3614	12.375
163	3742	12.375
163	4560	12.375
163	690	12.375
163	881	12.375
163	1101	12.3125
163	2972	12.3125
163	4041	12.3125
163	4526	12.3125
163	1071	12.25
163	1073	12.25
163	2533	12.25
163	2871	12.25
163	3109	12.25
163	3136	12.25
164	4342	25.375
164	4126	24
164	4343	24
164	4317	23.875
164	4115	23.625
164	4313	23.625
164	4347	23.625
164	4316	23.5
164	4215	23.375
164	4226	23.375
164	4522	23.375
164	4261	23.25
164	4260	23.125
164	4267	23.125
164	4323	23.125
164	4361	23.125
164	4415	23.125
164	5062	23.125
164	4310	23
164	4311	23
164	4346	23
164	4534	22.875
164	4325	22.75
164	5073	22.75
164	1736	22.625
164	4159	22.625
164	4344	22.625
164	4355	22.625
164	4416	22.625
164	4532	22.625
164	4580	22.625
164	4581	22.625
164	4301	22.5
164	4302	22.5
164	4321	22.5
164	4585	22.5
164	4132	22.375
164	4200	22.375
164	4228	22.375
164	4265	22.375
164	4318	22.375
164	4327	22.375
164	4331	22.375
164	4369	22.375
164	4417	22.375
164	4422	22.375
164	4521	22.375
164	4533	22.375
164	4623	22.375
164	1915	22.25
164	1942	22.25
164	4130	22.25
164	4262	22.25
164	4312	22.25
164	4332	22.25
164	4334	22.25
164	4336	22.25
164	4357	22.25
164	4465	22.25
164	4547	22.25
164	2418	22.125
164	4129	22.125
164	4137	22.125
164	4181	22.125
164	4356	22.125
164	4366	22.125
164	1806	22
164	1816	22
164	1870	22
164	1935	22
164	3789	22
164	3818	22
164	3820	22
164	3827	22
164	4203	22
164	4225	22
164	4263	22
164	4283	22
164	4352	22
164	4376	22
164	4938	22
164	5010	22
164	5228	22
164	1727	21.875
164	1955	21.875
164	4134	21.875
164	4135	21.875
164	4178	21.875
164	4185	21.875
164	4227	21.875
164	4306	21.875
164	4345	21.875
164	4370	21.875
164	4467	21.875
164	4509	21.875
164	4527	21.875
164	1483	21.75
164	1667	21.75
164	1863	21.75
164	1890	21.75
165	2131	40.5
165	2076	38
165	2032	37.25
165	2109	37.25
165	2098	37
165	2043	36.75
165	1943	36.25
165	1954	36
165	2087	36
165	2154	36
165	2143	35.75
165	1976	35.5
165	2009	35.5
165	1468	35.25
165	1987	35.25
165	1387	35
165	1395	35
165	1396	35
165	2120	35
165	1380	34.75
165	1469	34.75
165	2187	34.75
165	1479	34.5
165	1480	34.5
165	1781	34.5
165	1840	34.5
165	1963	34.5
165	2020	34.5
165	2065	34.5
165	1381	34.25
165	1431	34.25
165	1495	34.25
165	1508	34.25
165	1645	34.25
165	1737	34.25
165	1833	34.25
165	1998	34.25
165	2183	34.25
165	2198	34.25
165	1377	34
165	1382	34
165	1404	34
165	1406	34
165	1482	34
165	1493	34
165	1648	34
165	1966	34
165	2149	34
165	2165	34
165	2209	34
165	2242	34
165	2248	34
165	2252	34
165	1378	33.75
165	1379	33.75
165	1402	33.75
165	1405	33.75
165	1421	33.75
165	1465	33.75
165	1478	33.75
165	1483	33.75
165	1799	33.75
165	1806	33.75
165	1883	33.75
165	1984	33.75
165	2038	33.75
165	1367	33.5
165	1371	33.5
165	1401	33.5
165	1425	33.5
165	1506	33.5
165	1514	33.5
165	1644	33.5
165	1891	33.5
165	1935	33.5
165	1997	33.5
165	2182	33.5
165	2188	33.5
165	2200	33.5
165	3964	33.5
165	4091	33.5
165	1373	33.25
165	1385	33.25
165	1393	33.25
165	1455	33.25
165	1497	33.25
165	1507	33.25
165	1509	33.25
165	1516	33.25
165	1518	33.25
165	1592	33.25
165	1657	33.25
165	1817	33.25
165	1851	33.25
165	1857	33.25
165	1936	33.25
165	1937	33.25
165	1938	33.25
165	1988	33.25
165	1996	33.25
166	3137	23.5
166	3112	22.75
166	3412	22.75
166	2931	22.625
166	2993	22.625
166	3098	22.625
166	3320	22.5
166	2758	22.25
166	2791	22.25
166	4763	22.25
166	2781	22
166	2942	22
166	3402	22
166	3558	22
166	4805	22
166	1195	21.875
166	2759	21.875
166	3097	21.875
166	3100	21.875
166	3122	21.875
166	3123	21.875
166	3147	21.875
166	2767	21.75
166	2943	21.75
166	3168	21.75
166	4117	21.75
166	2773	21.625
166	2794	21.625
166	2831	21.625
166	3099	21.625
166	3102	21.625
166	3139	21.625
166	3319	21.625
166	3646	21.625
166	3647	21.625
166	3734	21.625
166	870	21.625
166	2538	21.5
166	3002	21.5
166	3035	21.5
166	3096	21.5
166	3120	21.5
166	3148	21.5
166	3212	21.5
166	2258	21.375
166	2735	21.375
166	2764	21.375
166	2802	21.375
166	3004	21.375
166	3055	21.375
166	3156	21.375
166	3406	21.375
166	3493	21.375
166	3526	21.375
166	5119	21.375
166	5171	21.375
166	716	21.375
166	2461	21.25
166	2471	21.25
166	2521	21.25
166	2710	21.25
166	2734	21.25
166	2768	21.25
166	2769	21.25
166	2872	21.25
166	3095	21.25
166	4111	21.25
166	4520	21.25
166	4523	21.25
166	4931	21.25
166	5112	21.25
166	5214	21.25
166	575	21.25
166	2469	21.125
166	2515	21.125
166	2705	21.125
166	2731	21.125
166	2796	21.125
166	2822	21.125
166	2839	21.125
166	2926	21.125
166	2928	21.125
166	3057	21.125
166	3150	21.125
166	3403	21.125
166	4236	21.125
166	4519	21.125
166	4581	21.125
166	4762	21.125
166	2452	21
166	2463	21
166	2467	21
166	2512	21
166	2650	21
166	2941	21
166	2992	21
166	3136	21
166	3208	21
166	3261	21
166	3304	21
167	2348	22.875
167	2404	22.375
167	2427	22.25
167	2347	22
167	2405	22
167	2416	21.5
167	2400	21.375
167	2314	21.125
167	2366	21.125
167	2388	21.125
167	2309	21
167	2377	20.75
167	2398	20.75
167	2321	20.5
167	2339	20.5
167	2401	20.5
167	2426	20.5
167	2307	20.375
167	2335	20.25
167	2418	20.25
167	2330	20.125
167	2331	20.125
167	2349	20.125
167	2421	20
167	2333	19.875
167	2354	19.875
167	2350	19.75
167	2406	19.625
167	2428	19.625
167	2372	19.5
167	2312	19.25
167	2338	19.25
167	2367	19.25
167	2391	19.25
167	5153	19.25
167	2327	19.125
167	2371	19.125
167	2429	19.125
167	2346	19
167	2365	19
167	2396	19
167	2306	18.875
167	2310	18.875
167	2407	18.875
167	2419	18.875
167	2308	18.75
167	2359	18.75
167	2378	18.75
167	2352	18.625
167	2402	18.625
167	2424	18.625
167	2340	18.5
167	2343	18.5
167	2374	18.375
167	2392	18.375
167	2403	18.375
167	2353	18.25
167	2422	18.25
167	2423	18.25
167	2323	18.125
167	2332	18.125
167	2360	18.125
167	2361	18
167	2362	18
167	2373	18
167	2394	18
167	2386	17.875
167	2413	17.875
167	2414	17.875
167	2420	17.875
167	2263	17.75
167	2345	17.75
167	2408	17.75
167	2409	17.75
167	2430	17.75
167	3349	17.75
167	2313	17.625
167	2387	17.625
167	2410	17.625
167	5187	17.625
167	2341	17.5
167	2342	17.5
167	2357	17.5
167	2363	17.5
167	3832	17.5
167	4623	17.5
167	2311	17.375
167	2415	17.375
167	2600	17.375
167	2973	17.375
167	2334	17.25
167	2370	17.25
167	450	17.25
167	4759	17.25
167	727	17.25
167	1101	17.125
167	2258	17.125
167	2351	17.125
167	2393	17.125
167	5148	17.125
168	580	20.75
168	360	20.125
168	542	20.125
168	502	20
168	585	19.875
168	510	19.5
168	13	19.25
168	3621	19.25
168	481	19.25
168	515	19.25
168	519	19.25
168	605	19.25
168	300	19.125
168	849	19.125
168	526	19
168	543	19
168	559	19
168	565	19
168	620	19
168	1127	18.875
168	457	18.875
168	4850	18.875
168	493	18.875
168	530	18.875
168	635	18.875
168	1165	18.75
168	2617	18.75
168	579	18.75
168	626	18.75
168	520	18.625
168	582	18.625
168	1415	18.5
168	2645	18.5
168	3364	18.5
168	439	18.5
168	483	18.5
168	501	18.5
168	534	18.5
168	618	18.5
168	637	18.5
168	848	18.5
168	278	18.375
168	350	18.375
168	410	18.375
168	466	18.375
168	508	18.375
168	516	18.375
168	532	18.375
168	576	18.375
168	593	18.375
168	1264	18.25
168	284	18.25
168	356	18.25
168	404	18.25
168	450	18.25
168	503	18.25
168	575	18.25
168	589	18.25
168	598	18.25
168	993	18.25
168	1044	18.125
168	1248	18.125
168	1395	18.125
168	1396	18.125
168	17	18.125
168	351	18.125
168	355	18.125
168	394	18.125
168	5062	18.125
168	517	18.125
168	524	18.125
168	596	18.125
168	628	18.125
168	639	18.125
168	727	18.125
168	1055	18
168	1181	18
168	1200	18
168	1699	18
168	2589	18
168	2883	18
168	329	18
168	334	18
168	354	18
168	413	18
168	447	18
168	581	18
168	600	18
168	609	18
168	624	18
168	634	18
168	643	18
168	644	18
168	658	18
168	814	18
168	1077	17.875
168	1134	17.875
168	1309	17.875
168	18	17.875
168	295	17.875
169	298	12
169	17	11.875
169	643	11.8125
169	2645	11.6875
169	570	11.6875
169	641	11.6875
169	16	11.625
169	646	11.5625
169	281	11.5
169	287	11.5
169	581	11.5
169	599	11.5
169	289	11.4375
169	290	11.4375
169	422	11.4375
169	540	11.4375
169	580	11.375
169	628	11.375
169	642	11.375
169	658	11.375
169	610	11.3125
169	283	11.25
169	5	11.25
169	585	11.25
169	647	11.25
169	596	11.125
169	644	11.125
169	456	11.0625
169	650	11.0625
169	6	11
169	608	11
169	282	10.9375
169	426	10.9375
169	530	10.9375
169	619	10.875
169	648	10.875
169	13	10.8125
169	394	10.8125
169	409	10.8125
169	515	10.8125
169	589	10.8125
169	623	10.8125
169	278	10.75
169	279	10.75
169	280	10.75
169	319	10.75
169	354	10.75
169	571	10.75
169	616	10.75
169	293	10.6875
169	385	10.6875
169	551	10.6875
169	601	10.6875
169	603	10.6875
169	614	10.6875
169	286	10.625
169	315	10.625
169	325	10.625
169	334	10.625
169	356	10.625
169	410	10.625
169	449	10.625
169	481	10.625
169	483	10.625
169	539	10.625
169	579	10.625
169	595	10.625
169	638	10.625
169	12	10.5625
169	2512	10.5625
169	3	10.5625
169	4	10.5625
169	433	10.5625
169	532	10.5625
169	600	10.5625
169	620	10.5625
169	627	10.5625
169	637	10.5625
169	2	10.5
169	2685	10.5
169	333	10.5
169	336	10.5
169	419	10.5
169	5164	10.5
169	276	10.4375
169	427	10.4375
169	605	10.4375
169	639	10.4375
169	645	10.4375
169	655	10.4375
169	656	10.4375
169	1165	10.375
169	288	10.375
169	321	10.375
169	346	10.375
169	355	10.375
169	393	10.375
169	398	10.375
169	575	10.375
169	618	10.375
170	3369	17.125
170	2940	17
170	3053	17
170	2977	16.875
170	3306	16.75
170	3473	16.75
170	4844	16.75
170	3457	16.625
170	4847	16.625
170	4851	16.625
170	2834	16.5
170	3083	16.5
170	3431	16.5
170	3754	16.5
170	2882	16.375
170	2974	16.375
170	3116	16.375
170	3138	16.375
170	3301	16.375
170	4036	16.375
170	4822	16.375
170	4781	16.25
170	2757	16.125
170	3072	16.125
170	3162	16.125
170	3265	16.125
170	3269	16.125
170	3402	16.125
170	3407	16.125
170	4099	16.125
170	4782	16.125
170	5059	16.125
170	3030	16
170	3056	16
170	3309	16
170	3353	16
170	3368	16
170	2973	15.9375
170	2832	15.875
170	2835	15.875
170	2944	15.875
170	3029	15.875
170	3932	15.875
170	2866	15.8125
170	2884	15.8125
170	2972	15.8125
170	3149	15.8125
170	4058	15.8125
170	5056	15.8125
170	5058	15.8125
170	224	15.75
170	3243	15.75
170	3312	15.75
170	2865	15.6875
170	2948	15.6875
170	3350	15.6875
170	3375	15.6875
170	3464	15.6875
170	3474	15.6875
170	4761	15.6875
170	4780	15.6875
170	5015	15.6875
170	5017	15.6875
170	2900	15.625
170	2942	15.625
170	2968	15.625
170	4047	15.625
170	4777	15.625
170	4823	15.625
170	1037	15.5625
170	2839	15.5625
170	2960	15.5625
170	3316	15.5625
170	3331	15.5625
170	3332	15.5625
170	3374	15.5625
170	3387	15.5625
170	2892	15.5
170	3019	15.5
170	3314	15.5
170	3363	15.5
170	3394	15.5
170	4096	15.5
170	4806	15.5
170	2941	15.4375
170	3110	15.4375
170	3267	15.4375
170	3339	15.4375
170	3352	15.4375
170	3357	15.4375
170	3389	15.4375
170	4839	15.4375
170	2833	15.375
170	2843	15.375
170	2881	15.375
170	2971	15.375
170	2980	15.375
170	3167	15.375
170	3169	15.375
170	3262	15.375
171	504	30.875
171	472	30.75
171	516	27.375
171	576	27.375
171	483	27.25
171	541	26.875
171	491	26.5
171	517	26
171	551	26
171	525	25.75
171	479	25.625
171	508	25.625
171	518	25.625
171	575	25.625
171	503	25.5
171	533	25.5
171	492	25.375
171	515	25.375
171	5130	24.875
171	610	24.5
171	378	24.375
171	501	24.375
171	164	24.25
171	174	24.25
171	165	24.125
171	424	24.125
171	500	24.125
171	506	23.875
171	526	23.875
171	648	23.875
171	2706	23.75
171	390	23.625
171	4890	23.625
171	176	23.5
171	4889	23.375
171	5124	23.375
171	5126	23.375
171	5204	23.375
171	614	23.375
171	162	23.25
171	351	23.25
171	5145	23.25
171	553	23.25
171	619	23.25
171	129	23.125
171	412	23.125
171	440	23.125
171	4681	23.125
171	4887	23.125
171	4888	23.125
171	4891	23.125
171	5123	23.125
171	5139	23.125
171	532	23.125
171	167	23
171	2455	23
171	294	23
171	481	23
171	5201	23
171	178	22.875
171	2443	22.875
171	482	22.875
171	4892	22.875
171	4992	22.875
171	2452	22.75
171	2453	22.75
171	2687	22.75
171	321	22.75
171	3738	22.75
171	446	22.75
171	5230	22.75
171	77	22.75
171	834	22.75
171	1017	22.625
171	240	22.625
171	405	22.625
171	507	22.625
171	5128	22.625
171	5138	22.625
171	53	22.625
171	552	22.625
171	1086	22.5
171	2449	22.5
171	315	22.5
171	320	22.5
171	3212	22.5
171	356	22.5
171	5112	22.5
171	581	22.5
171	80	22.5
171	183	22.375
171	230	22.375
171	261	22.375
171	2803	22.375
171	326	22.375
171	336	22.375
171	362	22.375
171	402	22.375
171	4656	22.375
171	5117	22.375
172	3978	25.75
172	3992	25
172	3973	24.875
172	3975	24.875
172	3971	24.75
172	3976	24.75
172	3974	24.25
172	3983	24.125
172	3998	24.125
172	3979	23.625
172	3980	23.625
172	777	23.25
172	3981	22.875
172	927	22.875
172	764	22.625
172	1040	22.5
172	1041	22.5
172	1045	22.5
172	4003	22.5
172	803	22.5
172	1028	22.375
172	3987	22.25
172	757	22.25
172	1042	22.125
172	3982	22
172	3994	22
172	4357	22
172	4019	21.875
172	4356	21.875
172	918	21.875
172	1043	21.75
172	3785	21.75
172	796	21.75
172	3997	21.625
172	762	21.625
172	1063	21.5
172	3990	21.5
172	3991	21.5
172	3995	21.5
172	3768	21.375
172	3970	21.375
172	4000	21.375
172	756	21.375
172	776	21.375
172	1027	21.25
172	3993	21.25
172	3996	21.25
172	4005	21.25
172	4376	21.25
172	761	21.25
172	923	21.25
172	1021	21.125
172	1039	21.125
172	4509	21.125
172	800	21.125
172	1034	21
172	1064	21
172	3984	21
172	4004	21
172	759	21
172	783	21
172	1023	20.875
172	1035	20.875
172	3901	20.875
172	3985	20.875
172	3989	20.875
172	4100	20.875
172	784	20.875
172	1037	20.75
172	3902	20.75
172	4101	20.75
172	4564	20.75
172	755	20.75
172	3972	20.625
172	4002	20.625
172	4061	20.625
172	4072	20.625
172	4187	20.625
172	804	20.625
172	870	20.625
172	919	20.625
172	1036	20.5
172	1279	20.5
172	26	20.5
172	3097	20.5
172	3968	20.5
172	46	20.5
172	925	20.5
172	2978	20.375
172	4001	20.375
172	763	20.375
172	959	20.375
172	1049	20.25
172	3886	20.25
172	1026	20.125
172	3619	20.125
172	4182	20.125
172	4369	20.125
172	839	20.125
172	926	20.125
173	614	21.25
173	1009	20.625
173	564	20.625
173	2634	20.5
173	575	20.5
173	620	20.5
173	656	20.5
173	4932	20.375
173	551	20.375
173	2735	20.25
173	413	20.25
173	609	20.125
173	826	20.125
173	2589	20
173	481	20
173	5118	20
173	562	20
173	2567	19.875
173	503	19.875
173	515	19.875
173	580	19.875
173	636	19.875
173	849	19.875
173	2637	19.75
173	520	19.75
173	560	19.75
173	641	19.75
173	654	19.75
173	1010	19.625
173	1363	19.625
173	2666	19.625
173	4237	19.625
173	464	19.625
173	565	19.625
173	2498	19.5
173	2650	19.5
173	2706	19.5
173	431	19.5
173	435	19.5
173	550	19.5
173	558	19.5
173	608	19.5
173	841	19.5
173	410	19.375
173	598	19.375
173	827	19.375
173	867	19.375
173	2504	19.25
173	2710	19.25
173	406	19.25
173	4850	19.25
173	5230	19.25
173	531	19.25
173	579	19.25
173	599	19.25
173	606	19.25
173	616	19.25
173	619	19.25
173	626	19.25
173	657	19.25
173	1499	19.125
173	2642	19.125
173	2643	19.125
173	2686	19.125
173	2823	19.125
173	449	19.125
173	470	19.125
173	548	19.125
173	570	19.125
173	590	19.125
173	595	19.125
173	602	19.125
173	623	19.125
173	631	19.125
173	635	19.125
173	643	19.125
173	655	19.125
173	176	19
173	2632	19
173	2641	19
173	2685	19
173	2749	19
173	3310	19
173	3621	19
173	460	19
173	483	19
173	4950	19
173	5073	19
173	5219	19
173	559	19
173	581	19
173	618	19
173	646	19
173	1362	18.875
173	175	18.875
173	2644	18.875
173	2654	18.875
173	3021	18.875
173	4839	18.875
173	4930	18.875
174	4479	21.625
174	4480	21.25
174	4419	20.75
174	4139	20.625
174	4424	20.5
174	4415	20.375
174	4453	20.375
174	4421	20.25
174	4422	20.25
174	4406	20.125
174	4200	20
174	4305	20
174	4427	20
174	4136	19.875
174	4218	19.875
174	4323	19.875
174	4482	19.875
174	4327	19.75
174	4393	19.75
174	4423	19.75
174	4213	19.625
174	4418	19.625
174	4454	19.625
174	4211	19.5
174	4452	19.5
174	2710	19.375
174	4130	19.375
174	4154	19.375
174	4426	19.375
174	4445	19.375
174	4134	19.25
174	4217	19.25
174	4417	19.25
174	3837	19.125
174	4131	19.125
174	4300	19.125
174	4326	19.125
174	4333	19.125
174	4391	19.125
174	2769	19
174	4206	19
174	4209	19
174	4260	19
174	4285	19
174	4299	19
174	4350	19
174	4451	19
174	4464	19
174	4313	18.875
174	4321	18.875
174	4347	18.875
174	4351	18.875
174	4366	18.875
174	4410	18.875
174	4428	18.875
174	4455	18.875
174	1657	18.75
174	3838	18.75
174	4210	18.75
174	4277	18.75
174	4306	18.75
174	4324	18.75
174	4331	18.75
174	4342	18.75
174	4456	18.75
174	4467	18.75
174	4500	18.75
174	4585	18.75
174	1201	18.625
174	2775	18.625
174	4155	18.625
174	4183	18.625
174	4189	18.625
174	4316	18.625
174	4329	18.625
174	4371	18.625
174	4402	18.625
174	4412	18.625
174	4483	18.625
174	2211	18.5
174	4198	18.5
174	4302	18.5
174	4304	18.5
174	4315	18.5
174	4627	18.5
174	1685	18.375
174	1859	18.375
174	2010	18.375
174	2765	18.375
174	4149	18.375
174	4310	18.375
174	4312	18.375
174	4317	18.375
174	4339	18.375
174	4353	18.375
174	4362	18.375
174	4372	18.375
174	4416	18.375
174	4501	18.375
174	4631	18.375
175	553	14.75
175	214	14.5
175	1252	14.3125
175	218	14.3125
175	333	14.125
175	226	14.0625
175	173	13.875
175	225	13.8125
175	5148	13.8125
175	224	13.75
175	295	13.75
175	842	13.75
175	1446	13.6875
175	161	13.6875
175	2802	13.6875
175	306	13.6875
175	481	13.6875
175	258	13.625
175	508	13.625
175	7	13.625
175	347	13.5625
175	517	13.5625
175	1227	13.5
175	163	13.5
175	414	13.5
175	515	13.5
175	2040	13.4375
175	215	13.4375
175	456	13.4375
175	172	13.375
175	5170	13.375
175	183	13.3125
175	326	13.3125
175	500	13.3125
175	503	13.3125
175	843	13.3125
175	2773	13.25
175	487	13.25
175	186	13.1875
175	3699	13.1875
175	3715	13.1875
175	452	13.1875
175	876	13.1875
175	1357	13.125
175	1396	13.125
175	219	13.125
175	227	13.125
175	3024	13.125
175	3324	13.125
175	345	13.125
175	3546	13.125
175	402	13.125
175	474	13.125
175	4785	13.125
175	593	13.125
175	632	13.125
175	1184	13.0625
175	189	13.0625
175	2042	13.0625
175	259	13.0625
175	2706	13.0625
175	866	13.0625
175	2505	13
175	257	13
175	2763	13
175	393	13
175	501	13
175	502	13
175	823	13
175	2110	12.9375
175	222	12.9375
175	2670	12.9375
175	334	12.9375
175	335	12.9375
175	339	12.9375
175	5175	12.9375
175	520	12.9375
175	867	12.9375
175	1342	12.875
175	2083	12.875
175	2157	12.875
175	234	12.875
175	261	12.875
175	2709	12.875
175	3014	12.875
175	400	12.875
175	485	12.875
175	518	12.875
175	827	12.875
175	832	12.875
175	833	12.875
175	917	12.875
175	2053	12.8125
175	2089	12.8125
175	2252	12.8125
175	2685	12.8125
175	2749	12.8125
175	3157	12.8125
175	3339	12.8125
175	619	12.8125
176	1363	24.875
176	837	24.875
176	3337	24.625
176	4713	24.5
176	349	24.375
176	4237	24.375
176	531	24.125
176	564	24.125
176	3621	24
176	4623	24
176	1090	23.875
176	3821	23.625
176	2883	23.5
176	2589	23.25
176	2735	23
176	299	22.75
176	5051	22
176	2339	21.875
176	2304	21.375
176	2323	21.375
176	2311	21.125
176	2345	21.125
176	2356	21.125
176	2346	20.875
176	2417	20.625
176	2309	20.5
176	2353	20.5
176	2358	20.5
176	2415	20.5
176	1362	20.375
176	2322	20.375
176	2905	20.375
176	2308	20.25
176	2357	20.25
176	2413	20.25
176	4702	20.25
176	2400	20.125
176	3633	20.125
176	3810	20.125
176	2312	20
176	4226	20
176	860	20
176	2258	19.875
176	2736	19.875
176	3349	19.875
176	4628	19.875
176	2310	19.75
176	2341	19.75
176	2401	19.75
176	2275	19.625
176	3832	19.625
176	450	19.625
176	2274	19.5
176	2302	19.5
176	2325	19.5
176	2335	19.5
176	2424	19.5
176	2426	19.5
176	727	19.5
176	1101	19.375
176	2328	19.375
176	2342	19.375
176	2359	19.375
176	2578	19.375
176	300	19.375
176	4759	19.375
176	2338	19.25
176	2403	19.25
176	2416	19.25
176	2600	19.25
176	2340	19.125
176	2350	19.125
176	2371	19.125
176	301	19.125
176	4622	19.125
176	55	19.125
176	657	19.125
176	2352	19
176	2392	19
176	2429	19
176	3599	19
176	2265	18.875
176	2272	18.875
176	2305	18.875
176	2331	18.875
176	2398	18.875
176	360	18.875
176	5118	18.875
176	2326	18.75
176	2343	18.75
176	2349	18.75
176	2368	18.75
176	2405	18.75
176	2406	18.75
176	565	18.75
176	611	18.75
176	612	18.75
176	1146	18.625
176	2282	18.625
176	2290	18.625
177	4520	18
177	3737	17.875
177	4992	17.125
177	3208	16.875
177	3736	16.75
177	3734	16.5
177	2452	16.25
177	948	16.25
177	197	16.125
177	2444	16.125
177	2449	16.125
177	2455	16.125
177	2871	16.125
177	3247	16.125
177	3610	16.125
177	294	16
177	3246	16
177	5195	16
177	3209	15.9375
177	2443	15.875
177	492	15.8125
177	639	15.75
177	200	15.6875
177	2546	15.6875
177	3852	15.6875
177	518	15.6875
177	629	15.6875
177	867	15.6875
177	2446	15.625
177	2589	15.625
177	2488	15.5625
177	349	15.5625
177	4519	15.5625
177	209	15.5
177	2735	15.4375
177	3210	15.4375
177	442	15.4375
177	533	15.4375
177	814	15.4375
177	1040	15.375
177	531	15.375
177	541	15.375
177	838	15.375
177	2450	15.3125
177	2548	15.3125
177	3590	15.3125
177	4805	15.3125
177	4947	15.3125
177	525	15.3125
177	551	15.3125
177	2768	15.25
177	559	15.25
177	1084	15.1875
177	2451	15.1875
177	2515	15.1875
177	2694	15.1875
177	2898	15.1875
177	874	15.1875
177	3004	15.125
177	4085	15.125
177	4702	15.125
177	597	15.125
177	742	15.125
177	1034	15.0625
177	2043	15.0625
177	2448	15.0625
177	2816	15.0625
177	3328	15.0625
177	355	15.0625
177	3695	15.0625
177	5155	15.0625
177	2817	15
177	2873	15
177	299	15
177	358	15
177	3638	15
177	3821	15
177	915	15
177	2883	14.9375
177	3519	14.9375
177	671	14.9375
177	7	14.9375
177	808	14.9375
177	872	14.9375
177	1049	14.875
177	3148	14.875
177	3150	14.875
177	3213	14.875
177	3223	14.875
177	5107	14.875
177	824	14.875
177	240	14.8125
177	4731	14.8125
177	4766	14.8125
177	1064	14.75
177	1082	14.75
177	3227	14.75
177	3525	14.75
177	4086	14.75
177	4963	14.75
178	3840	24.375
178	4835	22
178	4633	21.75
178	5045	21.625
178	4792	21.375
178	3590	21
178	3021	20.875
178	3222	20.75
178	3353	20.75
178	2525	20.625
178	3220	20.625
178	5206	20.625
178	2614	20.5
178	3547	20.5
178	3552	20.5
178	3683	20.5
178	4796	20.5
178	3035	20.25
178	3409	20.25
178	3553	20.25
178	2758	20.125
178	2954	20.125
178	2970	20.125
178	3702	20.125
178	3874	20.125
178	2885	20
178	2947	20
178	3037	20
178	3425	20
178	3771	20
178	4845	20
178	1099	19.875
178	1472	19.875
178	2848	19.875
178	3180	19.875
178	3352	19.875
178	3366	19.875
178	3428	19.875
178	3656	19.875
178	3839	19.875
178	4797	19.875
178	912	19.875
178	2449	19.75
178	2678	19.75
178	2679	19.75
178	2750	19.75
178	3186	19.75
178	3650	19.75
178	3789	19.75
178	3801	19.75
178	3842	19.75
178	3845	19.75
178	4822	19.75
178	5149	19.75
178	1098	19.625
178	1288	19.625
178	1526	19.625
178	2116	19.625
178	2953	19.625
178	2969	19.625
178	3155	19.625
178	3389	19.625
178	3490	19.625
178	3570	19.625
178	3578	19.625
178	3604	19.625
178	3615	19.625
178	3626	19.625
178	3714	19.625
178	3805	19.625
178	3841	19.625
178	4086	19.625
178	5210	19.625
178	2117	19.5
178	2149	19.5
178	2450	19.5
178	2546	19.5
178	2568	19.5
178	2569	19.5
178	2955	19.5
178	2956	19.5
178	2960	19.5
178	3232	19.5
178	3429	19.5
178	3707	19.5
178	3710	19.5
178	3711	19.5
178	3861	19.5
178	4272	19.5
178	5054	19.5
178	1186	19.375
178	1475	19.375
178	1535	19.375
178	1941	19.375
178	2165	19.375
178	2543	19.375
178	2564	19.375
178	2843	19.375
178	2976	19.375
178	3438	19.375
179	1002	17.625
179	1009	17.5
179	1007	16.375
179	784	15.4375
179	4640	14.5
179	861	14.375
179	665	14.3125
179	1010	14.25
179	1036	14.25
179	2734	14.25
179	3621	14.25
179	2745	14.1875
179	5233	14.1875
179	1499	14.125
179	750	14.125
179	841	14.0625
179	982	14.0625
179	1033	14
179	2578	14
179	633	14
179	1055	13.9375
179	3616	13.9375
179	4885	13.9375
179	831	13.9375
179	1003	13.875
179	2018	13.875
179	261	13.875
179	2756	13.875
179	3610	13.875
179	748	13.875
179	1037	13.8125
179	2759	13.8125
179	3219	13.8125
179	626	13.8125
179	914	13.8125
179	260	13.75
179	2791	13.75
179	596	13.75
179	3628	13.6875
179	565	13.6875
179	782	13.6875
179	786	13.6875
179	816	13.6875
179	848	13.6875
179	1026	13.625
179	2071	13.625
179	2422	13.625
179	2710	13.625
179	5090	13.625
179	5188	13.625
179	803	13.625
179	828	13.625
179	958	13.625
179	1006	13.5625
179	2752	13.5625
179	77	13.5625
179	849	13.5625
179	993	13.5625
179	1011	13.5
179	1040	13.5
179	1064	13.5
179	1077	13.5
179	1651	13.5
179	3851	13.5
179	1488	13.4375
179	2208	13.4375
179	3999	13.4375
179	4938	13.4375
179	559	13.4375
179	925	13.4375
179	1278	13.375
179	1958	13.375
179	3182	13.375
179	5220	13.375
179	5223	13.375
179	577	13.375
179	634	13.375
179	837	13.375
179	1008	13.3125
179	1016	13.3125
179	1925	13.3125
179	2006	13.3125
179	2618	13.3125
179	2635	13.3125
179	3180	13.3125
179	599	13.3125
179	802	13.3125
179	843	13.3125
179	948	13.3125
179	134	13.25
179	2062	13.25
179	4037	13.25
179	4798	13.25
179	5157	13.25
179	5242	13.25
179	636	13.25
179	738	13.25
179	830	13.25
179	842	13.25
179	870	13.25
180	4222	13.5
180	4221	13.25
180	4471	12.75
180	4528	12.625
180	4200	12.5
180	4169	12.3125
180	3100	11.9375
180	894	11.9375
180	1242	11.875
180	4229	11.875
180	3379	11.6875
180	3557	11.6875
180	3929	11.6875
180	4206	11.6875
180	3103	11.625
180	3109	11.625
180	4570	11.625
180	681	11.625
180	801	11.625
180	1279	11.5625
180	4386	11.5625
180	4473	11.5625
180	4532	11.5625
180	1836	11.5
180	2958	11.5
180	4186	11.5
180	1691	11.4375
180	30	11.4375
180	3119	11.4375
180	3911	11.4375
180	4138	11.4375
180	4454	11.4375
180	4509	11.4375
180	742	11.4375
180	754	11.4375
180	1178	11.375
180	4136	11.375
180	4181	11.375
180	4202	11.375
180	4228	11.375
180	4239	11.375
180	4376	11.375
180	4524	11.375
180	1275	11.3125
180	1347	11.3125
180	2131	11.3125
180	2868	11.3125
180	3106	11.3125
180	3325	11.3125
180	3904	11.3125
180	4159	11.3125
180	4212	11.3125
180	4220	11.3125
180	4260	11.3125
180	4469	11.3125
180	4522	11.3125
180	1120	11.25
180	1167	11.25
180	3928	11.25
180	4088	11.25
180	4132	11.25
180	4523	11.25
180	4534	11.25
180	1284	11.1875
180	3114	11.1875
180	3748	11.1875
180	4190	11.1875
180	4204	11.1875
180	4210	11.1875
180	4223	11.1875
180	4462	11.1875
180	4583	11.1875
180	5012	11.1875
180	763	11.1875
180	2534	11.125
180	3104	11.125
180	3763	11.125
180	4131	11.125
180	4161	11.125
180	4207	11.125
180	4217	11.125
180	4293	11.125
180	4299	11.125
180	4369	11.125
180	4422	11.125
180	4428	11.125
180	4472	11.125
180	4531	11.125
180	5119	11.125
180	743	11.125
180	1261	11.0625
180	1912	11.0625
180	2870	11.0625
180	4157	11.0625
180	4203	11.0625
180	4426	11.0625
180	5111	11.0625
180	5197	11.0625
180	2079	11
180	2937	11
181	3806	26.75
181	3821	25.625
181	3808	25.5
181	3999	24.875
181	4010	24.75
181	4021	24.625
181	3812	24.5
181	2340	23.75
181	4069	23.75
181	4713	23.75
181	5118	23.75
181	1363	23.625
181	2315	23.625
181	3854	23.5
181	2339	23.375
181	3811	23.375
181	531	23.375
181	2328	23.25
181	2338	23.25
181	3813	23.25
181	4033	23.25
181	4623	23.25
181	2410	23.125
181	1362	23
181	2326	23
181	2589	23
181	3809	23
181	4237	23
181	2307	22.875
181	2735	22.875
181	2883	22.875
181	3814	22.875
181	4032	22.875
181	564	22.875
181	1101	22.75
181	2377	22.75
181	3807	22.75
181	2343	22.625
181	2353	22.625
181	2366	22.625
181	2400	22.625
181	2414	22.625
181	2429	22.625
181	565	22.625
181	2258	22.5
181	2309	22.5
181	2352	22.5
181	2354	22.5
181	349	22.5
181	2306	22.375
181	2332	22.375
181	2356	22.375
181	2330	22.25
181	2444	22.25
181	2308	22.125
181	2334	22.125
181	2399	22.125
181	2420	22.125
181	3621	22.125
181	2341	22
181	2392	22
181	2405	22
181	2417	22
181	2428	22
181	299	22
181	3965	22
181	2310	21.875
181	2331	21.875
181	2335	21.875
181	2398	21.875
181	3633	21.875
181	3805	21.875
181	88	21.875
181	2317	21.75
181	2373	21.75
181	2626	21.75
181	2905	21.75
181	3337	21.75
181	3349	21.75
181	360	21.75
181	4226	21.75
181	4932	21.75
181	5062	21.75
181	545	21.75
181	2165	21.625
181	2327	21.625
181	2388	21.625
181	2415	21.625
181	2418	21.625
181	2422	21.625
181	2424	21.625
181	300	21.625
181	3832	21.625
181	548	21.625
181	655	21.625
181	656	21.625
181	837	21.625
181	1090	21.5
181	2316	21.5
181	2333	21.5
182	1504	22.875
182	1482	21.625
182	1546	19.875
182	1548	19.875
182	1102	19.625
182	1968	19.625
182	1472	19.5
182	1491	19.125
182	1493	19.125
182	1503	19.125
182	1835	19.125
182	1099	19
182	1481	19
182	1492	19
182	1421	18.875
182	1489	18.875
182	1497	18.875
182	1540	18.875
182	1894	18.875
182	2877	18.875
182	3298	18.875
182	1495	18.75
182	1537	18.75
182	1100	18.5
182	1104	18.5
182	1473	18.5
182	1470	18.375
182	1486	18.375
182	1502	18.375
182	1547	18.375
182	1602	18.375
182	1494	18.25
182	1553	18.25
182	1806	18.25
182	3760	18.25
182	1110	18.125
182	1580	18.125
182	1853	18.125
182	1885	18.125
182	2231	18.125
182	2576	18.125
182	1377	18
182	1469	18
182	1483	18
182	1485	18
182	1487	18
182	1801	18
182	1808	18
182	1842	18
182	1851	18
182	1981	18
182	2125	18
182	2757	18
182	3703	18
182	1204	17.875
182	1496	17.875
182	1606	17.875
182	1789	17.875
182	1795	17.875
182	1797	17.875
182	1814	17.875
182	1816	17.875
182	1880	17.875
182	1906	17.875
182	1962	17.875
182	1988	17.875
182	3331	17.875
182	3759	17.875
182	1095	17.75
182	1098	17.75
182	1103	17.75
182	1106	17.75
182	1480	17.75
182	1490	17.75
182	1505	17.75
182	1552	17.75
182	1605	17.75
182	1859	17.75
182	1867	17.75
182	1910	17.75
182	2060	17.75
182	2836	17.75
182	3409	17.75
182	5210	17.75
182	754	17.75
182	1544	17.625
182	1545	17.625
182	1549	17.625
182	1555	17.625
182	1812	17.625
182	1840	17.625
182	1970	17.625
182	1971	17.625
182	3284	17.625
182	3562	17.625
182	4831	17.625
182	1875	17.5
182	2055	17.5
182	2063	17.5
182	2068	17.5
183	499	31.5
183	415	31.25
183	401	31
183	414	31
183	427	31
183	419	30.75
183	505	30.75
183	385	30.5
183	398	30.5
183	405	30.5
183	491	30.5
183	482	30.25
183	390	30.125
183	412	30.125
183	386	29.5
183	442	29.375
183	462	29.25
183	609	28.625
183	562	28.5
183	642	28.5
183	645	28.375
183	336	28.125
183	332	28
183	413	28
183	532	28
183	553	28
183	614	28
183	319	27.875
183	551	27.875
183	306	27.75
183	314	27.75
183	354	27.75
183	457	27.75
183	552	27.75
183	610	27.75
183	619	27.75
183	2643	27.625
183	451	27.625
183	6	27.625
183	294	27.5
183	576	27.5
183	596	27.5
183	2765	27.375
183	356	27.375
183	581	27.375
183	602	27.375
183	643	27.375
183	391	27.25
183	404	27.25
183	416	27.25
183	456	27.25
183	463	27.25
183	618	27.25
183	2744	27.125
183	315	27.125
183	345	27.125
183	438	27.125
183	5163	27.125
183	561	27.125
183	2686	27
183	2709	27
183	323	27
183	402	27
183	558	27
183	624	27
183	646	27
183	658	27
183	333	26.875
183	347	26.875
183	361	26.875
183	589	26.875
183	631	26.875
183	163	26.75
183	2644	26.75
183	2705	26.75
183	2803	26.75
183	334	26.75
183	455	26.75
183	4935	26.75
183	575	26.75
183	603	26.75
183	617	26.75
183	641	26.75
183	2443	26.625
183	2513	26.625
183	321	26.625
183	346	26.625
183	382	26.625
183	409	26.625
183	479	26.625
183	5164	26.625
183	560	26.625
183	595	26.625
183	601	26.625
183	606	26.625
183	656	26.625
183	14	26.5
183	2773	26.5
183	324	26.5
183	359	26.5
184	716	24.5
184	2589	24.375
184	2567	24.125
184	5051	23.875
184	5185	23.875
184	5003	23.75
184	3588	23.5
184	4560	23.5
184	2735	23.375
184	564	23.375
184	2338	23.25
184	2702	23.25
184	548	23
184	3621	22.875
184	4622	22.875
184	2685	22.75
184	4215	22.75
184	44	22.75
184	660	22.75
184	1362	22.625
184	2243	22.625
184	826	22.625
184	1454	22.5
184	4436	22.5
184	4528	22.5
184	4561	22.5
184	2731	22.375
184	3613	22.375
184	4702	22.375
184	5206	22.375
184	666	22.375
184	18	22.25
184	2009	22.25
184	2298	22.25
184	4237	22.25
184	1364	22.125
184	1909	22.125
184	2498	22.125
184	4713	22.125
184	1090	22
184	1363	22
184	2398	22
184	2872	22
184	306	22
184	3315	22
184	338	22
184	4640	22
184	4850	22
184	4924	22
184	4965	22
184	5072	22
184	66	22
184	736	22
184	2734	21.875
184	3492	21.875
184	3734	21.875
184	4809	21.875
184	4839	21.875
184	5062	21.875
184	2324	21.75
184	349	21.75
184	3709	21.75
184	3810	21.75
184	4527	21.75
184	4950	21.75
184	20	21.625
184	2258	21.625
184	2726	21.625
184	2732	21.625
184	2883	21.625
184	372	21.625
184	428	21.625
184	4483	21.625
184	4623	21.625
184	4985	21.625
184	1088	21.5
184	1477	21.5
184	2326	21.5
184	2756	21.5
184	3520	21.5
184	4626	21.5
184	5166	21.5
184	2323	21.375
184	2351	21.375
184	2706	21.375
184	2769	21.375
184	3821	21.375
184	5108	21.375
184	531	21.375
184	546	21.375
184	717	21.375
184	1320	21.25
184	1488	21.25
184	2256	21.25
184	2555	21.25
184	2626	21.25
184	3672	21.25
184	464	21.25
184	5118	21.25
184	3614	21.125
185	3387	20.375
185	2881	20.25
185	3389	20.125
185	2874	20
185	2887	19.625
185	3377	19.625
185	3192	19.5
185	3260	19.5
185	3391	19.5
185	3395	19.5
185	3680	19.5
185	3715	19.5
185	5016	19.5
185	2977	19.375
185	3388	19.375
185	3394	19.375
185	2875	19.25
185	3162	19.25
185	3386	19.25
185	4846	19.25
185	2865	19.125
185	2873	19.125
185	2980	19.125
185	3138	19.125
185	3214	19.125
185	3347	19.125
185	3378	19.125
185	3384	19.125
185	3473	19.125
185	3679	19.125
185	5054	19.125
185	2839	19
185	2882	19
185	2884	19
185	3390	19
185	3446	19
185	3690	19
185	2902	18.875
185	3083	18.875
185	3306	18.875
185	3374	18.875
185	3464	18.875
185	3479	18.875
185	3845	18.875
185	2885	18.75
185	2892	18.75
185	2898	18.75
185	2972	18.75
185	2973	18.75
185	3072	18.75
185	3243	18.75
185	3344	18.75
185	3375	18.75
185	3468	18.75
185	3716	18.75
185	4781	18.75
185	5056	18.75
185	2843	18.625
185	2872	18.625
185	2879	18.625
185	2891	18.625
185	2899	18.625
185	2901	18.625
185	2907	18.625
185	2968	18.625
185	3167	18.625
185	3301	18.625
185	3338	18.625
185	3447	18.625
185	3672	18.625
185	3844	18.625
185	4770	18.625
185	4783	18.625
185	4807	18.625
185	2828	18.5
185	2904	18.5
185	3310	18.5
185	3369	18.5
185	3376	18.5
185	4080	18.5
185	5059	18.5
185	5066	18.5
185	2849	18.375
185	2880	18.375
185	2893	18.375
185	2900	18.375
185	3110	18.375
185	3398	18.375
185	3462	18.375
185	3498	18.375
185	4769	18.375
185	4777	18.375
185	4782	18.375
185	4838	18.375
185	2870	18.25
185	2871	18.25
185	2897	18.25
185	3030	18.25
185	3315	18.25
185	3320	18.25
186	3227	36.75
186	3002	32.25
186	3182	32
186	3012	31.875
186	3009	31.625
186	3004	31.5
186	3157	31.375
186	3212	31.375
186	2443	31.125
186	3220	31.125
186	3222	31.125
186	2980	31
186	3001	31
186	3181	31
186	3194	31
186	3208	31
186	3000	30.875
186	3231	30.75
186	3328	30.75
186	3703	30.75
186	5174	30.75
186	2999	30.625
186	3156	30.625
186	2444	30.5
186	3036	30.5
186	3218	30.5
186	3365	30.5
186	4798	30.5
186	2549	30.375
186	3041	30.375
186	575	30.375
186	2548	30.25
186	2559	30.25
186	3008	30.25
186	3020	30.25
186	3217	30.25
186	4801	30.25
186	176	30.125
186	2872	30.125
186	3167	30.125
186	3207	30.125
186	3219	30.125
186	3223	30.125
186	3232	30.125
186	3393	30.125
186	3724	30.125
186	3842	30.125
186	3946	30.125
186	2510	30
186	2898	30
186	3003	30
186	3099	30
186	3166	30
186	3211	30
186	3229	30
186	3681	30
186	3725	30
186	4797	30
186	2455	29.875
186	2873	29.875
186	3021	29.875
186	3045	29.875
186	3100	29.875
186	3193	29.875
186	3704	29.875
186	2512	29.75
186	2513	29.75
186	2667	29.75
186	3014	29.75
186	3253	29.75
186	3310	29.75
186	3729	29.75
186	4804	29.75
186	2781	29.625
186	2829	29.625
186	3098	29.625
186	3213	29.625
186	3233	29.625
186	3248	29.625
186	4799	29.625
186	225	29.5
186	2514	29.5
186	2546	29.5
186	2694	29.5
186	2769	29.5
186	2881	29.5
186	2967	29.5
186	3024	29.5
186	3070	29.5
186	3097	29.5
186	3102	29.5
186	3190	29.5
186	3255	29.5
186	3590	29.5
186	3702	29.5
186	4850	29.5
186	2871	29.375
186	2942	29.375
186	3081	29.375
186	3122	29.375
187	4054	21.375
187	3932	21.25
187	4055	21.125
187	4068	21.125
187	4070	21.125
187	4073	21.125
187	4049	21
187	4050	21
187	4052	20.875
187	4059	20.875
187	4061	20.875
187	4064	20.875
187	4075	20.875
187	4083	20.875
187	3943	20.75
187	4051	20.75
187	4072	20.75
187	4079	20.75
187	4067	20.625
187	4076	20.625
187	3921	20.375
187	4065	20.375
187	4071	20.25
187	4078	20.25
187	4085	20.25
187	4077	20
187	4060	19.875
187	4074	19.875
187	4084	19.875
187	3907	19.75
187	3904	19.625
187	4057	19.625
187	4066	19.625
187	4086	19.625
187	4056	19.5
187	4063	19.5
187	4081	19.5
187	4053	19.375
187	4062	19.375
187	4844	19.375
187	1018	19.25
187	1028	19.125
187	4098	19.125
187	4082	19
187	3746	18.875
187	959	18.875
187	3852	18.75
187	4847	18.75
187	1026	18.625
187	3378	18.625
187	3977	18.625
187	4851	18.625
187	1045	18.5
187	2875	18.5
187	3161	18.5
187	3167	18.5
187	3854	18.5
187	971	18.5
187	3397	18.375
187	3908	18.375
187	3988	18.375
187	4022	18.375
187	4772	18.375
187	3480	18.25
187	4027	18.25
187	4846	18.25
187	803	18.25
187	3691	18.125
187	3905	18.125
187	4100	18.125
187	5068	18.125
187	1023	18
187	3654	18
187	4094	18
187	4806	18
187	1015	17.875
187	1019	17.875
187	2865	17.875
187	2895	17.875
187	2898	17.875
187	3039	17.875
187	3149	17.875
187	3214	17.875
187	3376	17.875
187	3447	17.875
187	3479	17.875
187	3961	17.875
187	4087	17.875
187	4097	17.875
187	1032	17.75
187	1049	17.75
187	2858	17.75
187	2866	17.75
187	2897	17.75
187	3192	17.75
187	3396	17.75
187	3909	17.75
187	3965	17.75
187	4088	17.75
187	4369	17.75
188	629	12.25
188	628	11.8125
188	626	11.75
188	646	11.75
188	651	11.625
188	636	11.5
188	647	11.375
188	650	11.375
188	5170	11.3125
188	632	11.3125
188	5154	11.25
188	648	11.1875
188	642	11.125
188	643	11.125
188	5172	11.0625
188	5007	10.9375
188	2728	10.875
188	5101	10.875
188	2688	10.8125
188	4925	10.8125
188	624	10.8125
188	677	10.8125
188	14	10.75
188	3002	10.75
188	3199	10.75
188	3620	10.75
188	455	10.75
188	4731	10.75
188	5155	10.75
188	600	10.75
188	627	10.75
188	1184	10.6875
188	261	10.6875
188	298	10.6875
188	5	10.6875
188	5174	10.6875
188	562	10.6875
188	874	10.6875
188	2752	10.625
188	2937	10.625
188	3696	10.625
188	5157	10.625
188	5175	10.625
188	616	10.625
188	631	10.625
188	641	10.625
188	12	10.5625
188	2734	10.5625
188	2838	10.5625
188	3547	10.5625
188	4733	10.5625
188	4835	10.5625
188	637	10.5625
188	2489	10.5
188	2687	10.5
188	2768	10.5
188	2818	10.5
188	406	10.5
188	4680	10.5
188	606	10.5
188	2825	10.4375
188	3541	10.4375
188	422	10.4375
188	4814	10.4375
188	4923	10.4375
188	5044	10.4375
188	5230	10.4375
188	560	10.4375
188	867	10.4375
188	16	10.375
188	2427	10.375
188	2514	10.375
188	426	10.375
188	4648	10.375
188	5073	10.375
188	5168	10.375
188	5235	10.375
188	577	10.375
188	581	10.375
188	656	10.375
188	260	10.3125
188	2644	10.3125
188	2805	10.3125
188	2819	10.3125
188	3421	10.3125
188	121	10.25
188	2	10.25
188	2321	10.25
188	2422	10.25
188	2492	10.25
188	2578	10.25
188	2634	10.25
188	278	10.25
188	281	10.25
188	3025	10.25
188	3218	10.25
188	3234	10.25
188	45	10.25
188	456	10.25
188	4675	10.25
189	413	27.125
189	438	25.5
189	551	25.375
189	614	25.25
189	409	25
189	656	25
189	406	24.75
189	414	24.75
189	456	24.625
189	481	24.625
189	553	24.625
189	306	24.5
189	487	24.5
189	560	24.5
189	385	24.375
189	575	24.25
189	601	24.25
189	333	24.125
189	602	24.125
189	336	24
189	462	24
189	657	24
189	2685	23.875
189	345	23.875
189	444	23.875
189	599	23.875
189	658	23.875
189	393	23.625
189	581	23.625
189	623	23.625
189	532	23.5
189	550	23.5
189	552	23.5
189	603	23.5
189	2803	23.375
189	435	23.375
189	437	23.375
189	440	23.375
189	4935	23.375
189	7	23.375
189	2802	23.25
189	354	23.25
189	459	23.25
189	463	23.25
189	338	23.125
189	339	23.125
189	442	23.125
189	448	23.125
189	460	23.125
189	617	23.125
189	620	23.125
189	2686	23
189	332	23
189	347	23
189	402	23
189	410	23
189	455	23
189	5229	23
189	2773	22.875
189	417	22.875
189	5164	22.875
189	562	22.875
189	618	22.875
189	627	22.875
189	2567	22.75
189	314	22.75
189	326	22.75
189	404	22.75
189	407	22.75
189	411	22.75
189	431	22.75
189	441	22.75
189	4932	22.75
189	515	22.75
189	609	22.75
189	654	22.75
189	2641	22.625
189	400	22.625
189	416	22.625
189	491	22.625
189	5007	22.625
189	558	22.625
189	561	22.625
189	642	22.625
189	316	22.5
189	323	22.5
189	394	22.5
189	419	22.5
189	426	22.5
189	475	22.5
189	4930	22.5
189	527	22.5
189	564	22.5
189	595	22.5
189	616	22.5
189	619	22.5
189	643	22.5
189	645	22.5
189	2765	22.375
189	398	22.375
190	3139	19.375
190	3119	17.375
190	4760	17.125
190	3688	17
190	3102	16.5
190	3117	16.5
190	3130	16.5
190	4087	16.5
190	3100	16.375
190	3104	16.375
190	3112	16.375
190	922	16.375
190	3319	16.25
190	3538	16.25
190	3760	16.25
190	921	16.25
190	3128	16.125
190	3126	16
190	3132	16
190	4860	16
190	5093	16
190	3039	15.9375
190	3122	15.9375
190	3060	15.875
190	3066	15.875
190	3146	15.875
190	2845	15.8125
190	3109	15.8125
190	3131	15.8125
190	4050	15.8125
190	3097	15.75
190	3124	15.75
190	3928	15.75
190	4068	15.75
190	4626	15.75
190	1195	15.6875
190	3098	15.6875
190	4061	15.6875
190	4761	15.6875
190	4933	15.6875
190	2054	15.625
190	3135	15.625
190	3137	15.625
190	3312	15.625
190	3788	15.625
190	4059	15.625
190	3120	15.5625
190	3140	15.5625
190	4062	15.5625
190	4076	15.5625
190	5195	15.5625
190	166	15.5
190	3103	15.5
190	3111	15.5
190	3113	15.5
190	4082	15.5
190	211	15.4375
190	3096	15.4375
190	3101	15.4375
190	3106	15.4375
190	3107	15.4375
190	3700	15.4375
190	4042	15.4375
190	5012	15.4375
190	1223	15.375
190	1241	15.375
190	2831	15.375
190	2874	15.375
190	3065	15.375
190	3110	15.375
190	3136	15.375
190	3144	15.375
190	3163	15.375
190	3313	15.375
190	3375	15.375
190	4070	15.375
190	765	15.375
190	1194	15.3125
190	1200	15.3125
190	1656	15.3125
190	2368	15.3125
190	3310	15.3125
190	3452	15.3125
190	3868	15.3125
190	4535	15.3125
190	25	15.25
190	2641	15.25
190	2865	15.25
190	3108	15.25
190	3114	15.25
190	3125	15.25
190	3307	15.25
190	3314	15.25
190	3458	15.25
190	3869	15.25
190	4083	15.25
190	4632	15.25
190	2992	15.1875
190	3046	15.1875
190	4078	15.1875
191	4640	19.125
191	2735	18.875
191	4965	18.875
191	2756	18
191	2807	18
191	306	17.75
191	3617	17.75
191	5062	17.75
191	531	17.75
191	548	17.75
191	640	17.75
191	2567	17.625
191	314	17.625
191	3588	17.625
191	4950	17.625
191	2589	17.5
191	2744	17.5
191	338	17.5
191	3544	17.5
191	3613	17.5
191	3628	17.5
191	4867	17.5
191	4895	17.5
191	5185	17.5
191	2806	17.375
191	3616	17.375
191	2769	17.25
191	2816	17.25
191	3614	17.25
191	4669	17.25
191	4871	17.25
191	5051	17.25
191	596	17.25
191	2503	17.125
191	2738	17.125
191	2759	17.125
191	349	17.125
191	3564	17.125
191	4661	17.125
191	4809	17.125
191	5003	17.125
191	5010	17.125
191	5118	17.125
191	576	17.125
191	2727	17
191	3555	17
191	3615	17
191	4663	17
191	4702	17
191	4924	17
191	5005	17
191	5167	17
191	5206	17
191	5223	17
191	5232	17
191	636	17
191	638	17
191	2350	16.875
191	2704	16.875
191	279	16.875
191	2798	16.875
191	2813	16.875
191	2817	16.875
191	3619	16.875
191	3622	16.875
191	4733	16.875
191	4850	16.875
191	4863	16.875
191	4961	16.875
191	4997	16.875
191	2731	16.75
191	2822	16.75
191	3621	16.75
191	428	16.75
191	4530	16.75
191	4532	16.75
191	4596	16.75
191	5171	16.75
191	5207	16.75
191	5224	16.75
191	639	16.75
191	641	16.75
191	1320	16.625
191	1362	16.625
191	2338	16.625
191	2555	16.625
191	2734	16.625
191	372	16.625
191	5090	16.625
191	560	16.625
191	562	16.625
191	564	16.625
191	590	16.625
191	619	16.625
191	1909	16.5
191	2626	16.5
191	2710	16.5
191	2743	16.5
191	2810	16.5
191	2818	16.5
192	406	22.25
192	616	22
192	646	22
192	548	21.75
192	641	21.75
192	444	21.625
192	520	21.625
192	570	21.5
192	451	21.375
192	594	21.25
192	643	21.25
192	655	21.25
192	647	21.125
192	12	21
192	627	21
192	428	20.875
192	487	20.75
192	614	20.75
192	531	20.625
192	599	20.625
192	644	20.625
192	413	20.5
192	426	20.5
192	612	20.5
192	636	20.5
192	654	20.5
192	13	20.375
192	282	20.375
192	575	20.375
192	642	20.375
192	651	20.375
192	2	20.25
192	394	20.25
192	431	20.25
192	464	20.25
192	648	20.25
192	656	20.25
192	3310	20.125
192	456	20.125
192	470	20.125
192	571	20.125
192	600	20.125
192	449	20
192	481	20
192	4935	20
192	543	20
192	619	20
192	638	20
192	645	20
192	16	19.875
192	283	19.875
192	4	19.875
192	422	19.875
192	5	19.875
192	540	19.875
192	601	19.875
192	826	19.875
192	2161	19.75
192	298	19.75
192	448	19.75
192	628	19.75
192	650	19.75
192	280	19.625
192	393	19.625
192	551	19.625
192	589	19.625
192	6	19.625
192	289	19.5
192	435	19.5
192	5062	19.5
192	515	19.5
192	593	19.5
192	596	19.5
192	598	19.5
192	1526	19.375
192	278	19.375
192	3	19.375
192	442	19.375
192	517	19.375
192	558	19.375
192	623	19.375
192	1746	19.25
192	2685	19.25
192	429	19.25
192	457	19.25
192	4850	19.25
192	503	19.25
192	539	19.25
192	565	19.25
192	2589	19.125
192	440	19.125
192	462	19.125
192	4785	19.125
192	5090	19.125
192	577	19.125
192	634	19.125
192	1009	19
192	1227	19
192	1756	19
192	1980	19
193	641	14.625
193	548	14.5
193	645	14.4375
193	279	14.375
193	349	14.375
193	278	14.3125
193	428	14.3125
193	599	14.25
193	564	14.1875
193	1363	14.0625
193	570	14.0625
193	5118	14
193	646	14
193	5073	13.9375
193	14	13.875
193	2349	13.875
193	531	13.875
193	576	13.875
193	618	13.875
193	636	13.875
193	2350	13.8125
193	642	13.8125
193	437	13.75
193	287	13.625
193	299	13.625
193	446	13.625
193	525	13.625
193	16	13.5625
193	589	13.5625
193	4	13.5
193	449	13.5
193	5224	13.5
193	4839	13.4375
193	580	13.4375
193	644	13.4375
193	2735	13.375
193	4431	13.375
193	4531	13.375
193	5085	13.375
193	539	13.375
193	314	13.3125
193	3599	13.3125
193	372	13.3125
193	378	13.3125
193	4115	13.3125
193	4181	13.3125
193	4581	13.3125
193	2401	13.25
193	2589	13.25
193	3588	13.25
193	410	13.25
193	4809	13.25
193	530	13.25
193	562	13.25
193	593	13.25
193	609	13.25
193	2243	13.1875
193	2627	13.1875
193	407	13.1875
193	605	13.1875
193	610	13.1875
193	627	13.1875
193	643	13.1875
193	426	13.125
193	632	13.125
193	13	13.0625
193	1909	13.0625
193	283	13.0625
193	442	13.0625
193	4669	13.0625
193	4850	13.0625
193	595	13.0625
193	650	13.0625
193	655	13.0625
193	1320	13
193	2351	13
193	4102	13
193	420	13
193	4455	13
193	4912	13
193	5003	13
193	5206	13
193	594	13
193	628	13
193	2405	12.9375
193	2782	12.9375
193	281	12.9375
193	3810	12.9375
193	402	12.9375
193	414	12.9375
193	422	12.9375
193	5169	12.9375
193	532	12.9375
193	592	12.9375
193	616	12.9375
193	619	12.9375
193	654	12.9375
193	1454	12.875
193	2020	12.875
193	2666	12.875
194	3679	23.5
194	3680	21.625
194	3682	21.5
194	3578	21
194	3570	20.625
194	5213	20.375
194	3554	20.25
194	3556	20
194	3581	20
194	5162	20
194	851	19.875
194	3678	19.75
194	4846	19.625
194	3663	19.375
194	3553	19.25
194	3558	19.25
194	3403	19.125
194	3580	19.125
194	3676	19.125
194	4832	19.125
194	5214	19.125
194	1478	19
194	3402	19
194	3551	19
194	3596	19
194	3615	19
194	3714	19
194	3445	18.875
194	3576	18.875
194	3673	18.875
194	3088	18.75
194	3409	18.75
194	4837	18.75
194	3285	18.625
194	3561	18.625
194	3571	18.625
194	3614	18.625
194	3668	18.625
194	3670	18.625
194	1472	18.5
194	1937	18.5
194	1965	18.5
194	2188	18.5
194	3276	18.5
194	3281	18.5
194	3574	18.5
194	3820	18.5
194	4761	18.5
194	4847	18.5
194	4909	18.5
194	3431	18.375
194	3595	18.375
194	4762	18.375
194	4835	18.375
194	1220	18.25
194	2956	18.25
194	3365	18.25
194	3405	18.25
194	3449	18.25
194	3568	18.25
194	3573	18.25
194	3582	18.25
194	3600	18.25
194	5215	18.25
194	1100	18.125
194	1480	18.125
194	2786	18.125
194	2792	18.125
194	2926	18.125
194	3042	18.125
194	3275	18.125
194	3278	18.125
194	3279	18.125
194	3284	18.125
194	3288	18.125
194	3406	18.125
194	3430	18.125
194	3442	18.125
194	3547	18.125
194	4763	18.125
194	5222	18.125
194	1098	18
194	1473	18
194	1483	18
194	1497	18
194	2979	18
194	3289	18
194	3408	18
194	3550	18
194	3555	18
194	3572	18
194	3591	18
194	3611	18
194	3661	18
194	3709	18
194	4795	18
194	4818	18
194	4824	18
194	5098	18
194	5216	18
195	1000	34.5
195	991	31.75
195	958	31.5
195	990	31.25
195	976	31.125
195	962	31
195	992	31
195	995	31
195	997	30.75
195	998	30.375
195	961	30.25
195	996	30.25
195	999	30
195	935	29.75
195	994	29.75
195	944	29.625
195	940	29.25
195	963	29.25
195	942	29.125
195	936	28.875
195	945	28.875
195	934	28.625
195	938	28.625
195	939	28.625
195	941	28.625
195	980	28.625
195	985	28.625
195	943	28.5
195	987	28.5
195	933	28.375
195	975	28.375
195	977	28.375
195	981	28.375
195	946	28.25
195	986	28.25
195	989	28.25
195	564	28.125
195	973	28
195	978	28
195	983	28
195	984	28
195	969	27.875
195	988	27.875
195	955	27.75
195	965	27.75
195	964	27.625
195	952	27.5
195	956	27.5
195	967	27.5
195	970	27.5
195	1363	27.375
195	2735	27.375
195	3123	27.375
195	3131	27.375
195	5062	27.375
195	954	27.375
195	957	27.375
195	972	27.375
195	979	27.375
195	3104	27.25
195	3614	27.25
195	44	27.25
195	974	27.25
195	2165	27.125
195	5012	27.125
195	966	27.125
195	968	27.125
195	2301	27
195	2351	27
195	2517	27
195	2589	27
195	3097	27
195	849	27
195	947	27
195	3099	26.875
195	949	26.875
195	950	26.875
195	3065	26.75
195	3102	26.75
195	3122	26.75
195	4850	26.75
195	782	26.75
195	1074	26.625
195	2258	26.625
195	3060	26.625
195	3115	26.625
195	3132	26.625
195	1499	26.5
195	3141	26.5
195	3820	26.5
195	3668	26.375
195	3913	26.375
195	3936	26.375
195	4513	26.375
195	5073	26.375
195	565	26.375
195	953	26.375
195	2243	26.25
195	2515	26.25
195	2518	26.25
196	588	17
196	317	16.875
196	326	16.625
196	315	16.5
196	534	16.375
196	336	16.25
196	339	16.25
196	347	16.25
196	416	16.25
196	551	16.25
196	601	16.25
196	429	16.125
196	438	16.125
196	599	16.125
196	619	16.125
196	2675	16
196	358	16
196	359	16
196	463	16
196	552	16
196	618	16
196	2504	15.9375
196	312	15.9375
196	340	15.9375
196	356	15.9375
196	614	15.9375
196	2685	15.875
196	319	15.875
196	333	15.875
196	334	15.875
196	346	15.875
196	410	15.875
196	412	15.875
196	575	15.875
196	627	15.875
196	658	15.875
196	163	15.8125
196	2676	15.8125
196	413	15.8125
196	435	15.8125
196	602	15.8125
196	657	15.8125
196	175	15.75
196	316	15.75
196	321	15.75
196	557	15.75
196	2446	15.6875
196	324	15.6875
196	332	15.6875
196	475	15.6875
196	499	15.6875
196	553	15.6875
196	581	15.6875
196	656	15.6875
196	295	15.625
196	314	15.625
196	419	15.625
196	437	15.625
196	2441	15.5625
196	455	15.5625
196	457	15.5625
196	482	15.5625
196	2677	15.5
196	354	15.5
196	402	15.5
196	458	15.5
196	608	15.5
196	31	15.4375
196	385	15.4375
196	393	15.4375
196	398	15.4375
196	409	15.4375
196	415	15.4375
196	505	15.4375
196	603	15.4375
196	609	15.4375
196	2462	15.375
196	345	15.375
196	453	15.375
196	550	15.375
196	8	15.375
196	2638	15.3125
196	2644	15.3125
196	2672	15.3125
196	325	15.3125
196	460	15.3125
196	503	15.3125
196	527	15.3125
196	573	15.3125
196	2637	15.25
196	2680	15.25
196	2687	15.25
196	294	15.25
196	411	15.25
196	459	15.25
196	518	15.25
196	6	15.25
196	610	15.25
196	2465	15.1875
196	307	15.1875
197	279	19
197	570	18.375
197	576	18.375
197	641	18.375
197	428	18.25
197	645	18.25
197	548	18
197	299	17.75
197	479	17.625
197	5003	17.625
197	531	17.625
197	564	17.625
197	642	17.625
197	5118	17.5
197	668	17.375
197	525	17.25
197	646	17.25
197	2403	17.125
197	349	17.125
197	5072	17.125
197	5206	17.125
197	5232	17
197	2498	16.875
197	2655	16.875
197	433	16.875
197	507	16.875
197	5073	16.875
197	539	16.875
197	13	16.75
197	172	16.75
197	278	16.75
197	426	16.75
197	437	16.75
197	589	16.75
197	1320	16.625
197	2627	16.625
197	2719	16.625
197	2728	16.625
197	2752	16.625
197	410	16.625
197	449	16.625
197	4863	16.625
197	5224	16.625
197	599	16.625
197	605	16.625
197	2735	16.5
197	4626	16.5
197	4809	16.5
197	2704	16.375
197	2790	16.375
197	2809	16.375
197	3599	16.375
197	3613	16.375
197	391	16.375
197	402	16.375
197	594	16.375
197	636	16.375
197	667	16.375
197	680	16.375
197	716	16.375
197	16	16.25
197	18	16.25
197	193	16.25
197	2805	16.25
197	2939	16.25
197	500	16.25
197	532	16.25
197	609	16.25
197	618	16.25
197	619	16.25
197	643	16.25
197	659	16.25
197	666	16.25
197	14	16.125
197	2350	16.125
197	2405	16.125
197	405	16.125
197	4173	16.125
197	482	16.125
197	5169	16.125
197	559	16.125
197	627	16.125
197	655	16.125
197	658	16.125
197	672	16.125
197	1477	16
197	2325	16
197	2349	16
197	2633	16
197	416	16
197	442	16
197	446	16
197	4867	16
197	492	16
197	1182	15.9375
197	2883	15.9375
197	338	15.9375
197	3450	15.9375
197	429	15.9375
197	4303	15.9375
198	637	20.875
198	3226	19.25
198	3020	18.375
198	3161	18.125
198	3793	18
198	3725	17.875
198	4798	17.875
198	3014	17.625
198	3040	17.625
198	3227	17.5
198	5067	17.5
198	824	17.5
198	2678	17.375
198	3149	17.375
198	3328	17.375
198	4800	17.375
198	3220	17.25
198	3397	17.25
198	3481	17.25
198	2681	17.125
198	2682	17.125
198	3072	17.125
198	3172	17.125
198	1810	17
198	2999	17
198	3216	17
198	3595	17
198	3805	17
198	4771	17
198	5194	17
198	639	17
198	3173	16.875
198	3312	16.875
198	3446	16.875
198	3480	16.875
198	3546	16.875
198	3578	16.875
198	3966	16.875
198	4037	16.875
198	4772	16.875
198	2757	16.75
198	2882	16.75
198	3036	16.75
198	3039	16.75
198	3184	16.75
198	3187	16.75
198	3482	16.75
198	3673	16.75
198	3858	16.75
198	4038	16.75
198	4801	16.75
198	77	16.75
198	3175	16.625
198	3245	16.625
198	3299	16.625
198	3943	16.625
198	773	16.625
198	870	16.625
198	1532	16.5
198	2832	16.5
198	2948	16.5
198	2994	16.5
198	3002	16.5
198	3407	16.5
198	3584	16.5
198	3878	16.5
198	3948	16.5
198	3954	16.5
198	3988	16.5
198	4062	16.5
198	4770	16.5
198	5047	16.5
198	5174	16.5
198	634	16.5
198	685	16.5
198	1011	16.375
198	2942	16.375
198	2972	16.375
198	3001	16.375
198	3008	16.375
198	3021	16.375
198	3051	16.375
198	3083	16.375
198	3098	16.375
198	3207	16.375
198	3393	16.375
198	3402	16.375
198	3791	16.375
198	3853	16.375
198	588	16.375
198	1013	16.25
198	2444	16.25
198	2635	16.25
198	2679	16.25
198	2791	16.25
198	2878	16.25
198	2899	16.25
198	2904	16.25
198	2926	16.25
198	2947	16.25
199	4713	19.875
199	1363	19.625
199	2418	19.625
199	2353	19.5
199	2398	19.5
199	2414	19.5
199	2415	19.5
199	4623	19.5
199	2407	19.375
199	2307	19.25
199	3806	19.25
199	2338	19.125
199	2356	19.125
199	4237	19.125
199	2343	19
199	2423	19
199	2567	19
199	548	19
199	1090	18.875
199	1362	18.875
199	2358	18.875
199	2420	18.875
199	2735	18.875
199	4622	18.875
199	531	18.875
199	2341	18.75
199	2350	18.75
199	2352	18.75
199	2354	18.75
199	2361	18.75
199	2408	18.75
199	300	18.75
199	3821	18.75
199	4702	18.75
199	2304	18.625
199	2332	18.625
199	2345	18.625
199	2349	18.625
199	2386	18.625
199	2403	18.625
199	2413	18.625
199	2419	18.625
199	2905	18.625
199	545	18.625
199	55	18.625
199	1101	18.5
199	2258	18.5
199	2334	18.5
199	2366	18.5
199	2589	18.5
199	299	18.5
199	349	18.5
199	5118	18.5
199	2200	18.375
199	2308	18.375
199	2309	18.375
199	2339	18.375
199	2406	18.375
199	565	18.375
199	1898	18.25
199	216	18.25
199	2317	18.25
199	2326	18.25
199	2328	18.25
199	2340	18.25
199	2370	18.25
199	2373	18.25
199	2392	18.25
199	2405	18.25
199	2298	18.125
199	2306	18.125
199	2324	18.125
199	2329	18.125
199	2330	18.125
199	2348	18.125
199	2372	18.125
199	2422	18.125
199	2429	18.125
199	2600	18.125
199	2736	18.125
199	3349	18.125
199	360	18.125
199	3807	18.125
199	716	18.125
199	2346	18
199	2359	18
199	2367	18
199	2371	18
199	2400	18
199	2409	18
199	2430	18
199	3243	18
199	3337	18
199	3588	18
199	3621	18
199	3959	18
199	44	18
199	4952	18
199	656	18
199	1938	17.875
200	3256	21.625
200	3206	20.875
200	3187	20.375
200	3194	19.625
200	2748	19.25
200	3426	19.25
200	4794	19.25
200	2949	19.125
200	3195	19.125
200	3425	19.125
200	1327	19
200	3198	18.875
200	1286	18.75
200	3042	18.75
200	3250	18.75
200	3251	18.75
200	3308	18.75
200	4796	18.75
200	4799	18.75
200	1914	18.625
200	2465	18.625
200	3219	18.625
200	4793	18.625
200	4797	18.625
200	1863	18.5
200	1890	18.5
200	3020	18.5
200	3190	18.5
200	3191	18.5
200	3200	18.5
200	3217	18.5
200	3338	18.5
200	3362	18.5
200	3662	18.5
200	4300	18.5
200	4830	18.5
200	1848	18.375
200	1877	18.375
200	1882	18.375
200	3000	18.375
200	3088	18.375
200	3199	18.375
200	3234	18.375
200	3235	18.375
200	3323	18.375
200	3327	18.375
200	3328	18.375
200	5048	18.375
200	1134	18.25
200	1372	18.25
200	1568	18.25
200	1663	18.25
200	1761	18.25
200	1903	18.25
200	1924	18.25
200	1983	18.25
200	3036	18.25
200	3196	18.25
200	3224	18.25
200	3233	18.25
200	3449	18.25
200	4792	18.25
200	1111	18.125
200	1123	18.125
200	1453	18.125
200	1559	18.125
200	1569	18.125
200	1869	18.125
200	1888	18.125
200	1906	18.125
200	1910	18.125
200	1915	18.125
200	1919	18.125
200	1925	18.125
200	2159	18.125
200	2969	18.125
200	2980	18.125
200	3197	18.125
200	3229	18.125
200	3253	18.125
200	3279	18.125
200	3311	18.125
200	3324	18.125
200	5020	18.125
200	5045	18.125
200	1287	18
200	1367	18
200	1604	18
200	1811	18
200	1837	18
200	1849	18
200	1896	18
200	2003	18
200	2471	18
200	2569	18
200	2750	18
200	3021	18
200	3218	18
200	3255	18
200	3325	18
201	601	26.875
201	602	25.25
201	600	25
201	619	25
201	620	25
201	603	24.625
201	658	24.5
201	631	24.375
201	431	24.25
201	432	24
201	616	24
201	575	23.875
201	599	23.625
201	624	23.625
201	397	23.5
201	632	23.5
201	2503	23.125
201	598	22.875
201	606	22.875
201	2811	22.75
201	3004	22.75
201	394	22.75
201	418	22.625
201	460	22.625
201	2710	22.5
201	2744	22.5
201	66	22.5
201	2665	22.375
201	2695	22.375
201	5229	22.375
201	2644	22.25
201	2727	22.25
201	321	22.25
201	336	22.25
201	3620	22.25
201	609	22.25
201	647	22.25
201	332	22.125
201	3618	22.125
201	2642	22
201	2705	22
201	281	22
201	433	22
201	5230	22
201	5232	22
201	562	22
201	595	22
201	627	22
201	651	22
201	2823	21.875
201	319	21.875
201	4961	21.875
201	5195	21.875
201	604	21.875
201	607	21.875
201	643	21.875
201	2444	21.75
201	263	21.75
201	2668	21.75
201	2686	21.75
201	2711	21.75
201	2791	21.75
201	2822	21.75
201	3025	21.75
201	3086	21.75
201	314	21.75
201	3227	21.75
201	3234	21.75
201	389	21.75
201	400	21.75
201	5207	21.75
201	608	21.75
201	610	21.75
201	636	21.75
201	637	21.75
201	2817	21.625
201	283	21.625
201	3001	21.625
201	354	21.625
201	3548	21.625
201	410	21.625
201	475	21.625
201	552	21.625
201	576	21.625
201	590	21.625
201	614	21.625
201	656	21.625
201	2764	21.5
201	345	21.5
201	3616	21.5
201	426	21.5
201	5231	21.5
201	617	21.5
201	638	21.5
201	644	21.5
201	1356	21.375
201	1357	21.375
201	278	21.375
201	2802	21.375
201	2806	21.375
202	2735	19
202	595	19
202	283	18.875
202	548	18.875
202	2589	18.75
202	618	18.75
202	636	18.75
202	289	18.625
202	3543	18.625
202	372	18.625
202	5229	18.625
202	641	18.5
202	278	18.375
202	3588	18.375
202	5062	18.375
202	550	18.375
202	562	18.375
202	172	18.25
202	2567	18.25
202	2680	18.25
202	3097	18.25
202	428	18.25
202	4702	18.25
202	4850	18.25
202	576	18.25
202	596	18.25
202	164	18.125
202	2652	18.125
202	2685	18.125
202	349	18.125
202	3613	18.125
202	3672	18.125
202	44	18.125
202	4651	18.125
202	539	18.125
202	585	18.125
202	849	18.125
202	2705	18
202	2734	18
202	3545	18
202	400	18
202	4489	18
202	456	18
202	462	18
202	5073	18
202	551	18
202	564	18
202	565	18
202	588	18
202	608	18
202	645	18
202	655	18
202	1363	17.875
202	2323	17.875
202	2398	17.875
202	2509	17.875
202	2635	17.875
202	2766	17.875
202	2802	17.875
202	3096	17.875
202	338	17.875
202	3425	17.875
202	354	17.875
202	355	17.875
202	394	17.875
202	4474	17.875
202	4519	17.875
202	4640	17.875
202	5161	17.875
202	555	17.875
202	580	17.875
202	597	17.875
202	624	17.875
202	642	17.875
202	1499	17.75
202	163	17.75
202	169	17.75
202	20	17.75
202	224	17.75
202	2626	17.75
202	2702	17.75
202	2706	17.75
202	2731	17.75
202	2759	17.75
202	2765	17.75
202	2769	17.75
202	2826	17.75
202	2872	17.75
202	2894	17.75
202	3121	17.75
202	3621	17.75
202	398	17.75
202	414	17.75
202	4154	17.75
202	4226	17.75
202	4490	17.75
202	4527	17.75
202	4548	17.75
202	457	17.75
202	464	17.75
203	2414	22.875
203	2415	22.125
203	2370	21.375
203	2353	21.25
203	2407	21.25
203	2413	21.25
203	2341	21.125
203	2352	21.125
203	2354	21
203	2329	20.875
203	2374	20.875
203	2307	20.75
203	2340	20.75
203	2349	20.75
203	2408	20.75
203	2330	20.625
203	2361	20.625
203	2402	20.625
203	1363	20.5
203	2310	20.5
203	2328	20.5
203	2350	20.5
203	2409	20.5
203	2589	20.5
203	727	20.5
203	2363	20.375
203	2405	20.375
203	2416	20.25
203	2424	20.25
203	2358	20.125
203	2362	20.125
203	2387	20.125
203	4623	20.125
203	4713	20.125
203	2306	20
203	2356	20
203	2392	20
203	2398	20
203	2400	20
203	2418	20
203	2735	20
203	2324	19.875
203	2327	19.875
203	2338	19.875
203	2339	19.875
203	2343	19.875
203	2377	19.875
203	2421	19.875
203	4237	19.875
203	531	19.875
203	2258	19.75
203	2308	19.75
203	2326	19.75
203	2335	19.75
203	2360	19.75
203	2372	19.75
203	2373	19.75
203	2388	19.75
203	2393	19.75
203	2422	19.75
203	5187	19.75
203	2263	19.625
203	2305	19.625
203	2386	19.625
203	349	19.625
203	360	19.625
203	3621	19.625
203	5118	19.625
203	5153	19.625
203	2317	19.5
203	2345	19.5
203	2367	19.5
203	2429	19.5
203	2430	19.5
203	2567	19.5
203	2905	19.5
203	1101	19.375
203	1362	19.375
203	2333	19.375
203	2368	19.375
203	2371	19.375
203	2423	19.375
203	4226	19.375
203	186	19.25
203	2309	19.25
203	2359	19.25
203	2406	19.25
203	2420	19.25
203	2626	19.25
203	2643	19.25
203	1090	19.125
203	2351	19.125
203	2383	19.125
203	2391	19.125
203	2396	19.125
203	2403	19.125
203	2419	19.125
203	3832	19.125
203	2304	19
203	2314	19
204	4145	21.375
204	4146	21.25
204	4140	20.75
204	4529	20.75
204	4351	20
204	4445	19.875
204	4141	19.625
204	4313	19.625
204	4360	19.25
204	4419	19.25
204	4534	19.25
204	4548	19.25
204	4142	19.125
204	4147	19
204	4261	19
204	4315	19
204	4427	19
204	4453	19
204	4149	18.875
204	4266	18.875
204	3679	18.75
204	4310	18.75
204	4359	18.75
204	4422	18.75
204	4472	18.75
204	1250	18.625
204	4267	18.625
204	4323	18.625
204	4406	18.625
204	4467	18.625
204	1204	18.5
204	1593	18.5
204	2769	18.5
204	3479	18.5
204	4228	18.5
204	4329	18.5
204	4421	18.5
204	4479	18.5
204	3125	18.375
204	3581	18.375
204	4321	18.375
204	4349	18.375
204	4400	18.375
204	4473	18.375
204	4527	18.375
204	579	18.375
204	630	18.375
204	1600	18.25
204	1680	18.25
204	2659	18.25
204	2757	18.25
204	3540	18.25
204	3680	18.25
204	4126	18.25
204	4143	18.25
204	4144	18.25
204	4199	18.25
204	4318	18.25
204	4324	18.25
204	4348	18.25
204	4454	18.25
204	4466	18.25
204	66	18.25
204	1674	18.125
204	221	18.125
204	2278	18.125
204	2639	18.125
204	2786	18.125
204	2789	18.125
204	2980	18.125
204	2989	18.125
204	3123	18.125
204	3219	18.125
204	3409	18.125
204	4131	18.125
204	4139	18.125
204	4177	18.125
204	4226	18.125
204	4306	18.125
204	4312	18.125
204	4327	18.125
204	4353	18.125
204	4391	18.125
204	4402	18.125
204	4426	18.125
204	4428	18.125
204	4519	18.125
204	4532	18.125
204	4809	18.125
204	5052	18.125
204	5108	18.125
204	5149	18.125
204	5219	18.125
204	772	18.125
204	1103	18
204	1325	18
204	1597	18
204	1668	18
204	1938	18
204	1995	18
205	4187	19.375
205	4188	18.625
205	4184	17.25
205	4261	16.375
205	4430	16.375
205	4582	16.375
205	4386	16.125
205	4471	16.125
205	4550	16
205	3307	15.9375
205	38	15.9375
205	4417	15.9375
205	3968	15.875
205	4400	15.875
205	4133	15.75
205	4182	15.75
205	4222	15.75
205	4268	15.75
205	4383	15.75
205	4153	15.6875
205	596	15.6875
205	2559	15.625
205	2812	15.625
205	3489	15.625
205	1765	15.5625
205	4101	15.5625
205	4313	15.5625
205	4390	15.5625
205	4580	15.5625
205	4327	15.5
205	4350	15.5
205	4384	15.5
205	4415	15.5
205	4416	15.5
205	4445	15.5
205	812	15.5
205	2565	15.4375
205	3825	15.4375
205	4089	15.4375
205	2043	15.375
205	4263	15.375
205	4280	15.375
205	4404	15.375
205	584	15.375
205	764	15.375
205	1045	15.3125
205	3837	15.3125
205	4129	15.3125
205	4543	15.3125
205	1574	15.25
205	3097	15.25
205	4037	15.25
205	4186	15.25
205	4269	15.25
205	4272	15.25
205	763	15.25
205	813	15.25
205	3704	15.1875
205	3750	15.1875
205	4106	15.1875
205	4204	15.1875
205	773	15.1875
205	4088	15.125
205	4178	15.125
205	4399	15.125
205	4418	15.125
205	597	15.125
205	759	15.125
205	2532	15.0625
205	3836	15.0625
205	4234	15.0625
205	4409	15.0625
205	4466	15.0625
205	4526	15.0625
205	3119	15
205	3740	15
205	3748	15
205	4211	15
205	4271	15
205	728	15
205	1245	14.9375
205	2811	14.9375
205	3600	14.9375
205	4154	14.9375
205	4827	14.9375
205	5195	14.9375
205	755	14.9375
205	1242	14.875
205	2081	14.875
205	3486	14.875
205	3700	14.875
205	3886	14.875
205	3936	14.875
205	4098	14.875
205	4301	14.875
205	4312	14.875
205	4406	14.875
205	4498	14.875
205	4509	14.875
205	1246	14.8125
206	250	15.75
206	183	15.5625
206	234	15.5
206	4947	14.9375
206	4935	14.875
206	192	14.625
206	235	14.625
206	4948	14.5
206	186	14.125
206	4926	14.125
206	4943	14.125
206	50	14.125
206	1329	14.0625
206	1325	14
206	233	13.9375
206	4885	13.9375
206	229	13.875
206	5191	13.875
206	1323	13.8125
206	2842	13.8125
206	4938	13.8125
206	4785	13.75
206	49	13.75
206	4927	13.75
206	2293	13.6875
206	4994	13.625
206	4626	13.5625
206	4932	13.5625
206	230	13.5
206	1342	13.4375
206	2513	13.4375
206	4924	13.4375
206	4942	13.4375
206	5153	13.4375
206	832	13.375
206	917	13.375
206	4930	13.3125
206	258	13.25
206	5185	13.25
206	5150	13.1875
206	4627	13.125
206	4934	13.125
206	5149	13.125
206	836	13.125
206	2428	13.0625
206	3343	13.0625
206	880	13.0625
206	1322	13
206	1341	13
206	4931	13
206	1378	12.9375
206	1455	12.9375
206	246	12.875
206	2561	12.875
206	4925	12.875
206	4941	12.875
206	5148	12.875
206	874	12.875
206	1066	12.8125
206	1340	12.8125
206	1594	12.8125
206	239	12.8125
206	3175	12.8125
206	3345	12.8125
206	3819	12.8125
206	4635	12.8125
206	5071	12.8125
206	738	12.8125
206	760	12.8125
206	2459	12.75
206	2578	12.75
206	4928	12.75
206	787	12.75
206	913	12.75
206	248	12.6875
206	2562	12.6875
206	2778	12.6875
206	667	12.6875
206	132	12.625
206	1345	12.625
206	1353	12.625
206	2121	12.625
206	254	12.625
206	2566	12.625
206	2574	12.625
206	4032	12.625
206	1348	12.5625
206	2343	12.5625
206	3300	12.5625
206	4907	12.5625
206	5187	12.5625
206	749	12.5625
206	866	12.5625
206	2557	12.5
206	926	12.5
206	1335	12.4375
206	1596	12.4375
206	2542	12.4375
206	2551	12.4375
206	3181	12.4375
207	598	30.125
207	338	29.5
207	314	29.25
207	315	29.25
207	618	29.25
207	515	28.875
207	602	28.75
207	306	28.625
207	413	28.5
207	432	28.5
207	548	28.5
207	600	28.5
207	319	28.375
207	474	28.375
207	532	28.375
207	558	28.375
207	283	28.25
207	332	28.25
207	336	28.25
207	354	28.25
207	455	28.25
207	503	28.25
207	565	28.25
207	345	28.125
207	419	28.125
207	5062	28.125
207	323	28
207	394	28
207	397	28
207	491	28
207	499	28
207	531	28
207	575	28
207	599	28
207	316	27.875
207	321	27.875
207	349	27.875
207	414	27.875
207	438	27.875
207	459	27.875
207	470	27.875
207	576	27.875
207	619	27.875
207	636	27.875
207	13	27.75
207	400	27.75
207	418	27.75
207	475	27.75
207	479	27.75
207	481	27.75
207	560	27.75
207	561	27.75
207	562	27.75
207	564	27.75
207	609	27.75
207	624	27.75
207	2735	27.625
207	428	27.625
207	433	27.625
207	525	27.625
207	545	27.625
207	593	27.625
207	601	27.625
207	656	27.625
207	2634	27.5
207	293	27.5
207	299	27.5
207	356	27.5
207	3621	27.5
207	415	27.5
207	439	27.5
207	457	27.5
207	501	27.5
207	505	27.5
207	542	27.5
207	552	27.5
207	559	27.5
207	626	27.5
207	289	27.375
207	307	27.375
207	320	27.375
207	340	27.375
207	346	27.375
207	376	27.375
207	402	27.375
207	417	27.375
207	435	27.375
207	44	27.375
207	444	27.375
207	500	27.375
207	551	27.375
207	17	27.25
207	2	27.25
207	333	27.25
207	347	27.25
207	404	27.25
207	409	27.25
207	456	27.25
207	492	27.25
207	518	27.25
208	1907	20.625
208	1905	20.125
208	1828	19.625
208	1925	19.625
208	1933	19.625
208	1904	19.5
208	1857	19.25
208	1926	19.125
208	1866	19
208	1867	19
208	1908	19
208	1950	19
208	1853	18.875
208	1916	18.75
208	1955	18.75
208	1388	18.625
208	1885	18.625
208	1891	18.625
208	1860	18.5
208	1880	18.5
208	1906	18.5
208	1953	18.5
208	1986	18.5
208	1852	18.375
208	1895	18.375
208	1410	18.25
208	1858	18.25
208	2231	18.25
208	1856	18.125
208	1861	18.125
208	1870	18.125
208	1875	18.125
208	1945	18.125
208	1947	18.125
208	1948	18.125
208	1399	18
208	1859	18
208	1863	18
208	1874	18
208	1872	17.875
208	1878	17.875
208	1896	17.875
208	1923	17.875
208	1951	17.875
208	1979	17.875
208	2202	17.875
208	1851	17.75
208	1862	17.75
208	1868	17.75
208	1869	17.75
208	1946	17.75
208	1974	17.75
208	1985	17.75
208	2004	17.75
208	1831	17.625
208	1855	17.625
208	1949	17.625
208	1952	17.625
208	1267	17.5
208	1864	17.5
208	1871	17.5
208	1897	17.5
208	1939	17.5
208	1377	17.375
208	1557	17.375
208	1956	17.375
208	1960	17.375
208	1992	17.375
208	1910	17.25
208	1917	17.25
208	1918	17.25
208	1980	17.25
208	1991	17.25
208	2003	17.25
208	1746	17.125
208	1794	17.125
208	1873	17.125
208	1889	17.125
208	1911	17.125
208	1994	17.125
208	2005	17.125
208	2022	17.125
208	2097	17.125
208	2226	17.125
208	2230	17.125
208	253	17.125
208	1128	17
208	1432	17
208	1469	17
208	1645	17
208	1808	17
208	1825	17
208	1877	17
208	1899	17
208	1931	17
208	1963	17
208	1983	17
208	1993	17
208	2014	17
208	2207	17
209	656	22.25
209	161	21.375
209	3	21.25
209	394	21
209	172	20.875
209	414	20.625
209	456	20.625
209	2508	20.5
209	642	20.5
209	214	20.25
209	2651	20.25
209	222	20.125
209	2660	20.125
209	2498	19.875
209	599	19.875
209	643	19.875
209	658	19.875
209	215	19.625
209	2657	19.625
209	515	19.625
209	163	19.5
209	2686	19.375
209	286	19.375
209	593	19.375
209	602	19.375
209	186	19.25
209	190	19.25
209	2822	19.25
209	4949	19.25
209	548	19.25
209	645	19.25
209	2377	19.125
209	282	19.125
209	2656	19
209	2810	19
209	4967	19
209	55	19
209	221	18.875
209	2630	18.875
209	5082	18.875
209	619	18.875
209	1352	18.75
209	2506	18.75
209	2637	18.75
209	2719	18.75
209	3699	18.75
209	487	18.75
209	641	18.75
209	175	18.625
209	226	18.625
209	234	18.625
209	2360	18.625
209	280	18.625
209	3383	18.625
209	481	18.625
209	570	18.625
209	614	18.625
209	644	18.625
209	657	18.625
209	824	18.625
209	1477	18.5
209	189	18.5
209	218	18.5
209	2398	18.5
209	2501	18.5
209	2567	18.5
209	2685	18.5
209	2764	18.5
209	3014	18.5
209	3588	18.5
209	462	18.5
209	4626	18.5
209	503	18.5
209	553	18.5
209	564	18.5
209	227	18.375
209	253	18.375
209	2632	18.375
209	2633	18.375
209	393	18.375
209	646	18.375
209	1384	18.25
209	171	18.25
209	217	18.25
209	225	18.25
209	2502	18.25
209	2503	18.25
209	2631	18.25
209	2687	18.25
209	2763	18.25
209	295	18.25
209	3225	18.25
209	3543	18.25
209	3547	18.25
209	400	18.25
209	406	18.25
209	444	18.25
209	4924	18.25
209	5051	18.25
209	7	18.25
210	1933	17.375
210	1825	17
210	1962	15.625
210	1826	14.6875
210	1926	14.5625
210	1988	14.3125
210	1505	14.1875
210	1797	14.0625
210	1816	14
210	1792	13.875
210	2023	13.8125
210	747	13.8125
210	1098	13.625
210	1640	13.5625
210	3300	13.5
210	3440	13.4375
210	1440	13.375
210	2963	13.375
210	3334	13.3125
210	1823	13.25
210	1805	13.1875
210	2568	13.1875
210	3571	13.1875
210	3650	13.125
210	4762	13.125
210	3048	13
210	1928	12.9375
210	2576	12.9375
210	2614	12.9375
210	1079	12.875
210	3582	12.875
210	3651	12.875
210	1639	12.8125
210	4024	12.8125
210	1449	12.75
210	1876	12.75
210	2237	12.75
210	3299	12.75
210	3625	12.75
210	1473	12.6875
210	1554	12.6875
210	2586	12.6875
210	2956	12.6875
210	3263	12.6875
210	5214	12.6875
210	1771	12.625
210	2018	12.625
210	1804	12.5625
210	2912	12.5625
210	2948	12.5625
210	3345	12.5625
210	3941	12.5625
210	1991	12.5
210	2129	12.5
210	3149	12.5
210	3500	12.5
210	3760	12.5
210	3919	12.5
210	5210	12.5
210	1478	12.4375
210	1796	12.4375
210	1822	12.4375
210	2466	12.4375
210	2898	12.4375
210	3595	12.4375
210	3714	12.4375
210	4027	12.4375
210	1927	12.375
210	1961	12.375
210	3431	12.375
210	3501	12.375
210	3575	12.375
210	3790	12.375
210	1110	12.3125
210	1411	12.3125
210	1791	12.3125
210	2019	12.3125
210	2566	12.3125
210	2617	12.3125
210	3302	12.3125
210	3659	12.3125
210	1621	12.25
210	1695	12.25
210	1696	12.25
210	2559	12.25
210	3297	12.25
210	3331	12.25
210	3402	12.25
210	3564	12.25
210	3759	12.25
210	4782	12.25
210	4819	12.25
210	1100	12.1875
210	1906	12.1875
210	1910	12.1875
210	1990	12.1875
210	2849	12.1875
210	3483	12.1875
210	3511	12.1875
210	3565	12.1875
211	463	17.25
211	499	17.125
211	500	17.125
211	501	17
211	508	17
211	618	17
211	475	16.875
211	533	16.875
211	359	16.75
211	2676	16.5
211	474	16.5
211	491	16.5
211	492	16.5
211	416	16.375
211	505	16.375
211	541	16.375
211	2672	16.25
211	420	16.25
211	429	16.25
211	557	16.25
211	394	16.125
211	412	16.125
211	437	16.125
211	609	16.125
211	442	16
211	601	16
211	407	15.9375
211	479	15.9375
211	617	15.9375
211	386	15.875
211	562	15.875
211	2446	15.8125
211	446	15.8125
211	482	15.8125
211	588	15.8125
211	599	15.8125
211	2513	15.75
211	315	15.6875
211	391	15.6875
211	631	15.6875
211	843	15.6875
211	3	15.625
211	457	15.625
211	510	15.625
211	525	15.625
211	2682	15.5625
211	401	15.5625
211	484	15.5625
211	485	15.5625
211	502	15.5625
211	561	15.5625
211	241	15.5
211	2442	15.5
211	321	15.5
211	596	15.5
211	2824	15.4375
211	354	15.4375
211	385	15.4375
211	414	15.4375
211	419	15.4375
211	4856	15.4375
211	518	15.4375
211	575	15.4375
211	242	15.375
211	405	15.375
211	552	15.375
211	503	15.3125
211	534	15.3125
211	636	15.3125
211	2441	15.25
211	2447	15.25
211	390	15.25
211	400	15.25
211	432	15.25
211	577	15.25
211	2250	15.1875
211	2451	15.1875
211	2744	15.1875
211	333	15.1875
211	356	15.1875
211	378	15.1875
211	398	15.1875
211	415	15.1875
211	913	15.1875
211	240	15.125
211	2673	15.125
211	2674	15.125
211	3182	15.125
211	458	15.125
211	553	15.125
211	641	15.125
211	644	15.125
211	655	15.125
211	2444	15.0625
211	2470	15.0625
211	290	15.0625
211	317	15.0625
211	49	15.0625
211	5164	15.0625
211	614	15.0625
212	599	27.25
212	619	27.25
212	643	26.375
212	595	26.25
212	624	26.125
212	598	25.875
212	601	25.875
212	2652	25.75
212	609	25.75
212	618	25.75
212	394	25.625
212	5164	25.625
212	642	25.625
212	656	25.5
212	2641	25.375
212	2710	25.375
212	5159	25.375
212	648	25.375
212	2643	25.25
212	5158	25.25
212	589	25.25
212	590	25.25
212	608	25.25
212	645	25.25
212	13	25.125
212	2634	25.125
212	413	25.125
212	432	25.125
212	600	25.125
212	610	25.125
212	625	25.125
212	2644	25
212	2668	25
212	354	25
212	552	25
212	562	25
212	602	25
212	603	25
212	658	25
212	2665	24.875
212	2686	24.875
212	2705	24.875
212	393	24.875
212	455	24.875
212	575	24.875
212	6	24.875
212	657	24.875
212	412	24.75
212	551	24.75
212	647	24.75
212	1298	24.625
212	2637	24.625
212	2642	24.625
212	2685	24.625
212	397	24.625
212	5155	24.625
212	5157	24.625
212	593	24.625
212	606	24.625
212	650	24.625
212	2503	24.5
212	2567	24.5
212	278	24.5
212	2791	24.5
212	620	24.5
212	623	24.5
212	646	24.5
212	2706	24.375
212	2711	24.375
212	410	24.375
212	418	24.375
212	5163	24.375
212	553	24.375
212	561	24.375
212	655	24.375
212	17	24.25
212	175	24.25
212	2687	24.25
212	2693	24.25
212	279	24.25
212	314	24.25
212	400	24.25
212	433	24.25
212	438	24.25
212	453	24.25
212	4930	24.25
212	576	24.25
212	581	24.25
212	614	24.25
212	66	24.25
212	176	24.125
212	2639	24.125
212	2666	24.125
212	560	24.125
212	596	24.125
212	627	24.125
212	212	24
212	2504	24
212	409	24
212	4631	24
213	645	15.375
213	6	15.0625
213	453	15
213	460	14.8125
213	412	14.5
213	442	14.5
213	294	14.4375
213	390	14.4375
213	394	14.4375
213	462	14.4375
213	541	14.4375
213	553	14.4375
213	401	14.3125
213	334	14.25
213	336	14.25
213	387	14.25
213	164	14.1875
213	5163	14.125
213	552	14.125
213	610	14.125
213	614	14.125
213	162	14.0625
213	386	14.0625
213	492	14.0625
213	629	14.0625
213	332	14
213	416	14
213	643	14
213	418	13.9375
213	452	13.9375
213	609	13.9375
213	326	13.875
213	391	13.875
213	449	13.875
213	402	13.8125
213	176	13.75
213	2803	13.75
213	315	13.75
213	320	13.75
213	324	13.75
213	325	13.75
213	346	13.75
213	410	13.75
213	518	13.75
213	571	13.75
213	620	13.75
213	185	13.6875
213	2705	13.6875
213	347	13.6875
213	415	13.6875
213	424	13.6875
213	484	13.6875
213	491	13.6875
213	504	13.6875
213	596	13.6875
213	218	13.625
213	393	13.625
213	405	13.625
213	419	13.625
213	448	13.625
213	456	13.625
213	551	13.625
213	589	13.625
213	619	13.625
213	642	13.625
213	163	13.5625
213	2452	13.5625
213	2766	13.5625
213	5160	13.5625
213	5165	13.5625
213	576	13.5625
213	608	13.5625
213	174	13.5
213	240	13.5
213	472	13.5
213	505	13.5
213	5159	13.5
213	573	13.5
213	597	13.5
213	631	13.5
213	741	13.5
213	175	13.4375
213	183	13.4375
213	308	13.4375
213	433	13.4375
213	437	13.4375
213	463	13.4375
213	7	13.4375
213	178	13.375
213	358	13.375
213	427	13.375
213	457	13.375
213	4681	13.375
213	483	13.375
213	508	13.375
213	5158	13.375
213	5164	13.375
213	595	13.375
213	617	13.375
213	623	13.375
214	2307	18
214	2643	18
214	2262	17.875
214	2340	17.75
214	2735	17.375
214	3613	17.375
214	4626	17.375
214	5187	17.375
214	2326	17.25
214	2517	17.25
214	2763	17.25
214	4627	17.125
214	5062	17.125
214	5149	17.125
214	5166	17.125
214	658	17.125
214	2316	17
214	250	17
214	2823	17
214	4713	17
214	4924	17
214	1998	16.875
214	2306	16.875
214	2319	16.875
214	2883	16.875
214	3614	16.875
214	3621	16.875
214	4669	16.875
214	4936	16.875
214	2308	16.75
214	2317	16.75
214	2645	16.75
214	2685	16.75
214	3450	16.75
214	5118	16.75
214	667	16.75
214	2009	16.625
214	2498	16.625
214	2567	16.625
214	2734	16.625
214	4664	16.625
214	4702	16.625
214	5072	16.625
214	5185	16.625
214	636	16.625
214	2403	16.5
214	263	16.5
214	2894	16.5
214	4623	16.5
214	4809	16.5
214	5075	16.5
214	5168	16.5
214	2315	16.375
214	2339	16.375
214	2769	16.375
214	3343	16.375
214	4835	16.375
214	4850	16.375
214	5167	16.375
214	542	16.375
214	545	16.375
214	565	16.375
214	668	16.375
214	826	16.375
214	1088	16.25
214	1213	16.25
214	2020	16.25
214	2325	16.25
214	2503	16.25
214	2589	16.25
214	3673	16.25
214	4326	16.25
214	44	16.25
214	5007	16.25
214	5205	16.25
214	641	16.25
214	716	16.25
214	2263	16.125
214	2328	16.125
214	235	16.125
214	2422	16.125
214	2634	16.125
214	2644	16.125
214	2782	16.125
214	2879	16.125
214	2979	16.125
214	4961	16.125
214	4992	16.125
214	4998	16.125
214	5011	16.125
214	5235	16.125
214	872	16.125
214	1340	16
214	210	16
214	2256	16
214	2656	16
214	2706	16
214	2744	16
214	2776	16
214	2805	16
215	2702	17
215	2731	16.5
215	660	16.375
215	2769	16.25
215	4640	16.25
215	2326	16.125
215	2735	16.125
215	546	16.125
215	2734	16
215	2883	15.9375
215	2822	15.875
215	372	15.875
215	2589	15.8125
215	4713	15.8125
215	4850	15.8125
215	5073	15.6875
215	3613	15.625
215	464	15.625
215	5062	15.625
215	548	15.625
215	2776	15.5
215	3520	15.5
215	4925	15.5
215	5003	15.5
215	5090	15.4375
215	2258	15.375
215	2350	15.375
215	2763	15.375
215	2826	15.375
215	736	15.375
215	1088	15.3125
215	2351	15.3125
215	2732	15.3125
215	2782	15.3125
215	349	15.3125
215	716	15.3125
215	2340	15.25
215	2726	15.25
215	338	15.25
215	4623	15.25
215	531	15.25
215	2262	15.1875
215	2315	15.1875
215	2773	15.1875
215	304	15.1875
215	564	15.1875
215	2713	15.125
215	2727	15.125
215	2765	15.125
215	2774	15.125
215	306	15.125
215	3621	15.125
215	4863	15.125
215	2745	15.0625
215	3588	15.0625
215	428	15.0625
215	1384	15
215	3617	15
215	5051	15
215	5075	15
215	5169	15
215	1909	14.9375
215	2408	14.9375
215	2432	14.9375
215	2764	14.9375
215	3616	14.9375
215	5118	14.9375
215	2256	14.875
215	2349	14.875
215	2643	14.875
215	2704	14.875
215	3544	14.875
215	4102	14.875
215	4814	14.875
215	5185	14.875
215	2398	14.8125
215	2503	14.8125
215	2744	14.8125
215	4924	14.8125
215	5206	14.8125
215	1364	14.75
215	1499	14.75
215	2429	14.75
215	2778	14.75
215	2815	14.75
215	4552	14.75
215	4965	14.75
215	5207	14.75
215	5223	14.75
215	2316	14.6875
215	2567	14.6875
215	5167	14.6875
215	5220	14.6875
215	668	14.6875
215	1363	14.625
215	20	14.625
215	2243	14.625
215	2733	14.625
215	2950	14.625
215	3599	14.625
216	5206	14.125
216	2567	14.0625
216	716	14.0625
216	548	14
216	5185	13.875
216	2555	13.8125
216	3564	13.8125
216	4809	13.8125
216	667	13.8125
216	3621	13.6875
216	666	13.6875
216	3613	13.625
216	3588	13.5625
216	4640	13.5625
216	4965	13.5625
216	5003	13.5625
216	660	13.5625
216	5072	13.5
216	5085	13.5
216	662	13.5
216	670	13.5
216	2350	13.375
216	668	13.375
216	1909	13.3125
216	2735	13.3125
216	5090	13.3125
216	338	13.25
216	4850	13.25
216	306	13.1875
216	314	13.1875
216	4867	13.1875
216	4895	13.1875
216	4924	13.1875
216	2338	13.125
216	3628	13.125
216	5169	13.125
216	2726	13.0625
216	3709	13.0625
216	4129	13.0625
216	5243	13.0625
216	3533	13
216	3599	13
216	3617	13
216	3668	13
216	4444	13
216	5167	13
216	1362	12.9375
216	2702	12.9375
216	4348	12.9375
216	4871	12.9375
216	2498	12.875
216	2589	12.875
216	2826	12.875
216	214	12.8125
216	2627	12.8125
216	2734	12.8125
216	428	12.8125
216	4368	12.8125
216	4449	12.8125
216	4525	12.8125
216	4622	12.8125
216	470	12.8125
216	564	12.8125
216	645	12.8125
216	2398	12.75
216	2732	12.75
216	3540	12.75
216	3629	12.75
216	4303	12.75
216	4560	12.75
216	4562	12.75
216	596	12.75
216	2756	12.6875
216	2872	12.6875
216	3614	12.6875
216	4105	12.6875
216	4201	12.6875
216	4286	12.6875
216	4540	12.6875
216	598	12.6875
216	672	12.6875
216	1385	12.625
216	2351	12.625
216	3014	12.625
216	349	12.625
216	4170	12.625
216	4214	12.625
216	4467	12.625
216	4468	12.625
216	4537	12.625
216	4623	12.625
216	5232	12.625
216	1320	12.5625
216	2401	12.5625
216	4114	12.5625
216	4212	12.5625
216	4440	12.5625
216	4484	12.5625
216	4702	12.5625
216	5010	12.5625
217	4713	22.25
217	5062	21.5
217	5073	21
217	4690	20.875
217	5185	20.875
217	4938	20.75
217	5051	20.625
217	4935	20.5
217	4640	20.375
217	5208	20.375
217	2735	20.25
217	4850	20.25
217	4925	20.25
217	5010	20.25
217	5206	20.25
217	3621	20.125
217	4664	20
217	4684	20
217	565	20
217	575	20
217	614	20
217	2567	19.75
217	4651	19.75
217	4661	19.75
217	5044	19.75
217	5224	19.75
217	2307	19.625
217	2589	19.625
217	2894	19.625
217	3337	19.625
217	4237	19.625
217	4385	19.625
217	4638	19.625
217	4671	19.625
217	4673	19.625
217	4932	19.625
217	551	19.625
217	562	19.625
217	2326	19.5
217	349	19.5
217	4693	19.5
217	4702	19.5
217	5011	19.5
217	5232	19.5
217	542	19.5
217	598	19.5
217	626	19.5
217	656	19.5
217	2306	19.375
217	2339	19.375
217	2358	19.375
217	2634	19.375
217	4660	19.375
217	4668	19.375
217	4686	19.375
217	4805	19.375
217	4885	19.375
217	5157	19.375
217	5209	19.375
217	531	19.375
217	564	19.375
217	603	19.375
217	658	19.375
217	1363	19.25
217	2315	19.25
217	2405	19.25
217	2883	19.25
217	3588	19.25
217	4626	19.25
217	4653	19.25
217	4665	19.25
217	4731	19.25
217	4734	19.25
217	4748	19.25
217	5216	19.25
217	5229	19.25
217	548	19.25
217	643	19.25
217	1090	19.125
217	2258	19.125
217	2354	19.125
217	2398	19.125
217	2731	19.125
217	3821	19.125
217	431	19.125
217	4650	19.125
217	4737	19.125
217	4750	19.125
217	4807	19.125
217	4839	19.125
217	4871	19.125
217	4937	19.125
217	5219	19.125
217	5225	19.125
217	5228	19.125
217	559	19.125
217	599	19.125
217	632	19.125
217	67	19.125
217	167	19
218	5213	20
218	3734	18
218	3224	17
218	5019	17
218	3212	16.875
218	3529	16.875
218	2954	16.75
218	3527	16.75
218	3741	16.75
218	5020	16.75
218	3578	16.625
218	3536	16.5
218	3541	16.5
218	2687	16.375
218	3526	16.375
218	3736	16.375
218	3379	16.25
218	3566	16.25
218	829	16.25
218	3002	16.125
218	3428	16.125
218	3735	16.125
218	1284	16
218	3266	16
218	3537	16
218	3590	16
218	3666	16
218	4415	16
218	2741	15.9375
218	3320	15.9375
218	3558	15.9375
218	3737	15.9375
218	707	15.9375
218	2742	15.875
218	2781	15.875
218	2789	15.875
218	3264	15.875
218	3538	15.8125
218	3659	15.8125
218	4123	15.8125
218	632	15.8125
218	1115	15.75
218	3371	15.75
218	3437	15.75
218	3525	15.75
218	3559	15.75
218	3711	15.75
218	4786	15.75
218	4947	15.75
218	5171	15.75
218	2447	15.6875
218	2830	15.6875
218	3004	15.6875
218	3213	15.6875
218	3542	15.6875
218	4304	15.6875
218	1206	15.625
218	3168	15.625
218	3319	15.625
218	346	15.625
218	3540	15.625
218	3625	15.625
218	3664	15.625
218	3698	15.625
218	4854	15.625
218	4977	15.625
218	5052	15.625
218	5165	15.625
218	635	15.625
218	708	15.625
218	2642	15.5625
218	2780	15.5625
218	3102	15.5625
218	3233	15.5625
218	3336	15.5625
218	3384	15.5625
218	3446	15.5625
218	3851	15.5625
218	4519	15.5625
218	4931	15.5625
218	4948	15.5625
218	5182	15.5625
218	5212	15.5625
218	876	15.5625
218	2577	15.5
218	2711	15.5
218	2876	15.5
218	3208	15.5
218	323	15.5
218	3234	15.5
218	3235	15.5
218	3308	15.5
218	3560	15.5
218	4531	15.5
218	4692	15.5
218	2464	15.4375
218	2639	15.4375
218	2767	15.4375
218	2867	15.4375
218	2966	15.4375
219	1755	23.75
219	1757	23.625
219	1764	23
219	1752	22.625
219	1759	22.25
219	1769	22.25
219	1410	22.125
219	1763	22.125
219	1766	22
219	1768	21.75
219	1760	21.5
219	1771	21.5
219	1770	21.125
219	1758	21
219	2760	21
219	1761	20.75
219	1756	20.625
219	1772	20.625
219	1767	20.5
219	2769	20.5
219	2790	20.375
219	4548	20.375
219	1377	20.25
219	4352	20.25
219	1443	20.125
219	1762	20.125
219	2150	20.125
219	4147	20.125
219	1399	20
219	2789	20
219	4141	20
219	4368	20
219	4371	20
219	1650	19.875
219	1748	19.875
219	1979	19.875
219	2152	19.875
219	2153	19.875
219	2167	19.875
219	2244	19.875
219	2566	19.875
219	2818	19.875
219	4143	19.875
219	4373	19.875
219	4785	19.875
219	1228	19.75
219	1657	19.75
219	1672	19.75
219	1695	19.75
219	1741	19.75
219	2148	19.75
219	2190	19.75
219	3004	19.75
219	4137	19.75
219	4142	19.75
219	4334	19.75
219	4372	19.75
219	1257	19.625
219	1652	19.625
219	1670	19.625
219	1683	19.625
219	1717	19.625
219	1865	19.625
219	2146	19.625
219	2204	19.625
219	2758	19.625
219	4132	19.625
219	4189	19.625
219	4360	19.625
219	4369	19.625
219	1454	19.5
219	1680	19.5
219	1696	19.5
219	1803	19.5
219	1937	19.5
219	2149	19.5
219	2156	19.5
219	2157	19.5
219	2159	19.5
219	4138	19.5
219	4533	19.5
219	4581	19.5
219	5240	19.5
219	1432	19.375
219	1644	19.375
219	1655	19.375
219	1656	19.375
219	1674	19.375
219	1688	19.375
219	1706	19.375
219	1737	19.375
219	1746	19.375
219	1872	19.375
219	1950	19.375
219	1974	19.375
219	1977	19.375
219	2151	19.375
219	2158	19.375
219	2161	19.375
219	2230	19.375
220	575	19.75
220	552	19.625
220	595	19.25
220	599	19.25
220	624	19.25
220	2667	19
220	588	19
220	2644	18.875
220	590	18.875
220	609	18.875
220	610	18.875
220	290	18.75
220	4931	18.75
220	5159	18.75
220	553	18.75
220	605	18.75
220	619	18.75
220	648	18.75
220	2685	18.625
220	336	18.625
220	560	18.625
220	650	18.625
220	658	18.625
220	2643	18.5
220	5155	18.5
220	551	18.5
220	13	18.375
220	2444	18.375
220	279	18.375
220	332	18.375
220	393	18.375
220	559	18.375
220	585	18.375
220	594	18.375
220	606	18.375
220	623	18.375
220	2512	18.25
220	2634	18.25
220	2637	18.25
220	2652	18.25
220	319	18.25
220	358	18.25
220	455	18.25
220	608	18.25
220	2635	18.125
220	2693	18.125
220	2705	18.125
220	346	18.125
220	558	18.125
220	576	18.125
220	601	18.125
220	627	18.125
220	2510	18
220	2513	18
220	2543	18
220	2653	18
220	2666	18
220	2678	18
220	2687	18
220	284	18
220	354	18
220	400	18
220	409	18
220	413	18
220	4930	18
220	593	18
220	172	17.875
220	2443	17.875
220	2504	17.875
220	2645	17.875
220	2689	17.875
220	2690	17.875
220	2714	17.875
220	2791	17.875
220	314	17.875
220	315	17.875
220	321	17.875
220	323	17.875
220	333	17.875
220	337	17.875
220	438	17.875
220	620	17.875
220	625	17.875
220	645	17.875
220	165	17.75
220	2452	17.75
220	2471	17.75
220	2692	17.75
220	325	17.75
220	339	17.75
220	3543	17.75
220	410	17.75
220	432	17.75
220	435	17.75
220	456	17.75
220	4681	17.75
220	5163	17.75
220	573	17.75
220	647	17.75
220	657	17.75
221	214	22.625
221	229	22.125
221	182	22
221	218	21.75
221	52	21.5
221	172	21.375
221	191	21.125
221	132	21
221	250	20.875
221	254	20.875
221	161	20.75
221	186	20.75
221	222	20.75
221	234	20.75
221	66	20.75
221	193	20.375
221	235	20.375
221	163	20.25
221	187	20.25
221	2686	19.875
221	164	19.75
221	160	19.625
221	57	19.625
221	175	19.5
221	190	19.375
221	210	19.375
221	251	19.375
221	44	19.375
221	176	19.125
221	189	19.125
221	2641	19.125
221	51	19.125
221	216	19
221	228	19
221	2629	19
221	394	19
221	4627	19
221	4947	19
221	2626	18.875
221	531	18.875
221	2634	18.75
221	5084	18.75
221	5140	18.75
221	658	18.75
221	826	18.75
221	192	18.625
221	2666	18.625
221	4935	18.625
221	564	18.625
221	595	18.625
221	77	18.625
221	227	18.5
221	2384	18.5
221	2415	18.5
221	2499	18.5
221	2567	18.5
221	2823	18.5
221	548	18.5
221	619	18.5
221	657	18.5
221	1090	18.375
221	2426	18.375
221	2428	18.375
221	2503	18.375
221	2710	18.375
221	2939	18.375
221	2990	18.375
221	3180	18.375
221	4930	18.375
221	2498	18.25
221	2685	18.25
221	283	18.25
221	3183	18.25
221	3540	18.25
221	3686	18.25
221	470	18.25
221	562	18.25
221	213	18.125
221	223	18.125
221	2306	18.125
221	2377	18.125
221	2386	18.125
221	2393	18.125
221	2589	18.125
221	2638	18.125
221	3672	18.125
221	5051	18.125
221	5166	18.125
221	656	18.125
221	1362	18
221	154	18
221	2262	18
221	2414	18
221	2501	18
221	262	18
221	2630	18
221	2643	18
221	2644	18
221	2763	18
221	2764	18
222	2813	16.375
222	5000	16.375
222	5002	16.375
222	4925	16.25
222	4953	16.25
222	4690	16.125
222	4964	16.125
222	4730	16
222	4889	16
222	2816	15.9375
222	4644	15.9375
222	4870	15.9375
222	4752	15.875
222	4896	15.875
222	4950	15.875
222	5001	15.875
222	4751	15.75
222	4873	15.75
222	4888	15.75
222	4961	15.75
222	4997	15.75
222	4998	15.75
222	4737	15.6875
222	4876	15.625
222	4959	15.625
222	4719	15.5625
222	4754	15.5625
222	4887	15.5625
222	4957	15.5625
222	5029	15.5
222	5154	15.5
222	2756	15.4375
222	2820	15.4375
222	4715	15.4375
222	4648	15.375
222	4665	15.375
222	4966	15.375
222	4968	15.375
222	4976	15.375
222	4994	15.375
222	5081	15.375
222	4704	15.3125
222	4872	15.3125
222	4929	15.3125
222	4655	15.25
222	4673	15.25
222	4688	15.25
222	4693	15.25
222	4756	15.25
222	4880	15.25
222	4892	15.25
222	4992	15.25
222	5005	15.25
222	5080	15.25
222	5233	15.25
222	4749	15.1875
222	4905	15.1875
222	4954	15.1875
222	4969	15.125
222	4978	15.125
222	4987	15.125
222	4867	15.0625
222	4878	15.0625
222	4899	15.0625
222	4901	15.0625
222	4975	15.0625
222	4993	15.0625
222	4734	15
222	4871	15
222	4875	15
222	4963	15
222	5083	15
222	2817	14.9375
222	4671	14.9375
222	4686	14.9375
222	4708	14.9375
222	4745	14.9375
222	4891	14.9375
222	4898	14.9375
222	4991	14.9375
222	5167	14.9375
222	4668	14.875
222	47	14.875
222	4890	14.875
222	4903	14.875
222	4904	14.875
222	4938	14.875
222	4980	14.875
222	5021	14.875
222	133	14.8125
222	2755	14.8125
222	4721	14.8125
222	4882	14.8125
222	4894	14.8125
222	4971	14.8125
222	4986	14.8125
222	5018	14.8125
222	5043	14.8125
222	5166	14.8125
222	4732	14.75
223	632	16.75
223	4785	16.375
223	645	16.125
223	164	16
223	2823	15.9375
223	620	15.9375
223	2806	15.875
223	619	15.875
223	2503	15.8125
223	2686	15.75
223	2791	15.75
223	3547	15.75
223	2643	15.6875
223	656	15.6875
223	2634	15.625
223	433	15.625
223	2799	15.5625
223	432	15.5
223	5108	15.5
223	577	15.5
223	602	15.5
223	163	15.4375
223	214	15.375
223	234	15.375
223	4924	15.375
223	548	15.375
223	2685	15.3125
223	562	15.3125
223	66	15.3125
223	175	15.25
223	191	15.25
223	227	15.25
223	2641	15.25
223	2710	15.25
223	2824	15.25
223	4640	15.25
223	609	15.25
223	623	15.25
223	2803	15.1875
223	394	15.1875
223	52	15.1875
223	189	15.125
223	2644	15.125
223	2764	15.125
223	2767	15.125
223	4631	15.125
223	222	15.0625
223	306	15.0625
223	3221	15.0625
223	595	15.0625
223	2298	15
223	235	15
223	2567	15
223	2805	15
223	636	15
223	641	15
223	2765	14.9375
223	2766	14.9375
223	2768	14.9375
223	2769	14.9375
223	2783	14.9375
223	624	14.9375
223	647	14.9375
223	1184	14.875
223	161	14.875
223	2260	14.875
223	2632	14.875
223	2666	14.875
223	2687	14.875
223	2726	14.875
223	2735	14.875
223	3002	14.875
223	346	14.875
223	5136	14.875
223	5225	14.875
223	5232	14.875
223	596	14.875
223	599	14.875
223	629	14.875
223	642	14.875
223	176	14.8125
223	229	14.8125
223	2716	14.8125
223	2753	14.8125
223	354	14.8125
223	4360	14.8125
223	4486	14.8125
223	4632	14.8125
223	4961	14.8125
223	5160	14.8125
223	5169	14.8125
223	5227	14.8125
223	589	14.8125
223	598	14.8125
223	614	14.8125
223	173	14.75
223	2510	14.75
223	2638	14.75
223	2743	14.75
223	2744	14.75
224	4611	14.4375
224	4252	14.375
224	4618	14.25
224	4609	14.1875
224	4617	14.1875
224	4253	14.125
224	4257	14.125
224	4610	14.125
224	4612	14.0625
224	4614	14
224	4619	14
224	4246	13.875
224	4254	13.875
224	791	13.8125
224	4245	13.75
224	4596	13.75
224	790	13.6875
224	779	13.625
224	794	13.625
224	781	13.5625
224	4251	13.5
224	4581	13.5
224	4250	13.4375
224	4256	13.4375
224	4535	13.4375
224	4604	13.375
224	4249	13.3125
224	4255	13.3125
224	4372	13.3125
224	1253	13.25
224	4231	13.25
224	795	13.25
224	4477	13.125
224	4361	13
224	4362	13
224	4476	12.9375
224	4616	12.9375
224	798	12.9375
224	4480	12.8125
224	1677	12.75
224	2470	12.75
224	4228	12.75
224	4326	12.75
224	4356	12.75
224	4519	12.75
224	4598	12.75
224	4478	12.6875
224	4243	12.625
224	4463	12.625
224	4620	12.5625
224	4959	12.5625
224	1679	12.5
224	4360	12.5
224	4460	12.5
224	2081	12.4375
224	2160	12.4375
224	4242	12.4375
224	4615	12.4375
224	774	12.4375
224	2212	12.375
224	4239	12.375
224	4304	12.375
224	4622	12.375
224	1223	12.3125
224	1685	12.3125
224	4235	12.3125
224	4240	12.3125
224	1128	12.25
224	1250	12.25
224	1672	12.25
224	4244	12.25
224	4623	12.25
224	1655	12.1875
224	1735	12.1875
224	2158	12.1875
224	4486	12.1875
224	1185	12.125
224	1277	12.125
224	1282	12.125
224	1486	12.125
224	1657	12.125
224	1727	12.125
224	2242	12.125
224	4233	12.125
224	4366	12.125
224	4500	12.125
224	801	12.125
224	1252	12.0625
224	1591	12.0625
224	1652	12.0625
224	1670	12.0625
224	2216	12.0625
224	4094	12.0625
224	4181	12.0625
224	4190	12.0625
224	4213	12.0625
224	4232	12.0625
224	4387	12.0625
224	1188	12
224	1910	12
225	5185	19
225	5186	17.75
225	5062	17.125
225	4961	17
225	5107	17
225	3100	16.875
225	4932	16.875
225	5092	16.875
225	3111	16.75
225	4950	16.75
225	5166	16.75
225	5193	16.75
225	5209	16.75
225	5213	16.75
225	2769	16.625
225	2894	16.625
225	3575	16.625
225	2325	16.5
225	2532	16.5
225	3097	16.5
225	3109	16.5
225	3123	16.5
225	3131	16.5
225	4925	16.5
225	4933	16.5
225	5000	16.5
225	5084	16.5
225	5208	16.5
225	5233	16.5
225	2874	16.375
225	3040	16.375
225	3101	16.375
225	4737	16.375
225	4816	16.375
225	4896	16.375
225	4924	16.375
225	5007	16.375
225	5073	16.375
225	5207	16.375
225	5211	16.375
225	1213	16.25
225	3122	16.25
225	3173	16.25
225	3547	16.25
225	3564	16.25
225	3577	16.25
225	4713	16.25
225	4803	16.25
225	4918	16.25
225	5072	16.25
225	5135	16.25
225	5154	16.25
225	5206	16.25
225	5229	16.25
225	2882	16.125
225	3053	16.125
225	3114	16.125
225	3709	16.125
225	4953	16.125
225	5082	16.125
225	5148	16.125
225	5216	16.125
225	765	16.125
225	870	16.125
225	2510	16
225	3039	16
225	3071	16
225	3579	16
225	3611	16
225	3687	16
225	3832	16
225	4626	16
225	4701	16
225	4837	16
225	5012	16
225	869	16
225	2282	15.9375
225	2881	15.9375
225	3130	15.9375
225	3619	15.9375
225	3703	15.9375
225	5029	15.9375
225	5168	15.9375
225	1194	15.875
225	2353	15.875
225	2600	15.875
225	2747	15.875
225	2977	15.875
225	3096	15.875
225	3104	15.875
225	3572	15.875
225	3689	15.875
225	3692	15.875
225	3763	15.875
225	4665	15.875
225	5013	15.875
225	591	15.875
225	740	15.875
225	1499	15.8125
225	2870	15.8125
226	409	16
226	2567	15.625
226	2628	15.625
226	2629	15.625
226	2634	15.625
226	558	15.625
226	619	15.625
226	624	15.625
226	650	15.625
226	2626	15.5625
226	531	15.5625
226	550	15.5
226	2666	15.4375
226	2504	15.375
226	590	15.375
226	657	15.375
226	432	15.25
226	2499	15.1875
226	551	15.1875
226	643	15.1875
226	2652	15.125
226	2670	15.125
226	599	15.125
226	655	15.125
226	2632	15.0625
226	4930	15.0625
226	561	15.0625
226	2498	15
226	2640	15
226	2644	15
226	641	15
226	2641	14.9375
226	456	14.9375
226	589	14.9375
226	609	14.9375
226	623	14.9375
226	654	14.9375
226	658	14.9375
226	867	14.9375
226	571	14.875
226	412	14.8125
226	5	14.8125
226	593	14.8125
226	642	14.8125
226	2690	14.75
226	281	14.75
226	393	14.75
226	442	14.75
226	585	14.75
226	594	14.75
226	2507	14.6875
226	2508	14.6875
226	2513	14.6875
226	2643	14.6875
226	2665	14.6875
226	474	14.6875
226	570	14.6875
226	645	14.6875
226	648	14.6875
226	2637	14.625
226	2706	14.625
226	5158	14.625
226	620	14.625
226	2685	14.5625
226	290	14.5625
226	401	14.5625
226	413	14.5625
226	5164	14.5625
226	530	14.5625
226	564	14.5625
226	595	14.5625
226	618	14.5625
226	2627	14.5
226	2656	14.5
226	2686	14.5
226	2765	14.5
226	553	14.5
226	2687	14.4375
226	2774	14.4375
226	433	14.4375
226	562	14.4375
226	656	14.4375
226	2478	14.375
226	2501	14.375
226	2705	14.375
226	284	14.375
226	299	14.375
226	435	14.375
226	5159	14.375
226	608	14.375
226	638	14.375
226	646	14.375
226	2402	14.3125
226	2654	14.3125
226	2658	14.3125
226	289	14.3125
226	298	14.3125
226	387	14.3125
226	426	14.3125
226	560	14.3125
227	336	24.875
227	657	24.25
227	306	24
227	338	23.875
227	316	23.25
227	658	23
227	551	22.75
227	601	22.75
227	654	22.75
227	656	22.75
227	603	22.625
227	560	22.5
227	602	22.5
227	332	22.375
227	552	22.375
227	627	22.375
227	599	22.125
227	340	22
227	553	22
227	562	22
227	417	21.875
227	549	21.875
227	558	21.875
227	588	21.875
227	604	21.875
227	324	21.75
227	410	21.75
227	456	21.75
227	618	21.75
227	339	21.625
227	409	21.625
227	595	21.625
227	319	21.375
227	435	21.375
227	590	21.375
227	609	21.375
227	619	21.375
227	314	21.25
227	333	21.25
227	438	21.25
227	459	21.25
227	561	21.25
227	2634	21.125
227	413	21.125
227	575	21.125
227	620	21.125
227	623	21.125
227	645	21.125
227	2803	21
227	346	21
227	397	21
227	550	21
227	565	21
227	581	21
227	647	21
227	2685	20.875
227	2705	20.875
227	315	20.875
227	354	20.875
227	610	20.875
227	66	20.875
227	163	20.75
227	2567	20.75
227	2635	20.75
227	345	20.75
227	527	20.75
227	559	20.75
227	600	20.75
227	614	20.75
227	175	20.625
227	2641	20.625
227	402	20.625
227	455	20.625
227	557	20.625
227	576	20.625
227	2642	20.5
227	398	20.5
227	416	20.5
227	487	20.5
227	564	20.5
227	642	20.5
227	643	20.5
227	2644	20.375
227	2686	20.375
227	2765	20.375
227	2773	20.375
227	394	20.375
227	404	20.375
227	406	20.375
227	433	20.375
227	444	20.375
227	492	20.375
227	624	20.375
227	641	20.375
227	655	20.375
227	2643	20.25
227	2665	20.25
227	2766	20.25
227	321	20.25
227	347	20.25
228	2939	15
228	3450	14.8125
228	5111	14.8125
228	5116	14.8125
228	2669	14.75
228	5122	14.75
228	2916	14.6875
228	5101	14.6875
228	2502	14.625
228	5110	14.625
228	5115	14.625
228	1698	14.5625
228	3451	14.5
228	3582	14.5
228	5177	14.5
228	2694	14.4375
228	4337	14.4375
228	2197	14.375
228	2260	14.375
228	3326	14.375
228	5125	14.375
228	5142	14.375
228	2872	14.3125
228	3707	14.3125
228	5105	14.3125
228	1414	14.25
228	3217	14.25
228	3575	14.25
228	5102	14.25
228	5126	14.25
228	1965	14.1875
228	221	14.1875
228	2735	14.1875
228	3379	14.1875
228	3699	14.1875
228	632	14.1875
228	841	14.1875
228	214	14.125
228	2656	14.125
228	3572	14.125
228	3662	14.125
228	4735	14.125
228	4766	14.125
228	4850	14.125
228	5134	14.125
228	2639	14.0625
228	3540	14.0625
228	3541	14.0625
228	3560	14.0625
228	4422	14.0625
228	5049	14.0625
228	5144	14.0625
228	5173	14.0625
228	2622	14
228	2909	14
228	3384	14
228	3708	14
228	4447	14
228	5106	14
228	5182	14
228	1395	13.9375
228	3455	13.9375
228	3686	13.9375
228	3711	13.9375
228	3855	13.9375
228	4348	13.9375
228	4809	13.9375
228	5019	13.9375
228	5151	13.9375
228	2175	13.875
228	2619	13.875
228	2657	13.875
228	2883	13.875
228	2989	13.875
228	3581	13.875
228	3589	13.875
228	3664	13.875
228	3866	13.875
228	4307	13.875
228	5180	13.875
228	1753	13.8125
228	2147	13.8125
228	2638	13.8125
228	3659	13.8125
228	3694	13.8125
228	3724	13.8125
228	3726	13.8125
228	4949	13.8125
228	5179	13.8125
228	1112	13.75
228	3660	13.75
228	4765	13.75
228	4803	13.75
228	4970	13.75
228	5140	13.75
228	5183	13.75
228	1646	13.6875
228	213	13.6875
228	3543	13.6875
228	3610	13.6875
229	4805	24.25
229	4803	23.5
229	4804	22.5
229	4784	22
229	4828	21.625
229	176	20.875
229	262	20.75
229	4734	20.625
229	4850	20.625
229	4810	20.125
229	314	20
229	553	20
229	133	19.875
229	3208	19.875
229	575	19.75
229	66	19.75
229	80	19.75
229	177	19.625
229	165	19.5
229	167	19.5
229	185	19.5
229	247	19.5
229	40	19.5
229	166	19.375
229	183	19.375
229	188	19.375
229	2448	19.375
229	253	19.375
229	3246	19.375
229	174	19.25
229	211	19.25
229	2208	19.25
229	2641	19.25
229	31	19.25
229	39	19.25
229	60	19.25
229	77	19.25
229	121	19.125
229	154	19.125
229	164	19.125
229	255	19.125
229	562	19.125
229	773	19.125
229	208	19
229	2155	19
229	251	19
229	2517	19
229	266	19
229	2677	19
229	2687	19
229	47	19
229	5175	19
229	112	18.875
229	1377	18.875
229	195	18.875
229	206	18.875
229	209	18.875
229	219	18.875
229	2247	18.875
229	2444	18.875
229	2489	18.875
229	250	18.875
229	257	18.875
229	2640	18.875
229	4811	18.875
229	4933	18.875
229	515	18.875
229	1010	18.75
229	162	18.75
229	1817	18.75
229	1878	18.75
229	2126	18.75
229	2201	18.75
229	261	18.75
229	3704	18.75
229	5202	18.75
229	55	18.75
229	606	18.75
229	648	18.75
229	849	18.75
229	98	18.75
229	110	18.625
229	1178	18.625
229	1443	18.625
229	145	18.625
229	1731	18.625
229	1806	18.625
229	1811	18.625
229	1874	18.625
229	204	18.625
229	212	18.625
229	2158	18.625
229	2217	18.625
229	230	18.625
229	246	18.625
229	2639	18.625
229	2758	18.625
229	323	18.625
229	338	18.625
229	43	18.625
230	2942	20.25
230	2940	19.75
230	2947	19.75
230	3312	19.75
230	3913	19.75
230	4008	19.75
230	1461	19.625
230	2941	19.5
230	4011	19.5
230	2943	19.375
230	2944	19.375
230	3051	19.375
230	3057	19.375
230	1108	19.25
230	2462	19.25
230	3172	19.25
230	4063	19.25
230	856	19.25
230	2678	19.125
230	3081	19.125
230	3882	19.125
230	3901	19.125
230	3951	19.125
230	4061	19.125
230	4062	19.125
230	2682	19
230	3804	19
230	3818	19
230	3857	19
230	3858	19
230	3900	19
230	4068	19
230	2929	18.875
230	3423	18.875
230	3583	18.875
230	3872	18.875
230	3902	18.875
230	3949	18.875
230	4006	18.875
230	4007	18.875
230	4066	18.875
230	2681	18.75
230	3405	18.75
230	3407	18.75
230	3422	18.75
230	3803	18.75
230	3952	18.75
230	3958	18.75
230	4054	18.75
230	4060	18.75
230	4067	18.75
230	4071	18.75
230	889	18.75
230	1109	18.625
230	1445	18.625
230	2948	18.625
230	2952	18.625
230	3054	18.625
230	3131	18.625
230	3584	18.625
230	3587	18.625
230	3778	18.625
230	3881	18.625
230	4055	18.625
230	4087	18.625
230	4122	18.625
230	858	18.625
230	1478	18.5
230	3060	18.5
230	3419	18.5
230	3578	18.5
230	3796	18.5
230	3797	18.5
230	3798	18.5
230	3801	18.5
230	3815	18.5
230	3950	18.5
230	4032	18.5
230	4053	18.5
230	4057	18.5
230	4078	18.5
230	5093	18.5
230	1016	18.375
230	1818	18.375
230	2461	18.375
230	2946	18.375
230	2951	18.375
230	3220	18.375
230	3436	18.375
230	3514	18.375
230	3515	18.375
230	3603	18.375
230	4050	18.375
230	4065	18.375
230	4076	18.375
230	4833	18.375
230	4912	18.375
230	4934	18.375
230	5050	18.375
230	1110	18.25
231	588	22.125
231	552	21.5
231	3818	21.25
231	2690	21.125
231	306	21.125
231	595	20.875
231	1699	20.625
231	2117	20.5
231	3804	20.25
231	3805	20.25
231	4953	20.25
231	2634	20.125
231	3734	20.125
231	3808	20.125
231	4123	20.125
231	5052	20.125
231	1486	20
231	4086	20
231	5195	20
231	2090	19.875
231	2111	19.875
231	2678	19.875
231	2682	19.875
231	3856	19.875
231	4952	19.875
231	4965	19.875
231	636	19.875
231	1362	19.75
231	1548	19.75
231	2109	19.75
231	3789	19.75
231	3882	19.75
231	4947	19.75
231	548	19.75
231	915	19.75
231	1710	19.625
231	2461	19.625
231	2708	19.625
231	3959	19.625
231	1451	19.5
231	1545	19.5
231	1553	19.5
231	175	19.5
231	2567	19.5
231	2816	19.5
231	3261	19.5
231	354	19.5
231	3628	19.5
231	3812	19.5
231	3954	19.5
231	1218	19.375
231	2032	19.375
231	315	19.375
231	3328	19.375
231	3695	19.375
231	3914	19.375
231	3999	19.375
231	4038	19.375
231	4076	19.375
231	4833	19.375
231	4960	19.375
231	5152	19.375
231	5171	19.375
231	5193	19.375
231	658	19.375
231	1445	19.25
231	1485	19.25
231	1499	19.25
231	2515	19.25
231	2637	19.25
231	2871	19.25
231	3547	19.25
231	3577	19.25
231	3620	19.25
231	3751	19.25
231	3811	19.25
231	3858	19.25
231	3876	19.25
231	4054	19.25
231	4082	19.25
231	5202	19.25
231	5206	19.25
231	564	19.25
231	718	19.25
231	1011	19.125
231	2039	19.125
231	2533	19.125
231	2716	19.125
231	2744	19.125
231	2805	19.125
231	3543	19.125
231	3820	19.125
231	3857	19.125
231	3878	19.125
231	3947	19.125
231	4021	19.125
231	4061	19.125
231	4062	19.125
231	4907	19.125
231	4930	19.125
232	3525	12.625
232	5214	12.5
232	3320	12.3125
232	230	12.25
232	3538	12.25
232	3736	12.1875
232	3313	12
232	3735	12
232	3537	11.9375
232	4804	11.9375
232	3335	11.875
232	5173	11.875
232	3734	11.8125
232	4496	11.75
232	5213	11.75
232	67	11.75
232	3526	11.6875
232	5217	11.6875
232	3542	11.625
232	5212	11.625
232	2780	11.5625
232	3035	11.5625
232	3656	11.5625
232	3741	11.5625
232	5014	11.5625
232	2931	11.5
232	5171	11.5
232	5211	11.5
232	2781	11.4375
232	3053	11.4375
232	3412	11.4375
232	5206	11.4375
232	3527	11.375
232	3553	11.375
232	3663	11.375
232	4854	11.375
232	3071	11.3125
232	3541	11.3125
232	3662	11.3125
232	4909	11.3125
232	5222	11.3125
232	235	11.25
232	2463	11.25
232	3102	11.25
232	3546	11.25
232	3566	11.25
232	3654	11.25
232	4495	11.25
232	4801	11.25
232	5165	11.25
232	5209	11.25
232	5241	11.25
232	71	11.25
232	76	11.25
232	2843	11.1875
232	2964	11.1875
232	3070	11.1875
232	3530	11.1875
232	3584	11.1875
232	3635	11.1875
232	3704	11.1875
232	812	11.1875
232	838	11.1875
232	98	11.1875
232	109	11.125
232	1197	11.125
232	1205	11.125
232	152	11.125
232	2941	11.125
232	3212	11.125
232	3259	11.125
232	3564	11.125
232	3590	11.125
232	3604	11.125
232	3725	11.125
232	4803	11.125
232	5115	11.125
232	5210	11.125
232	77	11.125
232	117	11.0625
232	128	11.0625
232	147	11.0625
232	167	11.0625
232	218	11.0625
232	2538	11.0625
232	257	11.0625
232	3074	11.0625
232	3220	11.0625
232	3562	11.0625
232	3653	11.0625
232	5019	11.0625
232	100	11
232	237	11
232	2930	11
232	3051	11
232	3528	11
232	3543	11
232	3558	11
232	3581	11
232	3668	11
233	3500	25.375
233	3497	24.25
233	3499	24.125
233	3465	22.75
233	5118	22.625
233	3020	22.25
233	3326	22
233	5017	21.125
233	3306	21
233	1423	20.875
233	3392	20.875
233	3409	20.875
233	5050	20.875
233	5078	20.875
233	2872	20.75
233	3485	20.75
233	4762	20.75
233	5016	20.75
233	4237	20.625
233	3180	20.5
233	5052	20.5
233	5137	20.5
233	1909	20.375
233	2735	20.375
233	3402	20.375
233	4713	20.375
233	1162	20.25
233	3264	20.25
233	3403	20.25
233	4157	20.25
233	5012	20.25
233	5206	20.25
233	5209	20.25
233	618	20.25
233	3283	20.125
233	3449	20.125
233	4995	20.125
233	1610	20
233	1936	20
233	1976	20
233	3564	20
233	3621	20
233	5193	20
233	5213	20
233	1777	19.875
233	2841	19.875
233	3184	19.875
233	3341	19.875
233	5010	19.875
233	5011	19.875
233	5045	19.875
233	5059	19.875
233	651	19.875
233	784	19.875
233	1445	19.75
233	1541	19.75
233	2043	19.75
233	2147	19.75
233	2742	19.75
233	2976	19.75
233	4627	19.75
233	4835	19.75
233	4937	19.75
233	4950	19.75
233	5113	19.75
233	5117	19.75
233	5179	19.75
233	5216	19.75
233	1009	19.625
233	1987	19.625
233	2032	19.625
233	2041	19.625
233	2832	19.625
233	3112	19.625
233	4083	19.625
233	4792	19.625
233	4931	19.625
233	5051	19.625
233	5142	19.625
233	5182	19.625
233	5196	19.625
233	5210	19.625
233	656	19.625
233	1252	19.5
233	1605	19.5
233	1607	19.5
233	1621	19.5
233	1646	19.5
233	1842	19.5
233	1898	19.5
233	2635	19.5
233	2926	19.5
233	3568	19.5
233	3610	19.5
233	3825	19.5
233	3941	19.5
233	4622	19.5
233	5003	19.5
233	5076	19.5
233	5134	19.5
234	4011	21
234	4008	20.75
234	4007	20
234	4006	19.75
234	2942	19.5
234	3949	19.375
234	3312	19.125
234	3882	19.125
234	3952	19.125
234	3950	18.875
234	3913	18.75
234	3951	18.75
234	3955	18.75
234	3944	18.625
234	1461	18.5
234	3956	18.5
234	889	18.5
234	1011	18.375
234	1108	18.375
234	1109	18.375
234	3081	18.375
234	3953	18.375
234	4062	18.375
234	858	18.375
234	2182	18.25
234	3057	18.25
234	3584	18.25
234	3804	18.25
234	3872	18.25
234	3957	18.25
234	3958	18.25
234	4009	18.25
234	4086	18.25
234	4087	18.25
234	852	18.25
234	854	18.25
234	1032	18.125
234	2462	18.125
234	2678	18.125
234	2940	18.125
234	3583	18.125
234	3751	18.125
234	3881	18.125
234	4032	18.125
234	4055	18.125
234	4061	18.125
234	4078	18.125
234	1478	18
234	3948	18
234	4019	18
234	4060	18
234	4063	18
234	4066	18
234	856	18
234	1016	17.875
234	2682	17.875
234	2947	17.875
234	3423	17.875
234	3857	17.875
234	3912	17.875
234	2929	17.75
234	2943	17.75
234	3059	17.75
234	3172	17.75
234	3811	17.75
234	3815	17.75
234	3858	17.75
234	3914	17.75
234	3915	17.75
234	3966	17.75
234	4037	17.75
234	4050	17.75
234	4057	17.75
234	4067	17.75
234	4071	17.75
234	2941	17.625
234	3131	17.625
234	3856	17.625
234	3901	17.625
234	4077	17.625
234	4085	17.625
234	663	17.625
234	1373	17.5
234	2191	17.5
234	3865	17.5
234	3947	17.5
234	4014	17.5
234	4029	17.5
234	4038	17.5
234	4051	17.5
234	4053	17.5
234	4054	17.5
234	4064	17.5
234	4079	17.5
234	1445	17.375
234	2032	17.375
234	2681	17.375
234	2951	17.375
234	2960	17.375
234	3220	17.375
235	646	16.875
235	641	16.375
235	612	15.25
235	627	15.1875
235	642	15.1875
235	456	15.125
235	570	15
235	539	14.9375
235	298	14.875
235	422	14.875
235	576	14.875
235	600	14.875
235	647	14.625
235	655	14.625
235	643	14.5625
235	487	14.5
235	5164	14.5
235	599	14.5
235	657	14.375
235	598	14.3125
235	282	14.125
235	594	14
235	644	13.9375
235	654	13.9375
235	4936	13.875
235	5	13.875
235	521	13.875
235	581	13.875
235	596	13.875
235	650	13.875
235	393	13.8125
235	426	13.8125
235	571	13.75
235	13	13.6875
235	2348	13.6875
235	281	13.6875
235	3790	13.6875
235	3310	13.625
235	12	13.5625
235	3884	13.5625
235	406	13.5625
235	2404	13.5
235	2644	13.4375
235	3132	13.4375
235	652	13.4375
235	707	13.4375
235	3	13.375
235	3793	13.375
235	432	13.375
235	536	13.375
235	558	13.375
235	2	13.3125
235	399	13.3125
235	543	13.3125
235	651	13.3125
235	1526	13.25
235	3816	13.25
235	548	13.25
235	645	13.25
235	711	13.25
235	1386	13.1875
235	2685	13.1875
235	417	13.1875
235	540	13.1875
235	595	13.1875
235	6	13.1875
235	841	13.1875
235	2419	13.125
235	278	13.125
235	3791	13.125
235	400	13.125
235	1094	13.0625
235	283	13.0625
235	2505	13
235	3313	13
235	394	13
235	5007	13
235	579	13
235	601	13
235	628	13
235	648	13
235	3215	12.9375
235	449	12.9375
235	474	12.9375
235	5154	12.9375
235	616	12.9375
235	221	12.875
235	2512	12.875
235	3618	12.875
235	455	12.875
235	493	12.875
235	551	12.875
235	619	12.875
235	624	12.875
235	632	12.875
235	2373	12.8125
235	3544	12.8125
235	389	12.8125
235	5155	12.8125
235	658	12.8125
236	2818	18.25
236	2819	16.875
236	2532	15.375
236	2771	14.6875
236	2150	14.5
236	2824	14.5
236	1330	14.4375
236	2769	14.4375
236	2776	14.375
236	2805	14.375
236	1732	14.3125
236	602	14.3125
236	3639	14.1875
236	3875	14.1875
236	4519	14.1875
236	4833	14.1875
236	581	14.1875
236	1356	14.125
236	2713	14.0625
236	2727	14.0625
236	2743	14.0625
236	3004	14.0625
236	3704	14.0625
236	1329	14
236	1532	14
236	2695	14
236	2744	14
236	2148	13.9375
236	2710	13.9375
236	2738	13.9375
236	2772	13.9375
236	4233	13.9375
236	576	13.9375
236	584	13.9375
236	600	13.9375
236	1357	13.875
236	164	13.875
236	2754	13.875
236	398	13.875
236	419	13.875
236	585	13.875
236	595	13.875
236	66	13.875
236	17	13.8125
236	2157	13.8125
236	2161	13.8125
236	2164	13.8125
236	2764	13.8125
236	2823	13.8125
236	4941	13.8125
236	5148	13.8125
236	5205	13.8125
236	117	13.75
236	2458	13.75
236	2731	13.75
236	2773	13.75
236	2778	13.75
236	2807	13.75
236	2809	13.75
236	2822	13.75
236	3097	13.75
236	3214	13.75
236	356	13.75
236	3618	13.75
236	571	13.75
236	593	13.75
236	2146	13.6875
236	2702	13.6875
236	2717	13.6875
236	2763	13.6875
236	355	13.6875
236	364	13.6875
236	3686	13.6875
236	4143	13.6875
236	4231	13.6875
236	4923	13.6875
236	5154	13.6875
236	582	13.6875
236	628	13.6875
236	635	13.6875
236	169	13.625
236	1909	13.625
236	2510	13.625
236	2755	13.625
236	276	13.625
236	3130	13.625
236	3493	13.625
236	3616	13.625
236	3821	13.625
236	4498	13.625
236	4850	13.625
236	561	13.625
236	590	13.625
236	599	13.625
236	603	13.625
236	100	13.5625
236	1278	13.5625
236	2162	13.5625
236	2689	13.5625
236	2729	13.5625
237	4124	35.5
237	4121	33.75
237	4122	32.75
237	4123	31.375
237	4114	31.25
237	4131	30.125
237	4400	30.125
237	3747	29.75
237	4094	29.625
237	4138	29.5
237	4133	29.375
237	4409	29.375
237	4105	29.25
237	4135	29.25
237	799	29.25
237	3817	29.125
237	4283	29
237	4575	29
237	4327	28.875
237	3838	28.75
237	4402	28.75
237	4424	28.75
237	4445	28.75
237	4482	28.75
237	711	28.75
237	3748	28.625
237	3883	28.625
237	4304	28.625
237	1047	28.5
237	4390	28.5
237	4527	28.5
237	3650	28.375
237	3839	28.375
237	4130	28.375
237	4300	28.375
237	708	28.375
237	3816	28.25
237	3837	28.25
237	4111	28.25
237	4155	28.25
237	4207	28.25
237	4213	28.25
237	4262	28.25
237	4418	28.25
237	4522	28.25
237	3746	28.125
237	3885	28.125
237	4099	28.125
237	4556	28.125
237	2575	28
237	4302	28
237	4326	28
237	1221	27.875
237	2576	27.875
237	4096	27.875
237	4129	27.875
237	4415	27.875
237	4484	27.875
237	5195	27.875
237	840	27.875
237	4098	27.75
237	4101	27.75
237	4316	27.75
237	4526	27.75
237	4136	27.625
237	4351	27.625
237	4419	27.625
237	707	27.625
237	1096	27.5
237	3818	27.5
237	3930	27.5
237	4221	27.5
237	4291	27.5
237	4313	27.5
237	4406	27.5
237	4630	27.5
237	1261	27.375
237	2565	27.375
237	2878	27.375
237	3339	27.375
237	3909	27.375
237	4305	27.375
237	5019	27.375
237	5197	27.375
237	3750	27.25
237	3954	27.25
237	4028	27.25
237	4260	27.25
237	4263	27.25
237	4294	27.25
237	4315	27.25
237	4465	27.25
237	4469	27.25
237	4557	27.25
237	5192	27.25
237	1097	27.125
237	2453	27.125
237	3833	27.125
237	3919	27.125
237	3936	27.125
238	1746	12.5
238	2204	12.25
238	2218	12.25
238	2230	12.1875
238	2226	12.0625
238	2212	11.9375
238	2235	11.5625
238	2199	11.375
238	2200	11.125
238	1739	11
238	2201	10.875
238	2227	10.875
238	1388	10.6875
238	1749	10.6875
238	2222	10.5625
238	2223	10.5625
238	2229	10.5625
238	585	10.5625
238	2219	10.5
238	2232	10.5
238	2221	10.4375
238	1747	10.375
238	582	10.375
238	2205	10.3125
238	2224	10.3125
238	2228	10.3125
238	584	10.3125
238	1044	10.25
238	1188	10.25
238	1979	10.25
238	1128	10.1875
238	1141	10.1875
238	1576	10.1875
238	1742	10.1875
238	926	10.1875
238	1741	10.125
238	2206	10.125
238	2234	10.125
238	760	10.125
238	875	10.125
238	109	10.0625
238	2022	10.0625
238	49	10.0625
238	1745	10
238	1740	9.9375
238	1744	9.9375
238	1950	9.9375
238	2233	9.9375
238	1193	9.875
238	1922	9.875
238	1945	9.875
238	1993	9.875
238	2225	9.875
238	1200	9.8125
238	1377	9.8125
238	2213	9.8125
238	2374	9.8125
238	2387	9.8125
238	267	9.8125
238	1121	9.75
238	2370	9.75
238	270	9.75
238	1125	9.6875
238	1159	9.6875
238	1192	9.6875
238	1588	9.6875
238	1885	9.6875
238	1923	9.6875
238	1939	9.6875
238	1991	9.6875
238	2214	9.6875
238	2548	9.6875
238	1610	9.625
238	2322	9.625
238	2443	9.625
238	3999	9.625
238	1146	9.5625
238	1224	9.5625
238	1427	9.5625
238	2196	9.5625
238	2203	9.5625
238	3789	9.5625
238	5176	9.5625
238	1216	9.5
238	1931	9.5
238	1960	9.5
238	1985	9.5
238	2211	9.5
238	2547	9.5
238	730	9.5
238	738	9.5
238	754	9.5
238	1187	9.4375
238	1405	9.4375
238	1721	9.4375
238	1860	9.4375
238	2202	9.4375
238	23	9.4375
238	3647	9.4375
238	4711	9.4375
239	3734	21.75
239	2228	21.25
239	3741	21.125
239	3537	21
239	366	21
239	2764	20.75
239	3412	20.75
239	4463	20.75
239	4490	20.75
239	3112	20.625
239	4102	20.625
239	4196	20.625
239	4244	20.625
239	2464	20.5
239	2926	20.5
239	3411	20.5
239	4276	20.5
239	2463	20.375
239	3536	20.375
239	4154	20.375
239	4161	20.375
239	4198	20.375
239	4202	20.375
239	4440	20.375
239	2931	20.25
239	3538	20.25
239	4587	20.25
239	1212	20.125
239	2260	20.125
239	3098	20.125
239	3136	20.125
239	3137	20.125
239	4211	20.125
239	4218	20.125
239	4277	20.125
239	4304	20.125
239	4339	20.125
239	4359	20.125
239	4456	20.125
239	4467	20.125
239	4483	20.125
239	2740	20
239	3320	20
239	3736	20
239	4419	20
239	4427	20
239	1683	19.875
239	2243	19.875
239	2443	19.875
239	2943	19.875
239	4197	19.875
239	4253	19.875
239	4274	19.875
239	4454	19.875
239	4506	19.875
239	4581	19.875
239	2059	19.75
239	2739	19.75
239	2773	19.75
239	2871	19.75
239	2910	19.75
239	2942	19.75
239	2953	19.75
239	3035	19.75
239	3524	19.75
239	3572	19.75
239	3590	19.75
239	4117	19.75
239	4188	19.75
239	4214	19.75
239	4236	19.75
239	4258	19.75
239	4264	19.75
239	4275	19.75
239	4295	19.75
239	4310	19.75
239	4372	19.75
239	4377	19.75
239	4387	19.75
239	4464	19.75
239	4468	19.75
239	4476	19.75
239	4485	19.75
239	4535	19.75
239	4845	19.75
239	5209	19.75
239	5214	19.75
239	1716	19.625
239	1800	19.625
239	2124	19.625
239	2219	19.625
239	2524	19.625
239	2954	19.625
239	3360	19.625
239	3455	19.625
239	3588	19.625
239	3843	19.625
239	4130	19.625
239	4156	19.625
239	4174	19.625
240	646	22.75
240	548	20.25
240	642	20
240	643	20
240	641	19.875
240	645	19.875
240	570	19.75
240	428	19.125
240	6	19.125
240	280	19
240	644	19
240	647	18.875
240	2	18.75
240	539	18.75
240	569	18.75
240	650	18.75
240	655	18.75
240	16	18.625
240	282	18.625
240	531	18.625
240	599	18.625
240	627	18.625
240	12	18.5
240	426	18.5
240	596	18.5
240	601	18.5
240	656	18.5
240	13	18.375
240	406	18.375
240	593	18.375
240	636	18.375
240	283	18.25
240	456	18.25
240	571	18.25
240	394	18.125
240	4	18.125
240	444	18.125
240	451	18.125
240	5	18.125
240	589	18.125
240	616	18.125
240	289	18
240	540	18
240	594	18
240	5187	17.875
240	562	17.875
240	564	17.875
240	577	17.875
240	614	17.875
240	619	17.875
240	648	17.875
240	0	17.75
240	281	17.75
240	299	17.75
240	422	17.75
240	576	17.75
240	716	17.75
240	210	17.625
240	2362	17.625
240	2403	17.625
240	2415	17.625
240	398	17.625
240	449	17.625
240	4924	17.625
240	595	17.625
240	600	17.625
240	609	17.625
240	654	17.625
240	667	17.625
240	8	17.625
240	4850	17.5
240	5168	17.5
240	1363	17.375
240	2373	17.375
240	2666	17.375
240	276	17.375
240	3	17.375
240	372	17.375
240	4237	17.375
240	432	17.375
240	5153	17.375
240	5166	17.375
240	551	17.375
240	612	17.375
240	618	17.375
240	651	17.375
240	2361	17.25
240	2407	17.25
240	286	17.25
240	293	17.25
240	298	17.25
240	427	17.25
240	44	17.25
240	4640	17.25
240	581	17.25
240	598	17.25
240	2632	17.125
240	3243	17.125
240	3588	17.125
240	3614	17.125
241	612	24.5
241	930	22
241	731	20.75
241	723	20.625
241	1350	20.5
241	728	20.5
241	1129	20.375
241	896	20.375
241	1065	20.25
241	1206	20.25
241	3246	20.25
241	721	20.25
241	730	20.125
241	1288	19.875
241	3702	19.75
241	4100	19.75
241	3611	19.625
241	4436	19.625
241	663	19.5
241	725	19.5
241	4948	19.375
241	518	19.375
241	708	19.375
241	1118	19.25
241	1188	19.25
241	1191	19.25
241	1312	19.25
241	1463	19.25
241	3247	19.25
241	3837	19.25
241	3943	19.25
241	4547	19.25
241	1110	19.125
241	1253	19.125
241	1262	19.125
241	1676	19.125
241	2846	19.125
241	5203	19.125
241	630	19.125
241	1311	19
241	2144	19
241	2643	19
241	2758	19
241	3020	19
241	3212	19
241	3409	19
241	3552	19
241	3612	19
241	386	19
241	4032	19
241	500	19
241	5141	19
241	674	19
241	718	19
241	838	19
241	1207	18.875
241	1420	18.875
241	1771	18.875
241	2119	18.875
241	2133	18.875
241	3134	18.875
241	3211	18.875
241	3213	18.875
241	3222	18.875
241	3322	18.875
241	3579	18.875
241	3930	18.875
241	3935	18.875
241	3950	18.875
241	4527	18.875
241	575	18.875
241	611	18.875
241	629	18.875
241	722	18.875
241	1750	18.75
241	1755	18.75
241	2237	18.75
241	2424	18.75
241	2667	18.75
241	2790	18.75
241	3122	18.75
241	3241	18.75
241	3533	18.75
241	3551	18.75
241	3813	18.75
241	4848	18.75
241	4931	18.75
241	5013	18.75
241	5019	18.75
241	595	18.75
241	642	18.75
241	682	18.75
241	701	18.75
241	747	18.75
241	920	18.75
241	1174	18.625
241	1351	18.625
241	2242	18.625
241	2904	18.625
241	3381	18.625
242	2226	18.75
242	2227	17.875
242	1765	17.375
242	2196	16.375
242	2228	16.375
242	1388	16
242	2229	16
242	2838	15.8125
242	2218	15.6875
242	2230	15.6875
242	2219	15.5625
242	2205	15.5
242	1305	15.4375
242	1715	15.375
242	1909	15.25
242	2221	15.25
242	2223	15.25
242	3460	15.25
242	741	15.1875
242	2201	15.125
242	743	15.125
242	1252	15.0625
242	1285	15.0625
242	2239	15.0625
242	1646	15
242	1744	15
242	1200	14.9375
242	1721	14.9375
242	1747	14.9375
242	2225	14.9375
242	1216	14.875
242	1218	14.875
242	1250	14.875
242	1281	14.875
242	2211	14.875
242	2222	14.875
242	2224	14.875
242	3505	14.875
242	2204	14.8125
242	2237	14.8125
242	267	14.8125
242	3309	14.8125
242	3317	14.8125
242	4631	14.8125
242	1224	14.75
242	1588	14.75
242	2234	14.75
242	2859	14.75
242	3333	14.75
242	1227	14.6875
242	1610	14.6875
242	1854	14.6875
242	2203	14.6875
242	2238	14.6875
242	3312	14.6875
242	4143	14.6875
242	4840	14.6875
242	610	14.6875
242	1060	14.625
242	1263	14.625
242	1287	14.625
242	2206	14.625
242	3321	14.625
242	38	14.625
242	4062	14.625
242	5202	14.625
242	1217	14.5625
242	1226	14.5625
242	1280	14.5625
242	1308	14.5625
242	1381	14.5625
242	1746	14.5625
242	1776	14.5625
242	2212	14.5625
242	2216	14.5625
242	266	14.5625
242	2837	14.5625
242	2947	14.5625
242	3137	14.5625
242	3314	14.5625
242	921	14.5625
242	1133	14.5
242	1240	14.5
242	1274	14.5
242	1298	14.5
242	1427	14.5
242	1742	14.5
242	1748	14.5
242	2200	14.5
242	3363	14.5
242	3763	14.5
242	5194	14.5
242	739	14.5
242	1421	14.4375
242	1647	14.4375
242	1754	14.4375
242	244	14.4375
242	1061	14.375
242	1219	14.375
242	1228	14.375
243	4218	20.25
243	4212	18.875
243	4213	18.5
243	4216	18.5
243	4211	18.25
243	4210	18
243	4241	18
243	4208	17.875
243	4227	17.875
243	4239	17.875
243	4217	17.75
243	4206	17.625
243	4221	17.625
243	4209	17.5
243	1201	17.375
243	4207	17.375
243	1284	17.25
243	183	17.25
243	4228	17.25
243	1251	17.125
243	2225	17.125
243	4162	17.125
243	4163	17.125
243	4479	17.125
243	2465	17
243	4229	17
243	4277	17
243	4326	17
243	4534	17
243	4570	17
243	1048	16.875
243	4250	16.875
243	4581	16.875
243	2226	16.75
243	3379	16.75
243	3929	16.75
243	4419	16.75
243	1252	16.625
243	1442	16.625
243	1688	16.625
243	1745	16.625
243	2464	16.625
243	2468	16.625
243	2482	16.625
243	3930	16.625
243	4134	16.625
243	4230	16.625
243	4272	16.625
243	4531	16.625
243	4547	16.625
243	4559	16.625
243	1739	16.5
243	1747	16.5
243	3830	16.5
243	4129	16.5
243	4257	16.5
243	4335	16.5
243	4343	16.5
243	4346	16.5
243	4362	16.5
243	4446	16.5
243	4480	16.5
243	4533	16.5
243	801	16.5
243	1685	16.375
243	2204	16.375
243	2214	16.375
243	2216	16.375
243	2219	16.375
243	2837	16.375
243	2868	16.375
243	4161	16.375
243	4232	16.375
243	4234	16.375
243	4295	16.375
243	4360	16.375
243	4372	16.375
243	4387	16.375
243	4477	16.375
243	4610	16.375
243	921	16.375
243	1261	16.25
243	1535	16.25
243	2201	16.25
243	2210	16.25
243	2492	16.25
243	2576	16.25
243	2937	16.25
243	4166	16.25
243	4167	16.25
243	791	16.25
243	894	16.25
243	1298	16.125
243	1311	16.125
243	1656	16.125
243	1836	16.125
243	2152	16.125
243	2211	16.125
243	2218	16.125
243	2493	16.125
244	2017	22.5
244	2016	21.125
244	3615	21.125
244	2023	20.75
244	1994	20.375
244	2000	20.375
244	2018	20.375
244	4495	20.375
244	5206	20.375
244	2007	20.25
244	2014	20.125
244	1399	20
244	2015	19.875
244	3707	19.875
244	4663	19.875
244	3673	19.75
244	2006	19.625
244	3250	19.625
244	3709	19.625
244	1194	19.5
244	1196	19.5
244	2751	19.5
244	2788	19.5
244	2977	19.5
244	3553	19.5
244	3672	19.5
244	4181	19.5
244	4496	19.5
244	4810	19.5
244	1195	19.375
244	1999	19.375
244	2003	19.375
244	3542	19.375
244	3554	19.375
244	3703	19.375
244	4803	19.375
244	1205	19.25
244	2001	19.25
244	2681	19.25
244	4804	19.25
244	4809	19.25
244	5209	19.25
244	1561	19.125
244	2970	19.125
244	3068	19.125
244	3296	19.125
244	3320	19.125
244	3564	19.125
244	3604	19.125
244	4815	19.125
244	5017	19.125
244	1788	19
244	2678	19
244	2787	19
244	3540	19
244	3614	19
244	4812	19
244	4813	19
244	4847	19
244	5222	19
244	1329	18.875
244	1479	18.875
244	1978	18.875
244	1997	18.875
244	2769	18.875
244	2979	18.875
244	3070	18.875
244	3122	18.875
244	3289	18.875
244	3583	18.875
244	3588	18.875
244	3609	18.875
244	3704	18.875
244	3723	18.875
244	4795	18.875
244	4814	18.875
244	4835	18.875
244	5173	18.875
244	5213	18.875
244	5214	18.875
244	1549	18.75
244	1792	18.75
244	1996	18.75
244	2011	18.75
244	2559	18.75
244	2564	18.75
244	2679	18.75
244	2758	18.75
244	2759	18.75
244	2770	18.75
244	2843	18.75
244	3344	18.75
244	3389	18.75
244	3548	18.75
244	3705	18.75
244	4226	18.75
244	5062	18.75
244	5149	18.75
244	5217	18.75
244	1197	18.625
245	2823	19.75
245	2710	19.625
245	2759	19.5
245	2705	19.375
245	4947	19.375
245	2503	19.25
245	2822	19.25
245	2513	19.125
245	2727	19.125
245	2706	19
245	2824	19
245	4930	19
245	576	19
245	619	19
245	224	18.875
245	562	18.875
245	597	18.875
245	66	18.875
245	1323	18.75
245	2707	18.75
245	2791	18.75
245	2804	18.75
245	5228	18.75
245	590	18.75
245	591	18.75
245	250	18.625
245	2729	18.625
245	2734	18.625
245	2764	18.625
245	2769	18.625
245	2802	18.625
245	2825	18.625
245	3588	18.625
245	3628	18.625
245	414	18.625
245	5185	18.625
245	575	18.625
245	647	18.625
245	658	18.625
245	192	18.5
245	234	18.5
245	2685	18.5
245	2686	18.5
245	2709	18.5
245	2711	18.5
245	2731	18.5
245	2817	18.5
245	3616	18.5
245	3668	18.5
245	394	18.5
245	4931	18.5
245	4935	18.5
245	503	18.5
245	5171	18.5
245	5195	18.5
245	5225	18.5
245	598	18.5
245	872	18.5
245	210	18.375
245	214	18.375
245	2498	18.375
245	2510	18.375
245	2645	18.375
245	2773	18.375
245	2820	18.375
245	4640	18.375
245	5205	18.375
245	5232	18.375
245	596	18.375
245	616	18.375
245	617	18.375
245	2444	18.25
245	2504	18.25
245	2626	18.25
245	2634	18.25
245	2668	18.25
245	2712	18.25
245	2716	18.25
245	2776	18.25
245	2794	18.25
245	2810	18.25
245	354	18.25
245	3704	18.25
245	427	18.25
245	5051	18.25
245	5062	18.25
245	5190	18.25
245	525	18.25
245	564	18.25
245	599	18.25
245	608	18.25
245	624	18.25
245	636	18.25
245	638	18.25
245	641	18.25
245	227	18.125
245	2478	18.125
245	2567	18.125
245	2632	18.125
245	2643	18.125
246	4395	22
246	4148	20.125
246	4533	19.625
246	4397	18.875
246	4396	18.625
246	4436	18.5
246	4588	18.5
246	1913	18.375
246	4521	18.375
246	4197	18.25
246	1625	18
246	4157	18
246	4235	18
246	4386	18
246	4532	18
246	1401	17.875
246	1901	17.875
246	4391	17.875
246	4527	17.875
246	4528	17.875
246	1848	17.75
246	4027	17.75
246	4522	17.75
246	4535	17.75
246	1390	17.625
246	1837	17.625
246	1966	17.625
246	2098	17.625
246	4151	17.625
246	4178	17.625
246	4260	17.625
246	4266	17.625
246	4271	17.625
246	4427	17.625
246	4575	17.625
246	1554	17.5
246	4087	17.5
246	4168	17.5
246	4188	17.5
246	4327	17.5
246	4498	17.5
246	4534	17.5
246	1538	17.375
246	2214	17.375
246	2755	17.375
246	4224	17.375
246	4226	17.375
246	4242	17.375
246	4474	17.375
246	1382	17.25
246	2131	17.25
246	2227	17.25
246	4082	17.25
246	4122	17.25
246	4155	17.25
246	4390	17.25
246	4406	17.25
246	4418	17.25
246	1833	17.125
246	2718	17.125
246	4204	17.125
246	4360	17.125
246	4425	17.125
246	4430	17.125
246	4560	17.125
246	4581	17.125
246	4587	17.125
246	4590	17.125
246	1384	17
246	1549	17
246	1555	17
246	2805	17
246	3878	17
246	3892	17
246	4054	17
246	4062	17
246	4104	17
246	4152	17
246	4221	17
246	4415	17
246	4526	17
246	4530	17
246	4559	17
246	1385	16.875
246	1386	16.875
246	1387	16.875
246	1938	16.875
246	2087	16.875
246	2121	16.875
246	2705	16.875
246	2760	16.875
246	2818	16.875
246	3747	16.875
246	3895	16.875
246	3943	16.875
246	4043	16.875
246	4065	16.875
246	4083	16.875
246	4126	16.875
246	4223	16.875
247	4998	17.25
247	2387	16.375
247	2354	16.25
247	2372	16.125
247	4999	16.125
247	2379	16
247	2391	16
247	2393	16
247	2384	15.875
247	2389	15.875
247	2362	15.8125
247	2371	15.8125
247	2374	15.8125
247	2386	15.8125
247	2361	15.75
247	2375	15.75
247	2390	15.75
247	2380	15.6875
247	2381	15.625
247	2394	15.5625
247	2396	15.5625
247	2323	15.5
247	2365	15.5
247	2378	15.5
247	2413	15.5
247	4636	15.5
247	5187	15.375
247	2307	15.3125
247	2392	15.3125
247	2418	15.3125
247	5072	15.3125
247	2326	15.25
247	2333	15.25
247	2373	15.25
247	2383	15.25
247	4628	15.25
247	1090	15.1875
247	2409	15.1875
247	2363	15.125
247	2370	15.125
247	2382	15.125
247	2402	15.125
247	4637	15.125
247	2340	15.0625
247	2395	15.0625
247	2421	15.0625
247	5010	15.0625
247	5243	15.0625
247	1592	15
247	1596	15
247	191	15
247	2632	14.9375
247	66	14.9375
247	2360	14.875
247	428	14.875
247	2330	14.8125
247	2349	14.8125
247	2398	14.8125
247	2426	14.8125
247	2431	14.8125
247	4411	14.8125
247	49	14.8125
247	250	14.75
247	667	14.75
247	2309	14.6875
247	2338	14.6875
247	349	14.6875
247	5089	14.6875
247	1598	14.625
247	187	14.625
247	2305	14.625
247	2499	14.625
247	5087	14.625
247	5185	14.625
247	2350	14.5625
247	2377	14.5625
247	2654	14.5625
247	299	14.5625
247	3599	14.5625
247	1903	14.5
247	2403	14.5
247	251	14.5
247	2650	14.5
247	531	14.5
247	666	14.5
247	1597	14.4375
247	2298	14.4375
247	2364	14.4375
247	2401	14.4375
247	2429	14.4375
247	4303	14.4375
247	4702	14.4375
247	4947	14.4375
247	1595	14.375
247	2306	14.375
247	2345	14.375
247	2351	14.375
247	2352	14.375
247	2631	14.375
247	2353	14.3125
248	3185	21.875
248	3206	21.875
248	3452	21.75
248	5046	21.75
248	3226	21.5
248	5045	21.5
248	3008	21.375
248	3219	21.375
248	3542	21.375
248	2980	21.25
248	3020	21.25
248	3365	21.25
248	3371	21.25
248	3493	21.25
248	5013	21.25
248	3036	21.125
248	3201	21.125
248	3257	21.125
248	551	21.125
248	2567	21
248	2976	21
248	2977	21
248	3186	21
248	3197	21
248	3245	21
248	3355	21
248	3581	21
248	4918	21
248	2769	20.875
248	2968	20.875
248	3684	20.875
248	4792	20.875
248	2735	20.75
248	2743	20.75
248	3002	20.75
248	3003	20.75
248	3184	20.75
248	3394	20.75
248	3494	20.75
248	2750	20.625
248	2840	20.625
248	3000	20.625
248	3037	20.625
248	3191	20.625
248	3194	20.625
248	3196	20.625
248	3220	20.625
248	3248	20.625
248	3286	20.625
248	3292	20.625
248	3392	20.625
248	3710	20.625
248	4786	20.625
248	5149	20.625
248	2741	20.5
248	2768	20.5
248	3193	20.5
248	3195	20.5
248	3198	20.5
248	3223	20.5
248	3276	20.5
248	3311	20.5
248	4796	20.5
248	4838	20.5
248	575	20.5
248	658	20.5
248	1286	20.375
248	2503	20.375
248	2634	20.375
248	2999	20.375
248	3001	20.375
248	3190	20.375
248	3200	20.375
248	3205	20.375
248	3217	20.375
248	3218	20.375
248	3222	20.375
248	3252	20.375
248	3288	20.375
248	3358	20.375
248	3384	20.375
248	3431	20.375
248	3460	20.375
248	3518	20.375
248	3578	20.375
248	3708	20.375
248	3711	20.375
248	4664	20.375
248	4823	20.375
248	4831	20.375
248	4835	20.375
248	4992	20.375
248	5016	20.375
248	2525	20.25
248	2747	20.25
248	2748	20.25
248	2816	20.25
248	2830	20.25
248	2886	20.25
248	3004	20.25
249	2702	12.4375
249	2773	11.9375
249	2732	11.875
249	4713	11.75
249	2769	11.6875
249	2751	11.625
249	3679	11.5625
249	2726	11.5
249	2351	11.4375
249	4965	11.4375
249	2731	11.375
249	2735	11.375
249	2744	11.375
249	2763	11.375
249	3621	11.3125
249	2733	11.1875
249	2883	11.1875
249	5118	11.1875
249	2589	11.125
249	2738	11.125
249	2745	11.125
249	2771	11.125
249	2779	11.125
249	562	11.125
249	2298	11.0625
249	2749	11.0625
249	2775	11.0625
249	2776	11.0625
249	4623	11.0625
249	531	11.0625
249	1363	11
249	2339	11
249	349	11
249	4640	11
249	4985	11
249	5149	11
249	564	11
249	2262	10.875
249	2782	10.875
249	2815	10.875
249	4644	10.875
249	4924	10.875
249	5003	10.875
249	2764	10.8125
249	5073	10.8125
249	565	10.8125
249	2258	10.75
249	2323	10.75
249	2326	10.75
249	2704	10.75
249	2710	10.75
249	2765	10.75
249	2767	10.75
249	2774	10.75
249	4850	10.75
249	1393	10.6875
249	2340	10.6875
249	3180	10.6875
249	3709	10.6875
249	5062	10.6875
249	599	10.6875
249	1488	10.625
249	2263	10.625
249	2350	10.625
249	2372	10.625
249	2567	10.625
249	2755	10.625
249	3588	10.625
249	3613	10.625
249	3616	10.625
249	4664	10.625
249	548	10.625
249	551	10.625
249	598	10.625
249	80	10.625
249	1644	10.5625
249	304	10.5625
249	3615	10.5625
249	44	10.5625
249	4938	10.5625
249	5206	10.5625
249	5218	10.5625
249	61	10.5625
249	1454	10.5
249	1499	10.5
249	1909	10.5
249	2306	10.5
249	2328	10.5
249	2415	10.5
249	2724	10.5
249	2778	10.5
249	2799	10.5
249	2806	10.5
249	2826	10.5
249	2960	10.5
249	3544	10.5
249	3624	10.5
249	4660	10.5
249	5072	10.5
249	5075	10.5
250	623	20.375
250	413	20
250	372	19.875
250	5229	19.875
250	560	19.875
250	614	19.625
250	385	19.25
250	460	19.125
250	575	19.125
250	617	19.125
250	409	18.875
250	481	18.875
250	551	18.875
250	550	18.625
250	616	18.625
250	431	18.5
250	406	18.375
250	444	18.375
250	448	18.375
250	562	18.375
250	462	18.125
250	464	18
250	620	18
250	438	17.875
250	443	17.875
250	484	17.875
250	606	17.875
250	278	17.75
250	463	17.75
250	483	17.75
250	437	17.625
250	441	17.625
250	338	17.5
250	446	17.5
250	599	17.5
250	605	17.5
250	396	17.375
250	442	17.375
250	609	17.375
250	627	17.375
250	656	17.375
250	449	17.25
250	470	17.25
250	2645	17.125
250	314	17.125
250	417	17.125
250	558	17.125
250	601	17.125
250	608	17.125
250	619	17.125
250	655	17.125
250	393	17
250	515	17
250	624	17
250	651	17
250	241	16.875
250	2627	16.875
250	2705	16.875
250	2727	16.875
250	2759	16.875
250	2774	16.875
250	394	16.875
250	520	16.875
250	5207	16.875
250	590	16.875
250	647	16.875
250	2765	16.75
250	3121	16.75
250	410	16.75
250	433	16.75
250	435	16.75
250	4931	16.75
250	565	16.75
250	570	16.75
250	581	16.75
250	597	16.75
250	600	16.75
250	602	16.75
250	641	16.75
250	642	16.75
250	2680	16.625
250	287	16.625
250	3225	16.625
250	397	16.625
250	475	16.625
250	594	16.625
250	2642	16.5
250	2653	16.5
250	2686	16.5
250	3012	16.5
250	398	16.5
250	479	16.5
250	5	16.5
250	545	16.5
250	596	16.5
250	6	16.5
250	643	16.5
250	645	16.5
250	2513	16.375
250	2665	16.375
251	279	21.5
251	283	20.125
251	2806	19.75
251	636	19.625
251	1477	19.5
251	286	19.375
251	645	19.375
251	382	19.25
251	646	19.25
251	539	19.125
251	592	19.125
251	641	19.125
251	644	19
251	3617	18.875
251	397	18.875
251	411	18.875
251	599	18.875
251	601	18.875
251	603	18.875
251	2632	18.75
251	2809	18.75
251	289	18.75
251	276	18.625
251	400	18.625
251	589	18.625
251	2567	18.5
251	2710	18.5
251	2726	18.5
251	2762	18.5
251	2811	18.5
251	2818	18.5
251	2825	18.5
251	409	18.5
251	643	18.5
251	14	18.375
251	2643	18.375
251	2727	18.375
251	2744	18.375
251	394	18.375
251	404	18.375
251	4119	18.375
251	562	18.375
251	593	18.375
251	2478	18.25
251	2686	18.25
251	2728	18.25
251	2768	18.25
251	278	18.25
251	2807	18.25
251	281	18.25
251	2823	18.25
251	319	18.25
251	3618	18.25
251	5227	18.25
251	548	18.25
251	596	18.25
251	606	18.25
251	647	18.25
251	658	18.25
251	164	18.125
251	17	18.125
251	2650	18.125
251	2707	18.125
251	2734	18.125
251	2745	18.125
251	2756	18.125
251	2822	18.125
251	3810	18.125
251	418	18.125
251	428	18.125
251	442	18.125
251	462	18.125
251	4900	18.125
251	552	18.125
251	595	18.125
251	604	18.125
251	618	18.125
251	640	18.125
251	191	18
251	2634	18
251	2656	18
251	2764	18
251	2773	18
251	3547	18
251	3588	18
251	391	18
251	414	18
251	416	18
251	4255	18
251	4364	18
251	570	18
251	580	18
251	602	18
251	656	18
251	1352	17.875
251	1499	17.875
251	2630	17.875
251	2649	17.875
251	2658	17.875
251	2712	17.875
252	5227	19.625
252	5208	19.125
252	5225	18.5
252	5220	18.125
252	4863	18
252	5234	18
252	4923	17.875
252	3616	17.625
252	5062	17.625
252	5233	17.625
252	5003	17.5
252	5232	17.5
252	5238	17.5
252	5223	17.375
252	5224	17.375
252	44	17.25
252	5206	17.25
252	5240	17.25
252	5051	17.125
252	5157	17.125
252	5169	17.125
252	5185	17.125
252	5218	17.125
252	3617	17
252	5090	17
252	5207	17
252	5231	17
252	4925	16.875
252	5168	16.875
252	3555	16.75
252	4864	16.75
252	5010	16.75
252	5012	16.75
252	5219	16.75
252	5221	16.75
252	5228	16.75
252	283	16.625
252	3622	16.625
252	4702	16.625
252	5073	16.625
252	5075	16.625
252	5118	16.625
252	5209	16.625
252	548	16.625
252	2734	16.5
252	3544	16.5
252	3613	16.5
252	3619	16.5
252	4936	16.5
252	5008	16.5
252	5154	16.5
252	5229	16.5
252	562	16.5
252	338	16.375
252	4924	16.375
252	4938	16.375
252	5011	16.375
252	5081	16.375
252	5211	16.375
252	5235	16.375
252	599	16.375
252	2745	16.25
252	349	16.25
252	428	16.25
252	4871	16.25
252	4894	16.25
252	4967	16.25
252	5018	16.25
252	5072	16.25
252	5166	16.25
252	560	16.25
252	576	16.25
252	600	16.25
252	2644	16.125
252	3564	16.125
252	3614	16.125
252	394	16.125
252	4521	16.125
252	4640	16.125
252	4661	16.125
252	4680	16.125
252	4874	16.125
252	4895	16.125
252	4921	16.125
252	5007	16.125
252	5083	16.125
252	5167	16.125
252	5188	16.125
252	520	16.125
252	5226	16.125
252	551	16.125
252	598	16.125
252	601	16.125
252	603	16.125
252	642	16.125
252	2731	16
252	2750	16
252	2762	16
252	2773	16
252	278	16
253	3455	26.625
253	3456	26.375
253	4494	26.25
253	1533	25.75
253	1444	25.5
253	4493	25.5
253	1430	25.375
253	1448	25
253	2089	25
253	2251	25
253	2567	25
253	1235	24.875
253	1650	24.875
253	1659	24.875
253	1713	24.875
253	1522	24.75
253	1527	24.75
253	1530	24.75
253	1768	24.75
253	1890	24.75
253	1893	24.75
253	4488	24.75
253	4627	24.75
253	1123	24.625
253	1134	24.625
253	1529	24.625
253	1863	24.625
253	1954	24.625
253	2005	24.625
253	2013	24.625
253	2250	24.625
253	4616	24.625
253	1449	24.5
253	1453	24.5
253	1520	24.5
253	1542	24.5
253	1604	24.5
253	1608	24.5
253	1899	24.5
253	1963	24.5
253	2634	24.5
253	3540	24.5
253	1090	24.375
253	1433	24.375
253	1461	24.375
253	2086	24.375
253	2109	24.375
253	2111	24.375
253	2252	24.375
253	2464	24.375
253	3850	24.375
253	1217	24.25
253	1431	24.25
253	1451	24.25
253	1683	24.25
253	1686	24.25
253	1690	24.25
253	1846	24.25
253	2108	24.25
253	2159	24.25
253	3240	24.25
253	4519	24.25
253	5052	24.25
253	1099	24.125
253	1262	24.125
253	1375	24.125
253	1434	24.125
253	1452	24.125
253	1485	24.125
253	1534	24.125
253	1535	24.125
253	1609	24.125
253	1719	24.125
253	1729	24.125
253	1829	24.125
253	1873	24.125
253	1975	24.125
253	2105	24.125
253	2260	24.125
253	2916	24.125
253	3241	24.125
253	3299	24.125
253	4766	24.125
253	609	24.125
253	824	24.125
253	914	24.125
253	1094	24
253	1241	24
253	1526	24
253	1528	24
253	1541	24
253	1603	24
253	1794	24
253	1888	24
253	1964	24
253	1995	24
253	2008	24
253	2090	24
253	2146	24
253	3489	24
254	3227	29.625
254	3002	28.875
254	3012	28
254	3004	27.75
254	3182	27.75
254	3009	27.625
254	2999	27.5
254	3229	27.5
254	3328	27.5
254	3365	27.375
254	2443	27.25
254	2549	27.25
254	2898	27.25
254	3000	27.25
254	3001	27.25
254	3207	27.25
254	3212	27.25
254	4797	27.25
254	2548	27.125
254	2873	27.125
254	3220	27.125
254	3222	27.125
254	2444	27
254	3194	26.875
254	3724	26.875
254	3946	26.875
254	4804	26.875
254	2871	26.75
254	3253	26.75
254	3703	26.75
254	3208	26.625
254	3213	26.625
254	3223	26.625
254	3725	26.625
254	2455	26.5
254	3233	26.5
254	3519	26.5
254	3704	26.5
254	4798	26.5
254	2980	26.375
254	3014	26.375
254	3024	26.375
254	3099	26.375
254	3181	26.375
254	3231	26.375
254	3232	26.375
254	3842	26.375
254	4801	26.375
254	2829	26.25
254	2967	26.125
254	3041	26.125
254	3070	26.125
254	3193	26.125
254	3218	26.125
254	3393	26.125
254	5174	26.125
254	2546	26
254	3020	26
254	3021	26
254	3156	26
254	3157	26
254	3681	26
254	4811	26
254	2559	25.875
254	3175	25.875
254	3190	25.875
254	3191	25.875
254	3248	25.875
254	3368	25.875
254	3590	25.875
254	3730	25.875
254	838	25.875
254	2471	25.75
254	2694	25.75
254	2878	25.75
254	3003	25.75
254	3036	25.75
254	3196	25.75
254	3329	25.75
254	3446	25.75
254	3573	25.75
254	3688	25.75
254	634	25.75
254	2781	25.625
254	2882	25.625
254	2890	25.625
254	3167	25.625
254	3217	25.625
254	3226	25.625
254	3230	25.625
254	3246	25.625
254	3513	25.625
254	3682	25.625
254	3702	25.625
254	3715	25.625
254	3729	25.625
254	4796	25.625
254	2447	25.5
254	2451	25.5
254	2872	25.5
255	4853	17.625
255	4852	17.5
255	3551	16.875
255	3590	16.5
255	4854	16.5
255	4832	16.375
255	5210	16.125
255	4831	16
255	3595	15.8125
255	4846	15.6875
255	4834	15.625
255	2954	15.4375
255	2872	15.375
255	3428	15.125
255	2834	15.0625
255	3582	15
255	3593	15
255	3573	14.875
255	3578	14.875
255	4836	14.875
255	4838	14.875
255	4839	14.875
255	3275	14.8125
255	4847	14.75
255	3572	14.625
255	3550	14.5
255	2787	14.4375
255	3579	14.4375
255	3575	14.375
255	3656	14.375
255	5214	14.375
255	3650	14.3125
255	761	14.3125
255	129	14.125
255	5085	14.125
255	3885	14.0625
255	3552	14
255	3681	14
255	2757	13.9375
255	3651	13.9375
255	4848	13.9375
255	275	13.875
255	3326	13.875
255	3759	13.875
255	3902	13.875
255	1041	13.75
255	1205	13.75
255	3269	13.75
255	612	13.75
255	1118	13.6875
255	3753	13.6875
255	4074	13.6875
255	4829	13.6875
255	3263	13.625
255	3625	13.625
255	3826	13.625
255	4508	13.625
255	824	13.625
255	1038	13.5625
255	1053	13.5625
255	1195	13.5625
255	2836	13.5625
255	3239	13.5625
255	3527	13.5625
255	3709	13.5625
255	4018	13.5625
255	5049	13.5625
255	1063	13.5
255	3568	13.5
255	3836	13.5
255	3851	13.5
255	3884	13.5
255	4837	13.5
255	759	13.5
255	3335	13.4375
255	3433	13.4375
255	3542	13.4375
255	3591	13.4375
255	4086	13.4375
255	1011	13.375
255	1049	13.375
255	1110	13.375
255	3065	13.375
255	3214	13.375
255	3309	13.375
255	3548	13.375
255	3585	13.375
255	3725	13.375
255	3797	13.375
255	3820	13.375
255	3829	13.375
255	4633	13.375
255	1042	13.3125
255	2832	13.3125
255	3088	13.3125
255	3266	13.3125
255	3287	13.3125
255	3365	13.3125
255	3570	13.3125
255	3868	13.3125
256	4308	23.125
256	4306	22.375
256	4307	21
256	4115	20.25
256	4522	20
256	4526	19.75
256	548	19.25
256	4326	19
256	1645	18.875
256	2260	18.875
256	4258	18.875
256	4785	18.875
256	5206	18.875
256	4215	18.75
256	5140	18.75
256	55	18.75
256	595	18.75
256	1318	18.625
256	1090	18.5
256	2740	18.5
256	3360	18.5
256	871	18.5
256	210	18.375
256	2644	18.375
256	2659	18.375
256	2739	18.375
256	2967	18.375
256	3180	18.375
256	3613	18.375
256	3789	18.375
256	3843	18.375
256	4394	18.375
256	4486	18.375
256	5051	18.375
256	656	18.375
256	2643	18.25
256	2759	18.25
256	3332	18.25
256	3855	18.25
256	4039	18.25
256	4406	18.25
256	4506	18.25
256	4974	18.25
256	5205	18.25
256	1298	18.125
256	2791	18.125
256	3540	18.125
256	3655	18.125
256	3810	18.125
256	3850	18.125
256	4149	18.125
256	4174	18.125
256	4521	18.125
256	4616	18.125
256	5010	18.125
256	5197	18.125
256	716	18.125
256	1454	18
256	2243	18
256	2338	18
256	3213	18
256	4231	18
256	4337	18
256	44	18
256	4453	18
256	4519	18
256	4807	18
256	4835	18
256	5087	18
256	564	18
256	596	18
256	609	18
256	1174	17.875
256	1252	17.875
256	1920	17.875
256	2398	17.875
256	2567	17.875
256	2589	17.875
256	2611	17.875
256	2638	17.875
256	2645	17.875
256	2726	17.875
256	2872	17.875
256	3219	17.875
256	3460	17.875
256	3581	17.875
256	4162	17.875
256	4353	17.875
256	4397	17.875
256	4415	17.875
256	4702	17.875
256	4809	17.875
256	4850	17.875
256	882	17.875
256	1126	17.75
256	1276	17.75
256	1657	17.75
256	2402	17.75
256	2641	17.75
256	2916	17.75
257	4056	20.5
257	3965	20.25
257	4059	19.75
257	4055	19.625
257	4057	19.625
257	4047	19.5
257	3749	19.375
257	3854	19.375
257	4058	19.125
257	4065	19.125
257	3932	19
257	4064	19
257	3945	18.625
257	4068	18.625
257	4063	18.5
257	4085	18.5
257	4087	18.5
257	3891	18.375
257	4051	18.375
257	4071	18.375
257	3755	18.25
257	3943	18.25
257	4060	18.25
257	4086	18.25
257	3744	18.125
257	4073	18.125
257	3138	18
257	4036	17.875
257	4070	17.875
257	3788	17.75
257	3789	17.75
257	3796	17.75
257	3902	17.75
257	4072	17.75
257	4084	17.75
257	3754	17.625
257	3793	17.625
257	3799	17.625
257	4066	17.625
257	4074	17.625
257	4082	17.625
257	3757	17.5
257	3785	17.5
257	3815	17.5
257	3818	17.5
257	3921	17.5
257	3944	17.5
257	4067	17.5
257	4083	17.5
257	3797	17.375
257	3853	17.375
257	3858	17.375
257	3900	17.375
257	3913	17.375
257	4050	17.375
257	4075	17.375
257	4081	17.375
257	3479	17.25
257	3901	17.25
257	4023	17.25
257	4079	17.25
257	4831	17.25
257	3443	17.125
257	3765	17.125
257	4784	17.125
257	3790	17
257	3794	17
257	3892	17
257	4049	17
257	4053	17
257	4062	17
257	4077	17
257	2839	16.875
257	2896	16.875
257	3271	16.875
257	3798	16.875
257	3804	16.875
257	3849	16.875
257	3946	16.875
257	3988	16.875
257	3160	16.75
257	3753	16.75
257	3803	16.75
257	3806	16.75
257	3816	16.75
257	3817	16.75
257	3857	16.75
257	3977	16.75
257	4076	16.75
257	4769	16.75
257	4782	16.75
257	2980	16.625
257	3083	16.625
257	3464	16.625
257	3756	16.625
257	3777	16.625
257	3802	16.625
257	3805	16.625
257	3856	16.625
257	3870	16.625
258	214	22.125
258	191	22
258	222	22
258	163	21.75
258	161	21.375
258	164	21.375
258	186	21.375
258	193	21.25
258	52	21
258	160	20.875
258	172	20.875
258	235	20.5
258	394	20.5
258	176	20.375
258	227	20.375
258	496	20.375
258	376	20.25
258	218	20.125
258	229	20.125
258	470	20.125
258	175	20
258	378	19.875
258	444	19.875
258	189	19.75
258	446	19.75
258	472	19.75
258	529	19.75
258	190	19.625
258	2499	19.625
258	406	19.625
258	490	19.625
258	2629	19.5
258	437	19.5
258	215	19.375
258	2764	19.375
258	476	19.375
258	538	19.375
258	182	19.25
258	225	19.25
258	487	19.25
258	523	19.25
258	77	19.25
258	226	19.125
258	514	19.125
258	208	19
258	2803	19
258	416	19
258	503	19
258	51	19
258	657	19
258	424	18.875
258	4766	18.875
258	234	18.75
258	2633	18.75
258	2638	18.75
258	4627	18.75
258	481	18.75
258	99	18.75
258	1090	18.625
258	223	18.625
258	261	18.625
258	2666	18.625
258	2767	18.625
258	5007	18.625
258	504	18.625
258	5166	18.625
258	5169	18.625
258	165	18.5
258	3183	18.5
258	5051	18.5
258	57	18.5
258	209	18.375
258	216	18.375
258	250	18.375
258	253	18.375
258	2763	18.375
258	4660	18.375
258	60	18.375
258	192	18.25
258	210	18.25
258	219	18.25
258	230	18.25
258	3492	18.25
258	391	18.25
258	4785	18.25
258	4947	18.25
258	5082	18.25
258	595	18.25
258	619	18.25
258	63	18.25
258	66	18.25
258	187	18.125
258	213	18.125
258	2326	18.125
258	2686	18.125
258	3225	18.125
258	4974	18.125
258	515	18.125
258	576	18.125
258	166	18
259	660	19.125
259	668	18.5
259	670	18.25
259	2706	18.125
259	3046	18.125
259	664	18.125
259	5010	17.875
259	672	17.875
259	2826	17.75
259	3096	17.75
259	666	17.75
259	685	17.75
259	716	17.75
259	3019	17.625
259	4940	17.625
259	679	17.625
259	2977	17.5
259	3130	17.5
259	3234	17.5
259	3020	17.375
259	3709	17.375
259	4809	17.375
259	600	17.375
259	662	17.375
259	224	17.25
259	2763	17.25
259	2773	17.25
259	3180	17.25
259	3588	17.25
259	3710	17.25
259	3805	17.25
259	2769	17.125
259	2939	17.125
259	2998	17.125
259	3182	17.125
259	3183	17.125
259	4757	17.125
259	2398	17
259	241	17
259	2775	17
259	2881	17
259	3100	17
259	3157	17
259	3672	17
259	4839	17
259	5062	17
259	636	17
259	688	17
259	2444	16.875
259	2667	16.875
259	2872	16.875
259	3004	16.875
259	3131	16.875
259	700	16.875
259	717	16.875
259	2685	16.75
259	2820	16.75
259	2979	16.75
259	3021	16.75
259	3098	16.75
259	3679	16.75
259	617	16.75
259	2738	16.625
259	2757	16.625
259	2842	16.625
259	3024	16.625
259	3219	16.625
259	3308	16.625
259	3621	16.625
259	4626	16.625
259	4810	16.625
259	5052	16.625
259	5148	16.625
259	575	16.625
259	2258	16.5
259	2427	16.5
259	2498	16.5
259	2980	16.5
259	3009	16.5
259	3025	16.5
259	3051	16.5
259	3083	16.5
259	3101	16.5
259	3111	16.5
259	3175	16.5
259	3225	16.5
259	3229	16.5
259	3614	16.5
259	3668	16.5
259	5220	16.5
259	548	16.5
259	619	16.5
259	677	16.5
259	694	16.5
259	712	16.5
259	2894	16.375
259	2942	16.375
259	2968	16.375
259	3099	16.375
259	3185	16.375
260	2486	15.5625
260	4136	15.375
260	3938	15.1875
260	4131	14.9375
260	1086	14.6875
260	897	14.6875
260	4108	14.5625
260	718	14.375
260	980	14.3125
260	4012	14.25
260	4139	14.25
260	896	14.25
260	4018	14.1875
260	4019	14.1875
260	4107	14.1875
260	1215	14.125
260	4105	14.125
260	4112	14.125
260	4113	14.125
260	978	14.125
260	4106	14.0625
260	4133	14.0625
260	963	14
260	983	14
260	4116	13.9375
260	4123	13.9375
260	4128	13.9375
260	985	13.9375
260	1011	13.875
260	2603	13.875
260	989	13.875
260	4127	13.8125
260	987	13.8125
260	4120	13.75
260	4129	13.75
260	4954	13.75
260	977	13.75
260	4537	13.6875
260	892	13.6875
260	979	13.6875
260	981	13.6875
260	4118	13.625
260	4132	13.625
260	2141	13.5625
260	4122	13.5625
260	4138	13.5625
260	1543	13.5
260	4114	13.5
260	750	13.5
260	970	13.5
260	988	13.5
260	1074	13.4375
260	3928	13.4375
260	4014	13.4375
260	4111	13.4375
260	922	13.4375
260	974	13.4375
260	1013	13.375
260	1832	13.375
260	2144	13.375
260	4109	13.375
260	4130	13.375
260	4522	13.375
260	965	13.375
260	972	13.375
260	238	13.3125
260	3316	13.3125
260	4121	13.3125
260	791	13.3125
260	874	13.3125
260	969	13.3125
260	975	13.3125
260	986	13.3125
260	1067	13.25
260	1218	13.25
260	1532	13.25
260	3458	13.25
260	4013	13.25
260	4532	13.25
260	968	13.25
260	3929	13.1875
260	4015	13.1875
260	4402	13.1875
260	694	13.1875
260	739	13.1875
260	742	13.1875
260	949	13.1875
260	973	13.1875
260	984	13.1875
260	1073	13.125
260	5085	13.125
260	67	13.125
260	964	13.125
260	967	13.125
260	1022	13.0625
260	2760	13.0625
260	2940	13.0625
260	3110	13.0625
260	4124	13.0625
260	4651	13.0625
261	4145	20.25
261	4148	20
261	4386	19.75
261	4529	19.625
261	4144	18.875
261	4243	18.875
261	4141	18.75
261	4713	18.625
261	2824	18.5
261	2755	18.25
261	4146	18.25
261	4247	18.25
261	4384	18.25
261	4535	18.25
261	4665	18.25
261	4130	18.125
261	4207	18.125
261	4242	18.125
261	4383	18.125
261	4430	18.125
261	4431	18.125
261	4519	18.125
261	2735	18
261	4119	18
261	4137	18
261	4152	18
261	4167	18
261	4168	18
261	4192	18
261	4238	18
261	4244	18
261	4400	18
261	4463	18
261	4534	18
261	4548	18
261	582	18
261	66	18
261	2589	17.875
261	3008	17.875
261	349	17.875
261	3734	17.875
261	4102	17.875
261	4142	17.875
261	4154	17.875
261	4174	17.875
261	4221	17.875
261	4276	17.875
261	4382	17.875
261	4387	17.875
261	4435	17.875
261	4492	17.875
261	4520	17.875
261	4533	17.875
261	4559	17.875
261	4850	17.875
261	4936	17.875
261	1009	17.75
261	1010	17.75
261	1362	17.75
261	1368	17.75
261	164	17.75
261	2643	17.75
261	4143	17.75
261	4161	17.75
261	4197	17.75
261	4226	17.75
261	4245	17.75
261	4246	17.75
261	4271	17.75
261	4272	17.75
261	4275	17.75
261	4345	17.75
261	4377	17.75
261	4474	17.75
261	4505	17.75
261	4525	17.75
261	4527	17.75
261	4950	17.75
261	5206	17.75
261	596	17.75
261	1090	17.625
261	2806	17.625
261	4140	17.625
261	4153	17.625
261	4178	17.625
261	4211	17.625
261	4234	17.625
261	4236	17.625
261	4255	17.625
261	4360	17.625
261	4464	17.625
261	4467	17.625
261	4472	17.625
261	4500	17.625
261	4503	17.625
261	4518	17.625
261	4521	17.625
261	4532	17.625
261	4581	17.625
261	4622	17.625
1572	2600	20.625
1572	3832	20.375
1572	3633	19.875
1572	2734	19.75
1572	3349	19.625
1572	860	19.625
1572	2905	19.5
1572	4624	19.5
1572	1101	19.375
1572	466	19.25
1572	1362	19.125
1572	4759	19.125
1572	1363	19
1572	450	19
1572	2736	18.875
1572	360	18.875
1572	4237	18.875
1572	4724	18.5
1572	5140	18.375
1572	727	18.375
1572	301	18.25
1572	5151	18.25
1572	2739	18.125
1572	1123	18
1572	3360	18
1572	3658	18
1572	1112	17.875
1572	2622	17.875
1572	3843	17.875
1572	2611	17.75
1572	2740	17.75
1572	3655	17.75
1572	3810	17.75
1572	4226	17.75
1572	871	17.75
1572	882	17.75
1572	3371	17.625
1572	1698	17.25
1572	3154	17.25
1572	3599	17.25
1572	4622	17.25
1572	3326	17.125
1572	3855	17
1572	5054	17
1572	1699	16.875
1572	1809	16.875
1572	805	16.875
1572	2872	16.75
1572	531	16.75
1572	3849	16.625
1572	349	16.5
1572	1009	16.375
1572	2744	16.375
1572	3033	16.375
1572	4702	16.375
1572	5052	16.375
1572	3961	16.25
1572	4839	16.25
1572	1710	16.125
1572	1818	16.125
1572	3398	16.125
1572	3581	16
1572	3848	16
1572	4807	16
1572	5053	16
1572	5096	16
1572	1476	15.9375
1572	1659	15.9375
1572	2398	15.9375
1572	2578	15.9375
1572	3061	15.875
1572	3066	15.875
1572	3315	15.875
1572	4264	15.875
1572	428	15.875
1572	635	15.8125
1572	214	15.75
1572	2883	15.75
1572	2659	15.6875
1572	3134	15.6875
1572	3445	15.6875
1572	4260	15.6875
1572	3051	15.625
1572	4805	15.625
1572	568	15.625
1572	842	15.625
1572	3451	15.5625
1572	1238	15.5
1572	2634	15.5
1572	3316	15.5
1572	3387	15.5
1572	3594	15.5
1572	3661	15.5
1572	4027	15.5
1572	4266	15.5
1572	5177	15.5
1572	837	15.5
1572	2227	15.4375
1572	2637	15.4375
1572	2904	15.4375
1573	441	32.25
1573	442	31.375
1573	446	30
1573	437	29.875
1573	449	29.75
1573	444	29
1573	414	28.875
1573	481	28.75
1573	451	28.625
1573	448	28.5
1573	610	28.375
1573	643	28.375
1573	438	28.25
1573	576	28.25
1573	609	28.25
1573	589	28.125
1573	443	28
1573	642	28
1573	402	27.875
1573	382	27.75
1573	415	27.75
1573	479	27.75
1573	553	27.75
1573	575	27.75
1573	645	27.75
1573	346	27.625
1573	416	27.625
1573	462	27.625
1573	470	27.625
1573	6	27.625
1573	644	27.625
1573	418	27.5
1573	463	27.5
1573	532	27.5
1573	605	27.5
1573	378	27.375
1573	405	27.375
1573	413	27.375
1573	614	27.375
1573	618	27.375
1573	658	27.375
1573	396	27.25
1573	641	27.25
1573	655	27.25
1573	2765	27.125
1573	319	27.125
1573	595	27.125
1573	620	27.125
1573	16	27
1573	324	27
1573	426	27
1573	484	27
1573	623	27
1573	278	26.875
1573	356	26.875
1573	389	26.875
1573	424	26.875
1573	433	26.875
1573	606	26.875
1573	608	26.875
1573	640	26.875
1573	14	26.75
1573	2802	26.75
1573	337	26.75
1573	345	26.75
1573	354	26.75
1573	391	26.75
1573	394	26.75
1573	397	26.75
1573	401	26.75
1573	404	26.75
1573	410	26.75
1573	411	26.75
1573	435	26.75
1573	455	26.75
1573	500	26.75
1573	5229	26.75
1573	525	26.75
1573	616	26.75
1573	646	26.75
1573	8	26.75
1573	2686	26.625
1573	3	26.625
1573	306	26.625
1573	409	26.625
1573	419	26.625
1573	560	26.625
1573	570	26.625
1573	592	26.625
1573	475	26.5
1573	504	26.5
1573	515	26.5
1573	552	26.5
1573	590	26.5
1573	593	26.5
1573	333	26.375
1573	406	26.375
1573	407	26.375
1573	427	26.375
1573	456	26.375
1574	632	17
1574	628	16.5
1574	629	16.25
1574	3610	15.75
1574	616	15.75
1574	633	15.4375
1574	4835	15.375
1574	841	15.375
1574	3326	15.3125
1574	4836	15.1875
1574	626	15.125
1574	559	15.0625
1574	576	15.0625
1574	631	14.9375
1574	832	14.8125
1574	5155	14.75
1574	3662	14.6875
1574	948	14.6875
1574	636	14.625
1574	630	14.5625
1574	824	14.5625
1574	1020	14.5
1574	634	14.5
1574	5177	14.4375
1574	647	14.4375
1574	2872	14.375
1574	4814	14.375
1574	870	14.375
1574	1015	14.3125
1574	2947	14.25
1574	4806	14.25
1574	5211	14.25
1574	3042	14.1875
1574	641	14.1875
1574	3699	14.125
1574	44	14.125
1574	2745	14.0625
1574	2980	14
1574	2989	14
1574	3664	14
1574	3711	14
1574	2657	13.9375
1574	2768	13.9375
1574	4702	13.9375
1574	5183	13.9375
1574	2714	13.875
1574	3088	13.875
1574	3268	13.875
1574	5101	13.875
1574	5115	13.875
1574	2744	13.8125
1574	3659	13.8125
1574	3666	13.8125
1574	4640	13.8125
1574	581	13.8125
1574	739	13.8125
1574	1077	13.75
1574	2916	13.75
1574	3003	13.75
1574	3213	13.75
1574	3217	13.75
1574	3638	13.75
1574	3712	13.75
1574	5106	13.75
1574	635	13.75
1574	3040	13.6875
1574	3426	13.6875
1574	3645	13.6875
1574	4680	13.6875
1574	5142	13.6875
1574	5207	13.6875
1574	5241	13.6875
1574	593	13.6875
1574	1134	13.625
1574	2516	13.625
1574	2527	13.625
1574	2976	13.625
1574	3686	13.625
1574	4961	13.625
1574	5112	13.625
1574	639	13.625
1574	2734	13.5625
1574	2735	13.5625
1574	3041	13.5625
1574	3663	13.5625
1574	5163	13.5625
1574	5173	13.5625
1574	5179	13.5625
1574	833	13.5625
1574	2639	13.5
1574	2829	13.5
1574	2882	13.5
1574	3046	13.5
1574	3223	13.5
1574	3308	13.5
1574	3446	13.5
1574	4651	13.5
1574	4730	13.5
1574	5144	13.5
1574	908	13.5
1575	346	30.125
1575	340	29.5
1575	339	29.375
1575	347	29.25
1575	319	29
1575	334	28.875
1575	321	28.75
1575	336	28.75
1575	337	28.5
1575	552	28.5
1575	333	28.375
1575	306	27.875
1575	332	27.875
1575	2512	27.75
1575	2513	27.25
1575	2676	27.125
1575	595	27
1575	645	27
1575	650	27
1575	2689	26.875
1575	320	26.875
1575	358	26.875
1575	391	26.75
1575	610	26.75
1575	2510	26.625
1575	2791	26.5
1575	606	26.5
1575	619	26.5
1575	2444	26.375
1575	345	26.375
1575	363	26.375
1575	601	26.375
1575	2668	26.25
1575	2677	26.25
1575	2685	26.25
1575	2687	26.25
1575	325	26.25
1575	2643	26.125
1575	315	26.125
1575	429	26.125
1575	5159	26.125
1575	644	26.125
1575	354	26
1575	416	26
1575	624	26
1575	2447	25.875
1575	2675	25.875
1575	314	25.875
1575	5164	25.875
1575	642	25.875
1575	2644	25.75
1575	2686	25.75
1575	2803	25.75
1575	294	25.75
1575	324	25.75
1575	357	25.75
1575	575	25.75
1575	585	25.75
1575	2450	25.625
1575	2455	25.625
1575	2503	25.625
1575	2690	25.625
1575	2705	25.625
1575	323	25.625
1575	432	25.625
1575	2441	25.5
1575	553	25.5
1575	609	25.5
1575	279	25.375
1575	290	25.375
1575	5156	25.375
1575	2504	25.25
1575	2652	25.25
1575	2688	25.25
1575	326	25.25
1575	348	25.25
1575	351	25.25
1575	412	25.25
1575	5160	25.25
1575	599	25.25
1575	648	25.25
1575	658	25.25
1575	176	25.125
1575	2448	25.125
1575	2645	25.125
1575	385	25.125
1575	394	25.125
1575	409	25.125
1575	415	25.125
1575	492	25.125
1575	2443	25
1575	2453	25
1575	2714	25
1575	4948	25
1575	5165	25
1575	588	25
1575	6	25
1575	614	25
1575	7	25
1575	2451	24.875
1576	298	26.125
1576	562	25.75
1576	641	25.625
1576	560	25.25
1576	12	24.875
1576	422	24.875
1576	558	24.5
1576	646	24
1576	618	23.875
1576	487	23.75
1576	651	23.625
1576	426	23.5
1576	654	23.5
1576	503	23
1576	540	23
1576	406	22.875
1576	444	22.875
1576	449	22.875
1576	4941	22.875
1576	13	22.75
1576	400	22.75
1576	565	22.75
1576	614	22.75
1576	552	22.625
1576	576	22.625
1576	609	22.625
1576	16	22.5
1576	393	22.5
1576	389	22.375
1576	549	22.375
1576	601	22.375
1576	650	22.375
1576	561	22.125
1576	3096	22
1576	2	21.875
1576	432	21.875
1576	657	21.875
1576	627	21.75
1576	642	21.75
1576	227	21.625
1576	3024	21.625
1576	606	21.625
1576	655	21.625
1576	2686	21.5
1576	276	21.5
1576	428	21.5
1576	643	21.5
1576	192	21.375
1576	2734	21.375
1576	2805	21.375
1576	3060	21.375
1576	3097	21.375
1576	404	21.375
1576	4925	21.375
1576	499	21.375
1576	652	21.375
1576	226	21.25
1576	2727	21.25
1576	2782	21.25
1576	282	21.25
1576	2823	21.25
1576	3131	21.25
1576	3494	21.25
1576	435	21.25
1576	5171	21.25
1576	2398	21.125
1576	3014	21.125
1576	3137	21.125
1576	409	21.125
1576	548	21.125
1576	600	21.125
1576	644	21.125
1576	2358	21
1576	3002	21
1576	3045	21
1576	3156	21
1576	557	21
1576	571	21
1576	599	21
1576	611	21
1576	647	21
1576	716	21
1576	224	20.875
1576	241	20.875
1576	2503	20.875
1576	2685	20.875
1576	281	20.875
1576	3577	20.875
1576	385	20.875
1576	455	20.875
1576	4934	20.875
1576	563	20.875
1576	598	20.875
1576	619	20.875
1576	632	20.875
1576	648	20.875
1576	225	20.75
1576	2706	20.75
1576	2764	20.75
1576	338	20.75
1577	2830	23.5
1577	3257	23.375
1577	3259	23
1577	5050	22.75
1577	3268	22.625
1577	2741	22.25
1577	3355	22.25
1577	4977	22.25
1577	5121	22.25
1577	5138	22.25
1577	916	22.25
1577	3838	22.125
1577	5095	22.125
1577	5146	22.125
1577	3330	22
1577	3357	22
1577	4101	22
1577	5173	22
1577	1021	21.75
1577	3228	21.75
1577	3426	21.75
1577	5181	21.75
1577	3269	21.625
1577	3352	21.625
1577	3354	21.625
1577	3527	21.625
1577	5119	21.625
1577	3028	21.5
1577	960	21.5
1577	3356	21.375
1577	3460	21.375
1577	4829	21.375
1577	4979	21.375
1577	2834	21.25
1577	3008	21.25
1577	3264	21.25
1577	3270	21.25
1577	3272	21.25
1577	3362	21.25
1577	3444	21.25
1577	3536	21.25
1577	4286	21.25
1577	5113	21.25
1577	834	21.25
1577	1071	21.125
1577	1313	21.125
1577	2829	21.125
1577	2840	21.125
1577	3174	21.125
1577	3309	21.125
1577	3455	21.125
1577	3830	21.125
1577	4799	21.125
1577	4830	21.125
1577	4933	21.125
1577	4971	21.125
1577	5134	21.125
1577	1070	21
1577	1075	21
1577	3047	21
1577	3053	21
1577	3218	21
1577	3500	21
1577	5049	21
1577	5154	21
1577	2971	20.875
1577	3266	20.875
1577	3509	20.875
1577	4506	20.875
1577	4857	20.875
1577	4932	20.875
1577	5115	20.875
1577	5174	20.875
1577	1177	20.75
1577	2831	20.75
1577	3258	20.75
1577	3265	20.75
1577	3294	20.75
1577	3323	20.75
1577	4100	20.75
1577	5048	20.75
1577	5143	20.75
1577	755	20.75
1577	3252	20.625
1577	3262	20.625
1577	3305	20.625
1577	3310	20.625
1577	3670	20.625
1577	3747	20.625
1577	5044	20.625
1577	1020	20.5
1577	2832	20.5
1577	2835	20.5
1577	2968	20.5
1577	2977	20.5
1577	2978	20.5
1577	3181	20.5
1577	3186	20.5
1577	3217	20.5
1577	3267	20.5
1578	12	21.625
1578	646	21.375
1578	298	20.875
1578	422	20.875
1578	641	20.75
1578	643	20.5
1578	570	20.375
1578	6	20
1578	616	20
1578	13	19.875
1578	426	19.875
1578	644	19.875
1578	282	19.75
1578	655	19.625
1578	16	19.5
1578	276	19.5
1578	647	19.5
1578	0	19.375
1578	540	19.375
1578	548	19.25
1578	589	19.25
1578	593	19.25
1578	627	19.25
1578	642	19.25
1578	650	19.25
1578	2	19.125
1578	289	19.125
1578	600	19.125
1578	601	19.125
1578	645	19.125
1578	648	19.125
1578	536	19
1578	571	19
1578	394	18.875
1578	594	18.875
1578	4	18.75
1578	444	18.75
1578	539	18.75
1578	599	18.75
1578	281	18.625
1578	456	18.625
1578	654	18.625
1578	432	18.5
1578	598	18.5
1578	636	18.5
1578	17	18.375
1578	283	18.375
1578	5	18.375
1578	576	18.375
1578	577	18.375
1578	389	18.25
1578	398	18.25
1578	429	18.25
1578	614	18.25
1578	618	18.25
1578	651	18.25
1578	286	18.125
1578	406	18.125
1578	4935	18.125
1578	619	18.125
1578	280	18
1578	372	18
1578	487	18
1578	628	18
1578	638	18
1578	652	18
1578	2321	17.875
1578	3	17.875
1578	376	17.875
1578	428	17.875
1578	451	17.875
1578	625	17.875
1578	2731	17.75
1578	449	17.75
1578	409	17.625
1578	411	17.625
1578	457	17.625
1578	533	17.625
1578	582	17.625
1578	609	17.625
1578	623	17.625
1578	637	17.625
1578	400	17.5
1578	402	17.5
1578	442	17.5
1578	452	17.5
1578	524	17.5
1578	525	17.5
1578	595	17.5
1578	596	17.5
1578	2423	17.375
1578	290	17.375
1578	293	17.375
1578	387	17.375
1578	393	17.375
1578	399	17.375
1578	404	17.375
1578	420	17.375
1578	427	17.375
1578	464	17.375
1579	99	16.25
1579	66	15.5
1579	44	15.375
1579	262	15.25
1579	57	15
1579	164	14.875
1579	176	14.875
1579	191	14.8125
1579	172	14.75
1579	250	14.75
1579	218	14.6875
1579	55	14.6875
1579	68	14.6875
1579	161	14.625
1579	182	14.625
1579	186	14.625
1579	349	14.625
1579	428	14.625
1579	548	14.625
1579	214	14.5625
1579	1090	14.5
1579	187	14.5
1579	189	14.5
1579	229	14.5
1579	235	14.5
1579	251	14.5
1579	4226	14.5
1579	190	14.4375
1579	234	14.4375
1579	299	14.4375
1579	531	14.4375
1579	63	14.4375
1579	76	14.375
1579	193	14.3125
1579	3599	14.3125
1579	3810	14.3125
1579	4702	14.3125
1579	826	14.3125
1579	103	14.25
1579	163	14.25
1579	192	14.25
1579	2567	14.25
1579	4622	14.25
1579	52	14.25
1579	80	14.25
1579	114	14.1875
1579	148	14.1875
1579	210	14.1875
1579	2333	14.1875
1579	125	14.125
1579	1362	14.125
1579	222	14.125
1579	2319	14.125
1579	156	14.0625
1579	216	14.0625
1579	2390	14.0625
1579	5187	14.0625
1579	2298	14
1579	2330	13.9375
1579	4925	13.9375
1579	716	13.9375
1579	135	13.875
1579	139	13.875
1579	154	13.875
1579	223	13.875
1579	2734	13.875
1579	4791	13.875
1579	65	13.875
1579	141	13.8125
1579	318	13.8125
1579	115	13.75
1579	132	13.75
1579	138	13.75
1579	3183	13.75
1579	84	13.75
1579	145	13.6875
1579	175	13.6875
1579	2318	13.6875
1579	2326	13.6875
1579	5073	13.6875
1579	170	13.625
1579	2997	13.625
1579	3180	13.625
1579	79	13.625
1579	91	13.625
1579	92	13.625
1579	93	13.625
1579	2362	13.5625
1579	2381	13.5625
1579	2393	13.5625
1579	2551	13.5625
1579	3673	13.5625
1579	4628	13.5625
1579	4929	13.5625
1579	4938	13.5625
1579	5084	13.5625
1579	5185	13.5625
1579	85	13.5625
1579	88	13.5625
1579	110	13.5
1580	5097	26.125
1580	5157	26.125
1580	5100	26
1580	5154	25.75
1580	5099	25.625
1580	2966	25.375
1580	5098	25.375
1580	3324	25.125
1580	2802	24.625
1580	2916	24.5
1580	3254	24.375
1580	5149	24.25
1580	1322	24
1580	4799	24
1580	3200	23.875
1580	2825	23.75
1580	3359	23.75
1580	2767	23.625
1580	3205	23.625
1580	4931	23.625
1580	2693	23.5
1580	3202	23.5
1580	5095	23.5
1580	3197	23.375
1580	3218	23.375
1580	3253	23.375
1580	5139	23.25
1580	5164	23.25
1580	1645	23.125
1580	5106	23.125
1580	5134	23.125
1580	5148	23.125
1580	5155	23.125
1580	5176	23.125
1580	5194	23.125
1580	2639	23
1580	2642	23
1580	2689	23
1580	3157	23
1580	3252	23
1580	5145	23
1580	2988	22.875
1580	3195	22.875
1580	474	22.875
1580	4838	22.875
1580	4947	22.875
1580	5019	22.875
1580	5052	22.875
1580	5071	22.875
1580	5112	22.875
1580	5240	22.875
1580	2510	22.75
1580	2686	22.75
1580	2692	22.75
1580	3010	22.75
1580	3196	22.75
1580	3223	22.75
1580	3255	22.75
1580	4979	22.75
1580	4996	22.75
1580	831	22.75
1580	2470	22.625
1580	2713	22.625
1580	2772	22.625
1580	3204	22.625
1580	3228	22.625
1580	3321	22.625
1580	4803	22.625
1580	5152	22.625
1580	617	22.625
1580	1713	22.5
1580	2029	22.5
1580	229	22.5
1580	2653	22.5
1580	2876	22.5
1580	2967	22.5
1580	3002	22.5
1580	3003	22.5
1580	3008	22.5
1580	3213	22.5
1580	5109	22.5
1580	834	22.5
1580	1752	22.375
1580	2743	22.375
1580	2755	22.375
1580	2881	22.375
1580	3192	22.375
1580	3300	22.375
1580	4982	22.375
1580	5102	22.375
1580	5113	22.375
1580	5127	22.375
1580	5153	22.375
1580	5156	22.375
1580	5241	22.375
1580	1094	22.25
1580	1240	22.25
1580	1659	22.25
1580	2503	22.25
1580	2543	22.25
1581	4966	30.125
1581	4967	29.75
1581	4994	29.125
1581	4969	28.875
1581	4953	28.625
1581	4961	28.625
1581	4907	28.25
1581	4964	28.25
1581	4995	28.25
1581	4957	27.75
1581	4965	27.75
1581	4993	27.625
1581	4997	27.625
1581	4959	27.5
1581	4976	27.5
1581	4991	27.5
1581	5203	27.25
1581	4929	27.125
1581	4950	27.125
1581	4960	27.125
1581	5000	27.125
1581	4992	27
1581	5228	27
1581	4952	26.875
1581	4979	26.875
1581	4983	26.875
1581	4980	26.75
1581	4984	26.75
1581	4896	26.625
1581	4956	26.625
1581	5204	26.625
1581	4972	26.5
1581	4986	26.5
1581	4918	26.375
1581	4968	26.375
1581	5005	26.375
1581	5171	26.375
1581	5205	26.25
1581	4977	26.125
1581	4998	26.125
1581	5195	26.125
1581	2816	26
1581	5152	26
1581	5011	25.875
1581	5077	25.875
1581	4971	25.75
1581	5078	25.75
1581	5196	25.75
1581	5008	25.625
1581	5155	25.625
1581	5192	25.625
1581	4982	25.5
1581	5146	25.5
1581	5010	25.375
1581	5145	25.375
1581	5190	25.375
1581	4955	25.25
1581	5025	25.25
1581	5174	25.25
1581	4873	25.125
1581	4931	25.125
1581	4938	25.125
1581	5135	25.125
1581	5185	25.125
1581	2817	25
1581	4941	25
1581	4970	25
1581	5002	25
1581	5020	25
1581	5044	25
1581	5073	25
1581	5150	25
1581	4837	24.875
1581	4958	24.875
1581	4963	24.875
1581	5041	24.875
1581	5194	24.875
1581	5202	24.875
1581	2820	24.75
1581	4870	24.75
1581	4876	24.75
1581	4927	24.75
1581	5012	24.75
1581	5149	24.75
1581	5156	24.75
1581	5176	24.75
1581	3817	24.625
1581	4925	24.625
1581	4932	24.625
1581	4935	24.625
1581	4936	24.625
1581	4975	24.625
1581	5018	24.625
1581	5043	24.625
1581	5074	24.625
1581	5236	24.625
1581	3884	24.5
1581	4900	24.5
1581	4948	24.5
1581	5019	24.5
1582	3709	19.875
1582	3543	19.75
1582	3546	19.625
1582	4847	19.625
1582	4632	19.5
1582	3540	19.375
1582	5211	19.375
1582	3542	19.25
1582	3545	19.25
1582	4809	19.25
1582	3707	19.125
1582	5136	19
1582	5206	19
1582	5212	18.75
1582	5213	18.75
1582	3698	18.625
1582	3735	18.625
1582	4977	18.625
1582	3320	18.5
1582	3687	18.5
1582	4806	18.5
1582	4835	18.5
1582	4812	18.375
1582	5210	18.375
1582	3541	18.25
1582	3562	18.25
1582	3582	18.25
1582	4858	18.25
1582	5209	18.25
1582	2975	18.125
1582	3122	18.125
1582	3554	18.125
1582	3732	18.125
1582	4495	18.125
1582	5149	18.125
1582	3035	18
1582	3553	18
1582	3673	18
1582	4784	18
1582	4918	18
1582	1194	17.875
1582	3611	17.875
1582	3668	17.875
1582	3725	17.875
1582	4633	17.875
1582	4813	17.875
1582	5222	17.875
1582	2016	17.75
1582	2470	17.75
1582	3067	17.75
1582	3547	17.75
1582	3584	17.75
1582	3714	17.75
1582	4181	17.75
1582	4757	17.75
1582	4795	17.75
1582	4803	17.75
1582	4804	17.75
1582	5217	17.75
1582	1205	17.625
1582	2079	17.625
1582	3168	17.625
1582	3313	17.625
1582	3354	17.625
1582	3389	17.625
1582	3399	17.625
1582	3605	17.625
1582	3614	17.625
1582	3741	17.625
1582	4848	17.625
1582	2003	17.5
1582	3580	17.5
1582	3724	17.5
1582	3730	17.5
1582	5148	17.5
1582	1994	17.375
1582	2780	17.375
1582	3003	17.375
1582	3157	17.375
1582	3191	17.375
1582	3250	17.375
1582	3291	17.375
1582	3533	17.375
1582	3538	17.375
1582	3573	17.375
1582	3583	17.375
1582	3612	17.375
1582	4798	17.375
1582	5051	17.375
1582	1602	17.25
1582	2018	17.25
1582	2770	17.25
1582	3097	17.25
1582	3206	17.25
1582	3218	17.25
1582	3297	17.25
1582	3525	17.25
1582	3568	17.25
1582	3602	17.25
1582	3650	17.25
1583	5241	22.375
1583	5240	22.25
1583	4863	22.125
1583	5220	21.375
1583	5238	20.75
1583	5225	20.625
1583	5227	20
1583	5235	20
1583	5218	19.875
1583	5223	19.75
1583	3620	19.625
1583	5234	19.625
1583	5221	19.5
1583	5224	19.5
1583	1226	19.375
1583	2759	19.375
1583	3533	19.375
1583	4663	19.375
1583	5207	19.375
1583	5230	19.375
1583	2788	19.25
1583	3618	19.25
1583	5112	19.25
1583	5231	19.25
1583	1368	19.125
1583	2644	19.125
1583	3619	19.125
1583	4994	19.125
1583	1341	19
1583	4669	19
1583	5232	19
1583	2750	18.875
1583	2798	18.875
1583	4661	18.875
1583	5020	18.875
1583	5149	18.875
1583	5174	18.875
1583	2802	18.75
1583	3819	18.75
1583	4950	18.75
1583	5139	18.75
1583	5188	18.75
1583	5239	18.75
1583	2470	18.625
1583	253	18.625
1583	2776	18.625
1583	3552	18.625
1583	3678	18.625
1583	4651	18.625
1583	4665	18.625
1583	5010	18.625
1583	5153	18.625
1583	5154	18.625
1583	5219	18.625
1583	1288	18.5
1583	1758	18.5
1583	2190	18.5
1583	2751	18.5
1583	2769	18.5
1583	3703	18.5
1583	4910	18.5
1583	4957	18.5
1583	5117	18.5
1583	5132	18.5
1583	5141	18.5
1583	5150	18.5
1583	2277	18.375
1583	2558	18.375
1583	2704	18.375
1583	2842	18.375
1583	2970	18.375
1583	3433	18.375
1583	3436	18.375
1583	3616	18.375
1583	3724	18.375
1583	5106	18.375
1583	1237	18.25
1583	2262	18.25
1583	2471	18.25
1583	2543	18.25
1583	2763	18.25
1583	2954	18.25
1583	2958	18.25
1583	2981	18.25
1583	5148	18.25
1583	5228	18.25
1583	1194	18.125
1583	2468	18.125
1583	255	18.125
1583	2822	18.125
1583	2926	18.125
1583	3227	18.125
1583	3604	18.125
1583	3617	18.125
1583	4530	18.125
1583	4935	18.125
1583	4961	18.125
1583	4967	18.125
1583	5017	18.125
1583	5126	18.125
1584	3208	32.75
1584	3246	32.5
1584	3212	31.125
1584	3247	30.5
1584	3211	28.875
1584	4797	28
1584	3181	27.625
1584	2989	27.5
1584	3213	27.125
1584	3215	26.875
1584	4798	26.75
1584	3220	26.5
1584	3156	26.375
1584	3184	26.25
1584	3194	26.25
1584	3209	26.25
1584	3730	26.25
1584	2873	26.125
1584	3199	26.125
1584	3311	26.125
1584	3487	26.125
1584	4786	26
1584	1356	25.875
1584	1357	25.875
1584	3000	25.875
1584	3002	25.875
1584	3226	25.875
1584	3308	25.75
1584	3135	25.625
1584	3210	25.625
1584	3248	25.625
1584	3320	25.625
1584	4519	25.625
1584	5052	25.625
1584	1195	25.5
1584	230	25.5
1584	2688	25.5
1584	2881	25.5
1584	3493	25.5
1584	4805	25.5
1584	1286	25.375
1584	3250	25.375
1584	3844	25.375
1584	4692	25.375
1584	3216	25.25
1584	3380	25.25
1584	3542	25.25
1584	3575	25.25
1584	4467	25.25
1584	4804	25.25
1584	484	25.25
1584	2693	25.125
1584	2742	25.125
1584	3207	25.125
1584	3219	25.125
1584	3222	25.125
1584	3223	25.125
1584	3580	25.125
1584	4799	25.125
1584	492	25.125
1584	256	25
1584	2841	25
1584	2870	25
1584	3003	25
1584	3196	25
1584	3201	25
1584	3218	25
1584	3228	25
1584	3259	25
1584	3392	25
1584	3579	25
1584	4803	25
1584	684	25
1584	1285	24.875
1584	1603	24.875
1584	2081	24.875
1584	2781	24.875
1584	2867	24.875
1584	3122	24.875
1584	3191	24.875
1584	3217	24.875
1584	3235	24.875
1584	3365	24.875
1584	3386	24.875
1584	3425	24.875
1584	3537	24.875
1584	3572	24.875
1584	3666	24.875
1584	4476	24.875
1584	4793	24.875
1584	1194	24.75
1584	1282	24.75
1584	2254	24.75
1584	2828	24.75
1584	2840	24.75
1584	3008	24.75
1584	3453	24.75
1584	3705	24.75
1584	3732	24.75
1584	3838	24.75
1585	3038	25
1585	3149	24.125
1585	4780	24.125
1585	5059	24.125
1585	3473	23.875
1585	3072	23.75
1585	3169	23.75
1585	2972	23.625
1585	3005	23.625
1585	3472	23.5
1585	4781	23.5
1585	2853	23.375
1585	3154	23.375
1585	3347	23.375
1585	5057	23.375
1585	2858	23.25
1585	2961	23.25
1585	3464	23.25
1585	4770	23.25
1585	4777	23.25
1585	3299	23.125
1585	3468	23.125
1585	3480	23.125
1585	5060	22.875
1585	2859	22.75
1585	2881	22.75
1585	4779	22.75
1585	5054	22.75
1585	3083	22.625
1585	3160	22.625
1585	3173	22.625
1585	3754	22.625
1585	2854	22.5
1585	2994	22.5
1585	3019	22.5
1585	4768	22.5
1585	5052	22.5
1585	5067	22.5
1585	2843	22.375
1585	2849	22.375
1585	2878	22.375
1585	3020	22.375
1585	3061	22.375
1585	4823	22.375
1585	2828	22.25
1585	2882	22.25
1585	3153	22.25
1585	3172	22.25
1585	3309	22.25
1585	3364	22.25
1585	3484	22.25
1585	5056	22.25
1585	2757	22.125
1585	2968	22.125
1585	2973	22.125
1585	3024	22.125
1585	3293	22.125
1585	3353	22.125
1585	3467	22.125
1585	4767	22.125
1585	2830	22
1585	2875	22
1585	2898	22
1585	3116	22
1585	3174	22
1585	3351	22
1585	3363	22
1585	3456	22
1585	3462	22
1585	4772	22
1585	5069	22
1585	5070	22
1585	2855	21.875
1585	2870	21.875
1585	2977	21.875
1585	3016	21.875
1585	3339	21.875
1585	3358	21.875
1585	3443	21.875
1585	3469	21.875
1585	3474	21.875
1585	3715	21.875
1585	4775	21.875
1585	4851	21.875
1585	1610	21.75
1585	2891	21.75
1585	2896	21.75
1585	2909	21.75
1585	3152	21.75
1585	3161	21.75
1585	3166	21.75
1585	3352	21.75
1585	3372	21.75
1585	3386	21.75
1585	3685	21.75
1585	2880	21.625
1585	2947	21.625
1585	2976	21.625
1585	3301	21.625
1585	3387	21.625
1586	1049	34.5
1586	1028	34.25
1586	1034	34.25
1586	1024	33.5
1586	1031	33.5
1586	1045	33.25
1586	1041	33
1586	803	33
1586	773	32.5
1586	1032	32.25
1586	1040	32.25
1586	1037	32
1586	804	32
1586	919	32
1586	1082	31.875
1586	1064	31.75
1586	1026	31.5
1586	1042	31.375
1586	838	31.375
1586	872	31.375
1586	2943	31.25
1586	776	31.25
1586	923	31.25
1586	767	31.125
1586	783	31.125
1586	827	31.125
1586	1083	31
1586	3099	31
1586	1043	30.875
1586	4963	30.875
1586	5145	30.875
1586	793	30.875
1586	821	30.875
1586	926	30.875
1586	3696	30.75
1586	4057	30.75
1586	4072	30.75
1586	829	30.75
1586	1025	30.625
1586	1027	30.625
1586	4032	30.625
1586	46	30.625
1586	918	30.625
1586	1030	30.5
1586	1084	30.5
1586	3941	30.5
1586	836	30.5
1586	766	30.375
1586	77	30.375
1586	1036	30.25
1586	2443	30.25
1586	3403	30.25
1586	3879	30.25
1586	4050	30.25
1586	4062	30.25
1586	755	30.25
1586	822	30.25
1586	2816	30.125
1586	2871	30.125
1586	3880	30.125
1586	4010	30.125
1586	4070	30.125
1586	4992	30.125
1586	824	30.125
1586	1065	30
1586	3207	30
1586	3867	30
1586	4064	30
1586	4731	30
1586	814	30
1586	915	30
1586	922	30
1586	2444	29.875
1586	2455	29.875
1586	2817	29.875
1586	3059	29.875
1586	3811	29.875
1586	4074	29.875
1586	4076	29.875
1586	869	29.875
1586	925	29.875
1586	2543	29.75
1586	3002	29.75
1586	3123	29.75
1586	3813	29.75
1586	4061	29.75
1586	4066	29.75
1586	4718	29.75
1586	765	29.75
1586	782	29.75
1586	837	29.75
1586	960	29.75
1586	3078	29.625
1586	3808	29.625
1586	3821	29.625
1586	4681	29.625
1586	4740	29.625
1586	5155	29.625
1586	959	29.625
1586	2548	29.5
1587	5039	23.375
1587	5034	22.75
1587	5038	22.625
1587	5032	22.5
1587	5041	22.25
1587	5030	22
1587	5037	21.875
1587	3580	21.75
1587	5035	21.75
1587	5042	21.75
1587	3564	21.625
1587	3591	21.625
1587	3758	21.625
1587	3587	21.5
1587	5036	21.375
1587	2792	21.125
1587	2834	21.125
1587	3596	21.125
1587	2969	21
1587	3269	21
1587	3369	21
1587	3585	21
1587	3754	21
1587	5216	21
1587	5228	21
1587	2977	20.875
1587	3586	20.875
1587	5026	20.875
1587	2835	20.75
1587	3402	20.75
1587	3668	20.75
1587	4820	20.75
1587	5011	20.75
1587	5015	20.75
1587	2836	20.625
1587	2960	20.625
1587	2978	20.625
1587	3030	20.625
1587	3568	20.625
1587	3570	20.625
1587	3575	20.625
1587	4816	20.625
1587	5172	20.625
1587	5214	20.625
1587	2956	20.5
1587	3185	20.5
1587	3592	20.5
1587	3731	20.5
1587	5132	20.5
1587	5141	20.5
1587	2757	20.375
1587	2789	20.375
1587	2974	20.375
1587	3083	20.375
1587	3272	20.375
1587	3652	20.375
1587	3725	20.375
1587	4961	20.375
1587	5014	20.375
1587	5127	20.375
1587	5221	20.375
1587	2940	20.25
1587	3430	20.25
1587	3549	20.25
1587	3551	20.25
1587	4829	20.25
1587	4834	20.25
1587	5022	20.25
1587	5025	20.25
1587	5028	20.25
1587	5094	20.25
1587	5209	20.25
1587	2758	20.125
1587	2971	20.125
1587	3073	20.125
1587	3314	20.125
1587	3554	20.125
1587	3558	20.125
1587	3590	20.125
1587	3615	20.125
1587	3659	20.125
1587	3757	20.125
1587	4819	20.125
1587	4837	20.125
1587	5010	20.125
1587	5017	20.125
1587	5093	20.125
1587	5237	20.125
1587	1044	20
1587	1098	20
1587	2831	20
1587	2866	20
1587	2904	20
1587	2907	20
1587	2943	20
1587	2970	20
1587	3222	20
1587	3431	20
1587	3548	20
1587	3595	20
1588	326	29.625
1588	340	29.5
1588	347	28.75
1588	315	28
1588	333	27.875
1588	346	27.875
1588	339	27.75
1588	334	27.625
1588	2634	27.5
1588	2504	27.375
1588	2637	27.375
1588	2685	27.375
1588	358	27.125
1588	325	27
1588	336	27
1588	609	27
1588	2676	26.875
1588	323	26.875
1588	324	26.875
1588	463	26.875
1588	552	26.875
1588	588	26.875
1588	656	26.875
1588	581	26.75
1588	614	26.75
1588	2641	26.625
1588	644	26.625
1588	2446	26.5
1588	2692	26.5
1588	295	26.5
1588	320	26.5
1588	534	26.5
1588	619	26.5
1588	2638	26.375
1588	317	26.375
1588	332	26.375
1588	345	26.375
1588	354	26.375
1588	2510	26.25
1588	2642	26.25
1588	319	26.25
1588	618	26.25
1588	163	26.125
1588	2451	26.125
1588	356	26.125
1588	457	26.125
1588	460	26.125
1588	557	26.125
1588	2441	26
1588	2502	26
1588	2650	26
1588	2689	26
1588	321	26
1588	410	26
1588	414	26
1588	575	26
1588	599	26
1588	2452	25.875
1588	2512	25.875
1588	416	25.875
1588	456	25.875
1588	503	25.875
1588	5159	25.875
1588	577	25.875
1588	603	25.875
1588	2444	25.75
1588	2632	25.75
1588	2640	25.75
1588	2677	25.75
1588	289	25.75
1588	337	25.75
1588	357	25.75
1588	378	25.75
1588	412	25.75
1588	485	25.75
1588	492	25.75
1588	595	25.75
1588	602	25.75
1588	2503	25.625
1588	2663	25.625
1588	2687	25.625
1588	458	25.625
1588	608	25.625
1588	2644	25.5
1588	2645	25.5
1588	402	25.5
1588	437	25.5
1588	501	25.5
1588	561	25.5
1588	610	25.5
1588	647	25.5
1588	2507	25.375
1588	2672	25.375
1588	385	25.375
1588	407	25.375
1588	442	25.375
1588	475	25.375
1588	558	25.375
1588	562	25.375
1588	590	25.375
1589	378	25
1589	437	25
1589	416	24.875
1589	394	24.625
1589	446	24.25
1589	492	24.25
1589	508	24.25
1589	518	24.25
1589	541	24.25
1589	557	24.25
1589	533	24.125
1589	402	24
1589	501	24
1589	312	23.875
1589	359	23.75
1589	472	23.75
1589	503	23.75
1589	391	23.625
1589	463	23.5
1589	424	23.375
1589	475	23.375
1589	618	23.375
1589	2676	23.25
1589	500	23.25
1589	429	23.125
1589	490	23.125
1589	534	23.125
1589	2442	23
1589	2446	23
1589	407	23
1589	420	23
1589	491	23
1589	504	23
1589	235	22.875
1589	3	22.875
1589	499	22.875
1589	2447	22.75
1589	253	22.75
1589	2673	22.75
1589	321	22.75
1589	386	22.75
1589	458	22.75
1589	507	22.75
1589	609	22.75
1589	2450	22.625
1589	261	22.625
1589	390	22.625
1589	415	22.625
1589	476	22.625
1589	602	22.625
1589	163	22.5
1589	2448	22.5
1589	2451	22.5
1589	399	22.5
1589	496	22.5
1589	525	22.5
1589	526	22.5
1589	529	22.5
1589	2677	22.375
1589	485	22.375
1589	843	22.375
1589	317	22.25
1589	356	22.25
1589	412	22.25
1589	414	22.25
1589	479	22.25
1589	482	22.25
1589	487	22.25
1589	505	22.25
1589	2441	22.125
1589	2548	22.125
1589	2618	22.125
1589	2672	22.125
1589	396	22.125
1589	599	22.125
1589	631	22.125
1589	644	22.125
1589	645	22.125
1589	208	22
1589	219	22
1589	2449	22
1589	2452	22
1589	2470	22
1589	326	22
1589	4	22
1589	419	22
1589	431	22
1589	442	22
1589	5164	22
1589	162	21.875
1589	191	21.875
1589	214	21.875
1589	230	21.875
1589	2444	21.875
1589	2485	21.875
1589	2547	21.875
1589	2674	21.875
1589	2691	21.875
1589	320	21.875
1589	336	21.875
1590	336	21.625
1590	315	21.25
1590	346	21
1590	332	20.75
1590	324	20.375
1590	310	20
1590	534	19
1590	595	19
1590	317	18.75
1590	323	18.625
1590	326	18.375
1590	359	18.375
1590	2117	18.25
1590	407	18.25
1590	163	18.125
1590	2816	18.125
1590	345	18.125
1590	354	18.125
1590	173	18
1590	312	18
1590	161	17.875
1590	226	17.875
1590	552	17.875
1590	553	17.75
1590	2810	17.625
1590	2817	17.625
1590	306	17.625
1590	3807	17.625
1590	402	17.625
1590	4931	17.625
1590	2644	17.5
1590	502	17.5
1590	588	17.5
1590	1192	17.375
1590	218	17.375
1590	321	17.375
1590	4935	17.375
1590	4961	17.375
1590	4968	17.375
1590	1289	17.25
1590	1537	17.25
1590	2446	17.25
1590	593	17.25
1590	830	17.25
1590	1322	17.125
1590	1606	17.125
1590	2090	17.125
1590	234	17.125
1590	912	17.125
1590	1790	17
1590	2210	17
1590	2634	17
1590	2708	17
1590	340	17
1590	400	17
1590	463	17
1590	4633	17
1590	4874	17
1590	4964	17
1590	829	17
1590	843	17
1590	1809	16.875
1590	187	16.875
1590	2040	16.875
1590	2091	16.875
1590	215	16.875
1590	2208	16.875
1590	244	16.875
1590	333	16.875
1590	4027	16.875
1590	4123	16.875
1590	4660	16.875
1590	4923	16.875
1590	5150	16.875
1590	529	16.875
1590	557	16.875
1590	636	16.875
1590	866	16.875
1590	1323	16.75
1590	1540	16.75
1590	1556	16.75
1590	1846	16.75
1590	227	16.75
1590	2543	16.75
1590	257	16.75
1590	2770	16.75
1590	3302	16.75
1590	385	16.75
1590	519	16.75
1590	1078	16.625
1590	1481	16.625
1590	1602	16.625
1590	175	16.625
1590	1802	16.625
1590	2111	16.625
1590	2112	16.625
1590	2449	16.625
1590	2461	16.625
1590	2493	16.625
1590	2504	16.625
1591	548	16
1591	531	15.875
1591	594	15.875
1591	539	15.75
1591	389	15.625
1591	14	15.5
1591	299	15.375
1591	3109	15.375
1591	2506	15.3125
1591	3108	15.3125
1591	432	15.3125
1591	571	15.25
1591	3045	15.1875
1591	7	15.1875
1591	429	15.125
1591	6	15.125
1591	3111	15
1591	611	15
1591	612	15
1591	16	14.875
1591	2	14.875
1591	3106	14.875
1591	3103	14.8125
1591	570	14.8125
1591	3	14.75
1591	3095	14.75
1591	393	14.75
1591	428	14.6875
1591	451	14.625
1591	286	14.5625
1591	2145	14.5
1591	641	14.5
1591	8	14.5
1591	280	14.4375
1591	644	14.4375
1591	3107	14.375
1591	282	14.3125
1591	457	14.3125
1591	2335	14.25
1591	2648	14.1875
1591	654	14.1875
1591	13	14.125
1591	2304	14.125
1591	283	14.125
1591	616	14.125
1591	2578	14.0625
1591	293	14.0625
1591	5	14.0625
1591	406	14
1591	606	14
1591	2299	13.9375
1591	1018	13.8125
1591	295	13.8125
1591	449	13.75
1591	541	13.75
1591	716	13.75
1591	922	13.75
1591	2389	13.6875
1591	3032	13.6875
1591	560	13.6875
1591	278	13.625
1591	426	13.625
1591	599	13.625
1591	2315	13.5625
1591	5166	13.5625
1591	216	13.5
1591	2317	13.5
1591	629	13.5
1591	650	13.5
1591	2364	13.4375
1591	660	13.4375
1591	2319	13.375
1591	3077	13.375
1591	4934	13.375
1591	576	13.375
1591	1610	13.3125
1591	3075	13.3125
1591	3961	13.3125
1591	5169	13.3125
1591	632	13.3125
1591	2330	13.25
1591	2340	13.25
1591	2733	13.25
1591	281	13.25
1591	655	13.1875
1591	226	13.125
1591	2660	13.125
1591	3028	13.125
1591	3079	13.125
1591	4592	13.125
1591	619	13.125
1591	631	13.125
1591	719	13.125
1591	1088	13.0625
1591	1621	13.0625
1591	187	13.0625
1591	2139	13.0625
1591	222	13.0625
1591	3316	13.0625
1591	620	13.0625
1592	658	27.375
1592	346	27.25
1592	575	27.25
1592	336	27.125
1592	590	27
1592	603	27
1592	593	26.75
1592	608	26.75
1592	606	26.625
1592	595	26.5
1592	647	26.5
1592	599	26.375
1592	324	26.25
1592	332	26.25
1592	648	26.125
1592	557	26
1592	561	26
1592	617	26
1592	619	26
1592	656	26
1592	410	25.875
1592	551	25.875
1592	602	25.875
1592	618	25.875
1592	623	25.875
1592	2687	25.75
1592	315	25.75
1592	432	25.75
1592	552	25.75
1592	628	25.75
1592	2640	25.625
1592	2685	25.625
1592	2686	25.625
1592	306	25.625
1592	2644	25.5
1592	397	25.5
1592	581	25.5
1592	2504	25.375
1592	319	25.375
1592	396	25.375
1592	400	25.375
1592	562	25.375
1592	577	25.375
1592	638	25.375
1592	17	25.25
1592	354	25.25
1592	418	25.25
1592	5164	25.25
1592	650	25.25
1592	2634	25.125
1592	2652	25.125
1592	307	25.125
1592	413	25.125
1592	5159	25.125
1592	553	25.125
1592	570	25.125
1592	576	25.125
1592	589	25.125
1592	2645	25
1592	290	25
1592	317	25
1592	409	25
1592	433	25
1592	645	25
1592	13	24.875
1592	2642	24.875
1592	2665	24.875
1592	333	24.875
1592	460	24.875
1592	558	24.875
1592	560	24.875
1592	588	24.875
1592	592	24.875
1592	601	24.875
1592	604	24.875
1592	2446	24.75
1592	2650	24.75
1592	2667	24.75
1592	340	24.75
1592	438	24.75
1592	455	24.75
1592	624	24.75
1592	627	24.75
1592	2503	24.625
1592	312	24.625
1592	3545	24.625
1592	402	24.625
1592	435	24.625
1592	4931	24.625
1592	503	24.625
1592	585	24.625
1592	643	24.625
1592	2	24.5
1592	2510	24.5
1592	2656	24.5
1592	2670	24.5
1592	2689	24.5
1592	281	24.5
1592	323	24.5
1592	393	24.5
